ISO-10303-21;
HEADER;
FILE_DESCRIPTION (( 'STEP AP214' ),
    '1' );
FILE_NAME ('506AH.STEP',
    '2024-04-19T14:03:01',
    ( 'LENOVO' ),
    ( '' ),
    'SwSTEP 2.0',
    'SolidWorks 2021',
    '' );
FILE_SCHEMA (( 'AUTOMOTIVE_DESIGN' ));
ENDSEC;

DATA;
#1 = ORIENTED_EDGE ( 'NONE', *, *, #1754, .T. ) ;
#2 = AXIS2_PLACEMENT_3D ( 'NONE', #1703, #1438, #253 ) ;
#3 = CARTESIAN_POINT ( 'NONE',  ( 0.8000000000000000444, 0.2000000000000000111, 1.250000000000000000 ) ) ;
#4 = VECTOR ( 'NONE', #2048, 1000.000000000000000 ) ;
#5 = CARTESIAN_POINT ( 'NONE',  ( -1.100000000000000089, 0.7656854249492389686, 0.7500000000000000000 ) ) ;
#6 = FILL_AREA_STYLE_COLOUR ( '', #1949 ) ;
#7 = ORIENTED_EDGE ( 'NONE', *, *, #340, .F. ) ;
#8 = DIRECTION ( 'NONE',  ( 3.636041628507870698E-15, 0.000000000000000000, 1.000000000000000000 ) ) ;
#9 = FACE_OUTER_BOUND ( 'NONE', #625, .T. ) ;
#10 = CARTESIAN_POINT ( 'NONE',  ( -1.100000000000000089, 0.2000000000000000111, 1.149999999999999911 ) ) ;
#11 = VERTEX_POINT ( 'NONE', #749 ) ;
#12 = LINE ( 'NONE', #1447, #1733 ) ;
#13 = CARTESIAN_POINT ( 'NONE',  ( 1.500000000000000000, 6.242640687119290099, -1.500000000000000000 ) ) ;
#14 = EDGE_CURVE ( 'NONE', #2323, #365, #968, .T. ) ;
#15 = PLANE ( 'NONE',  #230 ) ;
#16 = ORIENTED_EDGE ( 'NONE', *, *, #397, .T. ) ;
#17 = VECTOR ( 'NONE', #162, 1000.000000000000000 ) ;
#18 = DIRECTION ( 'NONE',  ( 0.000000000000000000, -1.000000000000000000, 0.000000000000000000 ) ) ;
#19 = ORIENTED_EDGE ( 'NONE', *, *, #232, .T. ) ;
#20 = CARTESIAN_POINT ( 'NONE',  ( 1.100000000000000089, 0.7656854249492389686, -0.2000000000000035083 ) ) ;
#21 = VERTEX_POINT ( 'NONE', #1140 ) ;
#22 = CARTESIAN_POINT ( 'NONE',  ( -1.500000000000000000, 0.7656854249492389686, 1.149999999999999911 ) ) ;
#23 = FACE_OUTER_BOUND ( 'NONE', #1580, .T. ) ;
#24 = DIRECTION ( 'NONE',  ( 1.000000000000000000, 0.000000000000000000, -2.407279166357630105E-15 ) ) ;
#25 = DIRECTION ( 'NONE',  ( 0.000000000000000000, 1.000000000000000000, 0.000000000000000000 ) ) ;
#26 = CLOSED_SHELL ( 'NONE', ( #1341, #1254, #650, #1190, #922, #2106 ) ) ;
#27 = EDGE_CURVE ( 'NONE', #1343, #649, #1801, .T. ) ;
#28 = VECTOR ( 'NONE', #1310, 1000.000000000000000 ) ;
#29 = DIRECTION ( 'NONE',  ( -1.000000000000000000, 0.000000000000000000, 5.117784597571390006E-15 ) ) ;
#30 = PRODUCT_DEFINITION_FORMATION_WITH_SPECIFIED_SOURCE ( 'ANY', '', #1921, .NOT_KNOWN. ) ;
#31 = CARTESIAN_POINT ( 'NONE',  ( -0.5000000000000000000, 0.05000000000000000278, -1.250000000000000000 ) ) ;
#32 = VERTEX_POINT ( 'NONE', #455 ) ;
#33 = LINE ( 'NONE', #1202, #1654 ) ;
#34 = DIRECTION ( 'NONE',  ( 0.000000000000000000, -1.000000000000000000, 0.000000000000000000 ) ) ;
#35 = ORIENTED_EDGE ( 'NONE', *, *, #243, .T. ) ;
#36 = FACE_OUTER_BOUND ( 'NONE', #666, .T. ) ;
#37 = UNCERTAINTY_MEASURE_WITH_UNIT (LENGTH_MEASURE( 1.000000000000000082E-05 ), #1858, 'distance_accuracy_value', 'NONE');
#38 = EDGE_CURVE ( 'NONE', #1393, #1450, #984, .T. ) ;
#39 = ORIENTED_EDGE ( 'NONE', *, *, #579, .T. ) ;
#40 = CARTESIAN_POINT ( 'NONE',  ( -0.8000000000000000444, 0.2000000000000000111, -1.250000000000000000 ) ) ;
#41 = LINE ( 'NONE', #1752, #1806 ) ;
#42 = CARTESIAN_POINT ( 'NONE',  ( -1.500000000000000000, 0.2000000000000000111, -1.149999999999999911 ) ) ;
#43 = DIRECTION ( 'NONE',  ( 0.000000000000000000, -1.000000000000000000, 0.000000000000000000 ) ) ;
#44 = EDGE_CURVE ( 'NONE', #614, #108, #939, .T. ) ;
#45 = PLANE ( 'NONE',  #2366 ) ;
#46 = ORIENTED_EDGE ( 'NONE', *, *, #321, .F. ) ;
#47 = VECTOR ( 'NONE', #352, 1000.000000000000000 ) ;
#48 = DIRECTION ( 'NONE',  ( 4.575683511328640156E-15, 0.000000000000000000, 1.000000000000000000 ) ) ;
#49 = CARTESIAN_POINT ( 'NONE',  ( 1.100000000000000089, 0.05000000000000000278, -1.149999999999999911 ) ) ;
#50 = LINE ( 'NONE', #20, #973 ) ;
#51 = LINE ( 'NONE', #292, #1831 ) ;
#52 = ADVANCED_FACE ( 'NONE', ( #915, #961 ), #1313, .T. ) ;
#53 = CARTESIAN_POINT ( 'NONE',  ( 0.8000000000000000444, 0.2000000000000000111, 1.250000000000000000 ) ) ;
#54 = ORIENTED_EDGE ( 'NONE', *, *, #397, .F. ) ;
#55 = LINE ( 'NONE', #796, #85 ) ;
#56 = ORIENTED_EDGE ( 'NONE', *, *, #1055, .T. ) ;
#57 = VECTOR ( 'NONE', #165, 1000.000000000000000 ) ;
#58 = PRESENTATION_LAYER_ASSIGNMENT (  '', '', ( #2501 ) ) ;
#59 = DIRECTION ( 'NONE',  ( -1.000000000000000000, 0.000000000000000000, 4.575683511328640156E-15 ) ) ;
#60 = EDGE_CURVE ( 'NONE', #2321, #1505, #98, .T. ) ;
#61 = VERTEX_POINT ( 'NONE', #521 ) ;
#62 = AXIS2_PLACEMENT_3D ( 'NONE', #769, #978, #1934 ) ;
#63 = VECTOR ( 'NONE', #2270, 1000.000000000000000 ) ;
#64 = CARTESIAN_POINT ( 'NONE',  ( -1.100000000000000089, 0.2000000000000000111, -1.149999999999999911 ) ) ;
#65 = CARTESIAN_POINT ( 'NONE',  ( -3.316907271900974715E-15, 0.2000000000000000111, -0.9499999999999999556 ) ) ;
#66 = DIRECTION ( 'NONE',  ( -1.000000000000000000, 0.000000000000000000, 3.491481338843135327E-15 ) ) ;
#67 = VECTOR ( 'NONE', #320, 1000.000000000000000 ) ;
#68 = FACE_OUTER_BOUND ( 'NONE', #1430, .T. ) ;
#69 = DIRECTION ( 'NONE',  ( -0.000000000000000000, 1.000000000000000000, 0.000000000000000000 ) ) ;
#70 = CARTESIAN_POINT ( 'NONE',  ( 1.100000000000000089, 0.2000000000000000111, -0.2000000000000035083 ) ) ;
#71 = FACE_OUTER_BOUND ( 'NONE', #595, .T. ) ;
#72 = FACE_OUTER_BOUND ( 'NONE', #1688, .T. ) ;
#73 = CARTESIAN_POINT ( 'NONE',  ( -1.077994694398533904, 0.9000000000000000222, -1.093674617226153778 ) ) ;
#74 = LINE ( 'NONE', #1871, #958 ) ;
#75 = DIRECTION ( 'NONE',  ( 0.000000000000000000, 1.000000000000000000, 0.000000000000000000 ) ) ;
#76 = AXIS2_PLACEMENT_3D ( 'NONE', #65, #842, #535 ) ;
#77 = LINE ( 'NONE', #782, #1865 ) ;
#78 = EDGE_CURVE ( 'NONE', #2354, #1343, #1824, .T. ) ;
#79 = CARTESIAN_POINT ( 'NONE',  ( 1.500000000000000000, 0.2000000000000000111, 0.7500000000000000000 ) ) ;
#80 = ORIENTED_EDGE ( 'NONE', *, *, #422, .T. ) ;
#81 = LINE ( 'NONE', #241, #941 ) ;
#82 = DIRECTION ( 'NONE',  ( -1.000000000000000000, 0.000000000000000000, 4.575683511328640156E-15 ) ) ;
#83 = DIRECTION ( 'NONE',  ( 0.000000000000000000, 1.000000000000000000, 0.000000000000000000 ) ) ;
#84 = ORIENTED_EDGE ( 'NONE', *, *, #186, .T. ) ;
#85 = VECTOR ( 'NONE', #1792, 1000.000000000000000 ) ;
#86 = DIRECTION ( 'NONE',  ( -1.000000000000000000, 0.000000000000000000, 4.575683511328640156E-15 ) ) ;
#87 = PLANE ( 'NONE',  #2 ) ;
#88 = VECTOR ( 'NONE', #341, 1000.000000000000000 ) ;
#89 = LINE ( 'NONE', #1426, #1750 ) ;
#90 = AXIS2_PLACEMENT_3D ( 'NONE', #1866, #102, #1225 ) ;
#91 = EDGE_LOOP ( 'NONE', ( #884, #1492, #777, #35 ) ) ;
#92 = VECTOR ( 'NONE', #766, 1000.000000000000000 ) ;
#93 = ADVANCED_FACE ( 'NONE', ( #1797 ), #114, .T. ) ;
#94 =( GEOMETRIC_REPRESENTATION_CONTEXT ( 3 ) GLOBAL_UNCERTAINTY_ASSIGNED_CONTEXT ( ( #746 ) ) GLOBAL_UNIT_ASSIGNED_CONTEXT ( ( #2510, #1127, #309 ) ) REPRESENTATION_CONTEXT ( 'NONE', 'WORKASPACE' ) );
#95 = ORIENTED_EDGE ( 'NONE', *, *, #1500, .T. ) ;
#96 = FACE_OUTER_BOUND ( 'NONE', #2393, .T. ) ;
#97 = FILL_AREA_STYLE ('',( #2404 ) ) ;
#98 = LINE ( 'NONE', #994, #1767 ) ;
#99 = FACE_OUTER_BOUND ( 'NONE', #1835, .T. ) ;
#100 = ORIENTED_EDGE ( 'NONE', *, *, #641, .F. ) ;
#101 = AXIS2_PLACEMENT_3D ( 'NONE', #1714, #909, #2480 ) ;
#102 = DIRECTION ( 'NONE',  ( 0.000000000000000000, 1.000000000000000000, 0.000000000000000000 ) ) ;
#103 = DIRECTION ( 'NONE',  ( 0.000000000000000000, -1.000000000000000000, 0.000000000000000000 ) ) ;
#104 = EDGE_CURVE ( 'NONE', #1514, #2104, #930, .T. ) ;
#105 = FACE_OUTER_BOUND ( 'NONE', #2120, .T. ) ;
#106 = LINE ( 'NONE', #530, #1814 ) ;
#107 = VERTEX_POINT ( 'NONE', #3 ) ;
#108 = VERTEX_POINT ( 'NONE', #1696 ) ;
#109 = FACE_OUTER_BOUND ( 'NONE', #1609, .T. ) ;
#110 = VECTOR ( 'NONE', #1417, 1000.000000000000000 ) ;
#111 = VECTOR ( 'NONE', #1370, 1000.000000000000000 ) ;
#112 = PLANE ( 'NONE',  #556 ) ;
#113 = ADVANCED_FACE ( 'NONE', ( #1794 ), #271, .T. ) ;
#114 = PLANE ( 'NONE',  #1904 ) ;
#115 = CARTESIAN_POINT ( 'NONE',  ( -1.500000000000000000, 0.000000000000000000, -0.1999999999999945155 ) ) ;
#116 = ORIENTED_EDGE ( 'NONE', *, *, #1881, .F. ) ;
#117 = VECTOR ( 'NONE', #507, 1000.000000000000000 ) ;
#118 = ORIENTED_EDGE ( 'NONE', *, *, #780, .T. ) ;
#119 =( NAMED_UNIT ( * ) SI_UNIT ( $, .STERADIAN. ) SOLID_ANGLE_UNIT ( ) );
#120 = ORIENTED_EDGE ( 'NONE', *, *, #1120, .F. ) ;
#121 = SURFACE_STYLE_USAGE ( .BOTH. , #1103 ) ;
#122 = FACE_OUTER_BOUND ( 'NONE', #1632, .T. ) ;
#123 = CARTESIAN_POINT ( 'NONE',  ( 1.100000000000000089, 0.7656854249492389686, 0.1999999999999970135 ) ) ;
#124 = EDGE_CURVE ( 'NONE', #572, #2420, #50, .T. ) ;
#125 = LINE ( 'NONE', #2169, #129 ) ;
#126 = DIRECTION ( 'NONE',  ( 1.000000000000000000, 0.000000000000000000, -2.407279166357630105E-15 ) ) ;
#127 = ORIENTED_EDGE ( 'NONE', *, *, #2184, .T. ) ;
#128 =( NAMED_UNIT ( * ) SI_UNIT ( $, .STERADIAN. ) SOLID_ANGLE_UNIT ( ) );
#129 = VECTOR ( 'NONE', #815, 1000.000000000000000 ) ;
#130 = VECTOR ( 'NONE', #2193, 1000.000000000000000 ) ;
#131 = DIRECTION ( 'NONE',  ( -5.117784597571390006E-15, 0.000000000000000000, -1.000000000000000000 ) ) ;
#132 = CARTESIAN_POINT ( 'NONE',  ( -1.500000000000000000, 1.000000000000000000, -1.500000000000000000 ) ) ;
#133 = AXIS2_PLACEMENT_3D ( 'NONE', #1278, #331, #305 ) ;
#134 = EDGE_CURVE ( 'NONE', #1749, #2323, #952, .T. ) ;
#135 = ORIENTED_EDGE ( 'NONE', *, *, #1062, .F. ) ;
#136 = ADVANCED_FACE ( 'NONE', ( #71 ), #1535, .T. ) ;
#137 = EDGE_CURVE ( 'NONE', #1441, #2360, #905, .T. ) ;
#138 =( NAMED_UNIT ( * ) SI_UNIT ( $, .STERADIAN. ) SOLID_ANGLE_UNIT ( ) );
#139 = CARTESIAN_POINT ( 'NONE',  ( 1.500000000000000000, 0.05000000000000000278, -1.500000000000000000 ) ) ;
#140 = CARTESIAN_POINT ( 'NONE',  ( 1.500000000000000000, 0.7656854249492389686, -0.7500000000000000000 ) ) ;
#141 = PRESENTATION_STYLE_ASSIGNMENT (( #2234 ) ) ;
#142 = ORIENTED_EDGE ( 'NONE', *, *, #2306, .F. ) ;
#143 = DIRECTION ( 'NONE',  ( 2.407279166357630105E-15, 0.000000000000000000, 1.000000000000000000 ) ) ;
#144 = LINE ( 'NONE', #205, #1032 ) ;
#145 = ORIENTED_EDGE ( 'NONE', *, *, #908, .F. ) ;
#146 = CARTESIAN_POINT ( 'NONE',  ( -1.100000000000000089, 0.05000000000000000278, -0.7500000000000000000 ) ) ;
#147 = ORIENTED_EDGE ( 'NONE', *, *, #1891, .T. ) ;
#148 = DIRECTION ( 'NONE',  ( -0.000000000000000000, 1.000000000000000000, 0.000000000000000000 ) ) ;
#149 = LINE ( 'NONE', #376, #168 ) ;
#150 = EDGE_CURVE ( 'NONE', #2486, #2244, #125, .T. ) ;
#151 = VERTEX_POINT ( 'NONE', #1569 ) ;
#152 = AXIS2_PLACEMENT_3D ( 'NONE', #1976, #588, #1164 ) ;
#153 = CARTESIAN_POINT ( 'NONE',  ( 1.500000000000000000, 1.000000000000000000, -1.500000000000000000 ) ) ;
#154 = DIRECTION ( 'NONE',  ( 2.949380252600380349E-15, 0.000000000000000000, 1.000000000000000000 ) ) ;
#155 = EDGE_CURVE ( 'NONE', #2278, #1242, #927, .T. ) ;
#156 = FACE_OUTER_BOUND ( 'NONE', #524, .T. ) ;
#157 = ADVANCED_FACE ( 'NONE', ( #105 ), #2263, .T. ) ;
#158 = FILL_AREA_STYLE_COLOUR ( '', #1495 ) ;
#159 = EDGE_CURVE ( 'NONE', #1251, #1441, #74, .T. ) ;
#160 = LINE ( 'NONE', #1739, #164 ) ;
#161 = CARTESIAN_POINT ( 'NONE',  ( 0.8000000000000000444, 0.05000000000000000278, -1.250000000000000000 ) ) ;
#162 = DIRECTION ( 'NONE',  ( 5.117784597571390006E-15, 0.000000000000000000, 1.000000000000000000 ) ) ;
#163 = EDGE_CURVE ( 'NONE', #675, #903, #2218, .T. ) ;
#164 = VECTOR ( 'NONE', #154, 1000.000000000000000 ) ;
#165 = DIRECTION ( 'NONE',  ( 1.000000000000000000, 0.000000000000000000, -2.407279166357630105E-15 ) ) ;
#166 = DIRECTION ( 'NONE',  ( -0.000000000000000000, 1.000000000000000000, 0.000000000000000000 ) ) ;
#167 = CARTESIAN_POINT ( 'NONE',  ( -1.100000000000000089, 0.2000000000000000111, -0.7500000000000000000 ) ) ;
#168 = VECTOR ( 'NONE', #2214, 1000.000000000000000 ) ;
#169 = ADVANCED_FACE ( 'NONE', ( #1338 ), #282, .T. ) ;
#170 = ADVANCED_FACE ( 'NONE', ( #509 ), #1373, .T. ) ;
#171 = LINE ( 'NONE', #2309, #1850 ) ;
#172 = DIRECTION ( 'NONE',  ( 0.000000000000000000, 1.000000000000000000, 0.000000000000000000 ) ) ;
#173 = AXIS2_PLACEMENT_3D ( 'NONE', #2059, #427, #2047 ) ;
#174 = CARTESIAN_POINT ( 'NONE',  ( 1.500000000000000000, 0.05000000000000000278, 1.149999999999999911 ) ) ;
#175 = CARTESIAN_POINT ( 'NONE',  ( 1.100000000000000089, 0.2000000000000000111, 0.1999999999999970135 ) ) ;
#176 = EDGE_CURVE ( 'NONE', #2104, #601, #2174, .T. ) ;
#177 = DIRECTION ( 'NONE',  ( 0.000000000000000000, -1.000000000000000000, 0.000000000000000000 ) ) ;
#178 = AXIS2_PLACEMENT_3D ( 'NONE', #754, #2254, #1418 ) ;
#179 = CARTESIAN_POINT ( 'NONE',  ( 0.8000000000000000444, 0.05000000000000000278, -2.793185071074504712E-15 ) ) ;
#180 = STYLED_ITEM ( 'NONE', ( #771 ), #2130 ) ;
#181 = DIRECTION ( 'NONE',  ( 1.000000000000000000, 0.000000000000000000, -2.407279166357630105E-15 ) ) ;
#182 = FILL_AREA_STYLE ('',( #1139 ) ) ;
#183 = FACE_OUTER_BOUND ( 'NONE', #691, .T. ) ;
#184 = CARTESIAN_POINT ( 'NONE',  ( 0.8000000000000000444, 0.2000000000000000111, -1.250000000000000000 ) ) ;
#185 = COLOUR_RGB ( '',0.7921568627450980005, 0.8196078431372548767, 0.9333333333333333481 ) ;
#186 = EDGE_CURVE ( 'NONE', #640, #445, #498, .T. ) ;
#187 = CARTESIAN_POINT ( 'NONE',  ( 1.500000000000000000, 0.05000000000000000278, 0.1999999999999955147 ) ) ;
#188 = AXIS2_PLACEMENT_3D ( 'NONE', #1138, #1386, #1576 ) ;
#189 = EDGE_CURVE ( 'NONE', #554, #2168, #1323, .T. ) ;
#190 = CARTESIAN_POINT ( 'NONE',  ( 1.100000000000000089, 0.2000000000000000111, 1.149999999999999911 ) ) ;
#191 = DIRECTION ( 'NONE',  ( 0.000000000000000000, 1.000000000000000000, 0.000000000000000000 ) ) ;
#192 = DIRECTION ( 'NONE',  ( -1.000000000000000000, 0.000000000000000000, 3.491481338843135327E-15 ) ) ;
#193 = DIRECTION ( 'NONE',  ( -5.117784597571390006E-15, 0.000000000000000000, -1.000000000000000000 ) ) ;
#194 = CARTESIAN_POINT ( 'NONE',  ( -1.100000000000000089, 0.7656854249492389686, -1.149999999999999911 ) ) ;
#195 = DIRECTION ( 'NONE',  ( -4.575683511328640156E-15, 0.000000000000000000, -1.000000000000000000 ) ) ;
#196 = VECTOR ( 'NONE', #1070, 1000.000000000000000 ) ;
#197 = DIRECTION ( 'NONE',  ( -1.000000000000000000, 0.000000000000000000, 3.491481338843135327E-15 ) ) ;
#198 = CARTESIAN_POINT ( 'NONE',  ( -1.077994694398533904, 0.9000000000000000222, -1.259800421186664021 ) ) ;
#199 = CARTESIAN_POINT ( 'NONE',  ( -1.500000000000000000, 0.2000000000000000111, 1.149999999999999911 ) ) ;
#200 = VECTOR ( 'NONE', #1868, 1000.000000000000000 ) ;
#201 = EDGE_CURVE ( 'NONE', #1537, #728, #2223, .T. ) ;
#202 = CARTESIAN_POINT ( 'NONE',  ( -3.431762633496470059E-15, 0.05000000000000000278, -0.7500000000000000000 ) ) ;
#203 = AXIS2_PLACEMENT_3D ( 'NONE', #2447, #1152, #1553 ) ;
#204 = CARTESIAN_POINT ( 'NONE',  ( 1.100000000000000089, 0.2000000000000000111, -1.149999999999999911 ) ) ;
#205 = CARTESIAN_POINT ( 'NONE',  ( 1.100000000000000089, 0.000000000000000000, 0.7500000000000000000 ) ) ;
#206 = CARTESIAN_POINT ( 'NONE',  ( 1.100000000000000089, 0.7656854249492389686, 0.7500000000000000000 ) ) ;
#207 = EDGE_CURVE ( 'NONE', #2436, #2319, #538, .T. ) ;
#208 = CARTESIAN_POINT ( 'NONE',  ( 1.100000000000000089, 0.000000000000000000, 1.149999999999999911 ) ) ;
#209 = LINE ( 'NONE', #2227, #250 ) ;
#210 = LINE ( 'NONE', #367, #1065 ) ;
#211 = LINE ( 'NONE', #1975, #1069 ) ;
#212 = DIRECTION ( 'NONE',  ( -5.117784597571390006E-15, 0.000000000000000000, -1.000000000000000000 ) ) ;
#213 = VECTOR ( 'NONE', #1665, 1000.000000000000000 ) ;
#214 = DIRECTION ( 'NONE',  ( 1.000000000000000000, 0.000000000000000000, 0.000000000000000000 ) ) ;
#215 = DIRECTION ( 'NONE',  ( -0.000000000000000000, 1.000000000000000000, 0.000000000000000000 ) ) ;
#216 = CARTESIAN_POINT ( 'NONE',  ( -1.100000000000000089, 0.000000000000000000, -0.7500000000000000000 ) ) ;
#217 = DIRECTION ( 'NONE',  ( 0.000000000000000000, 0.000000000000000000, -1.000000000000000000 ) ) ;
#218 = LINE ( 'NONE', #1957, #1074 ) ;
#219 = DIRECTION ( 'NONE',  ( -3.491481338843135327E-15, 0.000000000000000000, -1.000000000000000000 ) ) ;
#220 = EDGE_CURVE ( 'NONE', #2109, #506, #523, .T. ) ;
#221 = CARTESIAN_POINT ( 'NONE',  ( 1.100000000000000089, 0.2000000000000000111, 0.1999999999999970135 ) ) ;
#222 = LINE ( 'NONE', #1188, #1937 ) ;
#223 = FILL_AREA_STYLE ('',( #1841 ) ) ;
#224 = CARTESIAN_POINT ( 'NONE',  ( -1.500000000000000000, 0.2000000000000000111, -0.1999999999999945155 ) ) ;
#225 = MANIFOLD_SOLID_BREP ( 'NONE', #26 ) ;
#226 = DIRECTION ( 'NONE',  ( -3.491481338843135327E-15, 0.000000000000000000, -1.000000000000000000 ) ) ;
#227 = CARTESIAN_POINT ( 'NONE',  ( -1.100000000000000089, 0.2000000000000000111, 1.149999999999999911 ) ) ;
#228 = ADVANCED_FACE ( 'NONE', ( #2190 ), #2178, .F. ) ;
#229 = LINE ( 'NONE', #983, #235 ) ;
#230 = AXIS2_PLACEMENT_3D ( 'NONE', #516, #829, #1953 ) ;
#231 = CARTESIAN_POINT ( 'NONE',  ( -1.100000000000000089, 0.2000000000000000111, -0.1999999999999955147 ) ) ;
#232 = EDGE_CURVE ( 'NONE', #597, #1364, #483, .T. ) ;
#233 = LINE ( 'NONE', #1895, #1073 ) ;
#234 = DIRECTION ( 'NONE',  ( 0.000000000000000000, 1.000000000000000000, 0.000000000000000000 ) ) ;
#235 = VECTOR ( 'NONE', #485, 1000.000000000000000 ) ;
#236 = FACE_OUTER_BOUND ( 'NONE', #2406, .T. ) ;
#237 = CARTESIAN_POINT ( 'NONE',  ( 9.151367022657370242E-16, 0.05000000000000000278, 0.2000000000000000111 ) ) ;
#238 = FILL_AREA_STYLE_COLOUR ( '', #185 ) ;
#239 = LINE ( 'NONE', #774, #1106 ) ;
#240 = DIRECTION ( 'NONE',  ( 3.491481338843135327E-15, 0.000000000000000000, 1.000000000000000000 ) ) ;
#241 = CARTESIAN_POINT ( 'NONE',  ( -1.077994694398533904, 0.4301252699578245187, -1.259800421186664021 ) ) ;
#242 = VECTOR ( 'NONE', #525, 1000.000000000000000 ) ;
#243 = EDGE_CURVE ( 'NONE', #418, #2168, #2206, .T. ) ;
#244 = AXIS2_PLACEMENT_3D ( 'NONE', #73, #823, #214 ) ;
#245 = COLOUR_RGB ( '',0.7921568627450980005, 0.8196078431372548767, 0.9333333333333333481 ) ;
#246 = CARTESIAN_POINT ( 'NONE',  ( -1.500000000000000000, 0.2000000000000000111, -0.1999999999999945155 ) ) ;
#247 = DIRECTION ( 'NONE',  ( -1.000000000000000000, 0.000000000000000000, 3.491481338843135327E-15 ) ) ;
#248 = ADVANCED_FACE ( 'NONE', ( #533 ), #2305, .T. ) ;
#249 = EDGE_CURVE ( 'NONE', #1343, #1505, #459, .T. ) ;
#250 = VECTOR ( 'NONE', #2498, 1000.000000000000000 ) ;
#251 = VECTOR ( 'NONE', #1265, 1000.000000000000000 ) ;
#252 = CARTESIAN_POINT ( 'NONE',  ( -0.8000000000000000444, 3.168164415931164601, 1.250000000000000000 ) ) ;
#253 = DIRECTION ( 'NONE',  ( -1.000000000000000000, 0.000000000000000000, 3.491481338843135327E-15 ) ) ;
#254 = LINE ( 'NONE', #1175, #1919 ) ;
#255 = AXIS2_PLACEMENT_3D ( 'NONE', #1786, #1219, #1502 ) ;
#256 = EDGE_CURVE ( 'NONE', #619, #2057, #2145, .T. ) ;
#257 = CARTESIAN_POINT ( 'NONE',  ( -1.077994694398533904, 1.000000000000000000, -1.093674617226153778 ) ) ;
#258 = LINE ( 'NONE', #705, #1089 ) ;
#259 = DIRECTION ( 'NONE',  ( 1.000000000000000000, 0.000000000000000000, -4.575683511328640156E-15 ) ) ;
#260 = PRESENTATION_STYLE_ASSIGNMENT (( #2332 ) ) ;
#261 = DIRECTION ( 'NONE',  ( 5.117784597571390006E-15, 0.000000000000000000, 1.000000000000000000 ) ) ;
#262 = DIRECTION ( 'NONE',  ( -4.575683511328640156E-15, 0.000000000000000000, -1.000000000000000000 ) ) ;
#263 = CARTESIAN_POINT ( 'NONE',  ( 1.500000000000000000, 0.2000000000000000111, 0.7500000000000000000 ) ) ;
#264 = FACE_OUTER_BOUND ( 'NONE', #426, .T. ) ;
#265 =( GEOMETRIC_REPRESENTATION_CONTEXT ( 3 ) GLOBAL_UNCERTAINTY_ASSIGNED_CONTEXT ( ( #955 ) ) GLOBAL_UNIT_ASSIGNED_CONTEXT ( ( #2020, #2156, #138 ) ) REPRESENTATION_CONTEXT ( 'NONE', 'WORKASPACE' ) );
#266 = EDGE_CURVE ( 'NONE', #943, #1857, #2198, .T. ) ;
#267 = AXIS2_PLACEMENT_3D ( 'NONE', #1123, #335, #1280 ) ;
#268 = EDGE_CURVE ( 'NONE', #1463, #943, #1319, .T. ) ;
#269 =( NAMED_UNIT ( * ) SI_UNIT ( $, .STERADIAN. ) SOLID_ANGLE_UNIT ( ) );
#270 = LINE ( 'NONE', #1018, #1171 ) ;
#271 = PLANE ( 'NONE',  #405 ) ;
#272 = LINE ( 'NONE', #1557, #1356 ) ;
#273 = DIRECTION ( 'NONE',  ( -0.000000000000000000, 1.000000000000000000, 0.000000000000000000 ) ) ;
#274 = DIRECTION ( 'NONE',  ( -1.000000000000000000, 0.000000000000000000, 3.491481338843135327E-15 ) ) ;
#275 = EDGE_CURVE ( 'NONE', #721, #681, #505, .T. ) ;
#276 = VECTOR ( 'NONE', #1648, 1000.000000000000000 ) ;
#277 = CARTESIAN_POINT ( 'NONE',  ( 1.100000000000000089, 0.05000000000000000278, 0.7500000000000000000 ) ) ;
#278 = ADVANCED_FACE ( 'NONE', ( #2201 ), #591, .F. ) ;
#279 = EDGE_CURVE ( 'NONE', #1550, #590, #2149, .T. ) ;
#280 = DIRECTION ( 'NONE',  ( -4.575683511328640156E-15, 0.000000000000000000, -1.000000000000000000 ) ) ;
#281 = CARTESIAN_POINT ( 'NONE',  ( 0.000000000000000000, 0.2000000000000000111, 0.000000000000000000 ) ) ;
#282 = PLANE ( 'NONE',  #999 ) ;
#283 = CARTESIAN_POINT ( 'NONE',  ( 4.364351673553919850E-15, 0.05000000000000000278, 1.250000000000000000 ) ) ;
#284 = CARTESIAN_POINT ( 'NONE',  ( -0.8000000000000000444, 0.000000000000000000, -1.250000000000000000 ) ) ;
#285 = CARTESIAN_POINT ( 'NONE',  ( -1.500000000000000000, 0.05000000000000000278, -1.500000000000000000 ) ) ;
#286 = CARTESIAN_POINT ( 'NONE',  ( 1.500000000000000000, 0.7656854249492389686, 0.7500000000000000000 ) ) ;
#287 = MECHANICAL_DESIGN_GEOMETRIC_PRESENTATION_REPRESENTATION (  '', ( #2501 ), #797 ) ;
#288 = EDGE_CURVE ( 'NONE', #1227, #743, #1303, .T. ) ;
#289 = ADVANCED_FACE ( 'NONE', ( #514 ), #1606, .T. ) ;
#290 = CARTESIAN_POINT ( 'NONE',  ( 4.015203539669608881E-15, 0.05000000000000000278, 1.149999999999999911 ) ) ;
#291 = VECTOR ( 'NONE', #2144, 1000.000000000000000 ) ;
#292 = CARTESIAN_POINT ( 'NONE',  ( -1.100000000000000089, 0.2000000000000000111, 0.7500000000000000000 ) ) ;
#293 = PLANE ( 'NONE',  #937 ) ;
#294 = MECHANICAL_DESIGN_GEOMETRIC_PRESENTATION_REPRESENTATION (  '', ( #442 ), #319 ) ;
#295 = FACE_OUTER_BOUND ( 'NONE', #2237, .T. ) ;
#296 = VECTOR ( 'NONE', #1295, 1000.000000000000000 ) ;
#297 = EDGE_CURVE ( 'NONE', #601, #402, #2154, .T. ) ;
#298 = PLANE ( 'NONE',  #1085 ) ;
#299 = DIRECTION ( 'NONE',  ( 1.000000000000000000, 0.000000000000000000, 0.000000000000000000 ) ) ;
#300 = LINE ( 'NONE', #2396, #302 ) ;
#301 = PLANE ( 'NONE',  #702 ) ;
#302 = VECTOR ( 'NONE', #1316, 1000.000000000000000 ) ;
#303 =( LENGTH_UNIT ( ) NAMED_UNIT ( * ) SI_UNIT ( .MILLI., .METRE. ) );
#304 = CARTESIAN_POINT ( 'NONE',  ( -1.077994694398533904, 1.000000000000000000, -1.093674617226153778 ) ) ;
#305 = DIRECTION ( 'NONE',  ( 0.000000000000000000, 0.000000000000000000, -1.000000000000000000 ) ) ;
#306 = EDGE_CURVE ( 'NONE', #2281, #758, #2162, .T. ) ;
#307 = LINE ( 'NONE', #1149, #326 ) ;
#308 = PLANE ( 'NONE',  #1176 ) ;
#309 =( NAMED_UNIT ( * ) SI_UNIT ( $, .STERADIAN. ) SOLID_ANGLE_UNIT ( ) );
#310 = DIRECTION ( 'NONE',  ( 3.636041628507870698E-15, 0.000000000000000000, 1.000000000000000000 ) ) ;
#311 = FACE_OUTER_BOUND ( 'NONE', #550, .T. ) ;
#312 = PLANE ( 'NONE',  #2141 ) ;
#313 = CARTESIAN_POINT ( 'NONE',  ( -1.100000000000000089, 0.7656854249492389686, 0.7500000000000000000 ) ) ;
#314 = DIRECTION ( 'NONE',  ( 2.407279166357630105E-15, 0.000000000000000000, 1.000000000000000000 ) ) ;
#315 = LINE ( 'NONE', #1670, #1182 ) ;
#316 = PLANE ( 'NONE',  #2093 ) ;
#317 = CARTESIAN_POINT ( 'NONE',  ( 1.100000000000000089, 0.000000000000000000, -1.149999999999999911 ) ) ;
#318 = CARTESIAN_POINT ( 'NONE',  ( -1.100000000000000089, 0.2000000000000000111, 0.7500000000000000000 ) ) ;
#319 =( GEOMETRIC_REPRESENTATION_CONTEXT ( 3 ) GLOBAL_UNCERTAINTY_ASSIGNED_CONTEXT ( ( #1712 ) ) GLOBAL_UNIT_ASSIGNED_CONTEXT ( ( #303, #1998, #128 ) ) REPRESENTATION_CONTEXT ( 'NONE', 'WORKASPACE' ) );
#320 = DIRECTION ( 'NONE',  ( 3.491481338843135327E-15, 0.000000000000000000, 1.000000000000000000 ) ) ;
#321 = EDGE_CURVE ( 'NONE', #630, #2486, #2210, .T. ) ;
#322 = DIRECTION ( 'NONE',  ( 0.000000000000000000, 0.000000000000000000, -1.000000000000000000 ) ) ;
#323 = VECTOR ( 'NONE', #726, 1000.000000000000000 ) ;
#324 = CARTESIAN_POINT ( 'NONE',  ( 1.500000000000000000, 0.000000000000000000, 0.7500000000000000000 ) ) ;
#325 = CARTESIAN_POINT ( 'NONE',  ( 1.805459374768224846E-15, 0.05000000000000000278, 0.7500000000000000000 ) ) ;
#326 = VECTOR ( 'NONE', #2063, 1000.000000000000000 ) ;
#327 = DIRECTION ( 'NONE',  ( 0.000000000000000000, 0.000000000000000000, -1.000000000000000000 ) ) ;
#328 = LINE ( 'NONE', #695, #323 ) ;
#329 = CARTESIAN_POINT ( 'NONE',  ( -1.100000000000000089, 0.05000000000000000278, 0.2000000000000045075 ) ) ;
#330 = DIRECTION ( 'NONE',  ( -1.000000000000000000, 0.000000000000000000, 4.575683511328640156E-15 ) ) ;
#331 = DIRECTION ( 'NONE',  ( 0.000000000000000000, -1.000000000000000000, 0.000000000000000000 ) ) ;
#332 = EDGE_CURVE ( 'NONE', #2104, #701, #1329, .T. ) ;
#333 = STYLED_ITEM ( 'NONE', ( #1112 ), #1882 ) ;
#334 = LINE ( 'NONE', #5, #296 ) ;
#335 = DIRECTION ( 'NONE',  ( -3.491481338843135327E-15, 0.000000000000000000, -1.000000000000000000 ) ) ;
#336 = CARTESIAN_POINT ( 'NONE',  ( 1.100000000000000089, 0.2000000000000000111, -0.7500000000000000000 ) ) ;
#337 = EDGE_CURVE ( 'NONE', #1216, #675, #518, .T. ) ;
#338 = CARTESIAN_POINT ( 'NONE',  ( -1.100000000000000089, 0.2000000000000000111, -0.7500000000000000000 ) ) ;
#339 = EDGE_CURVE ( 'NONE', #21, #1666, #270, .T. ) ;
#340 = EDGE_CURVE ( 'NONE', #2378, #619, #1134, .T. ) ;
#341 = DIRECTION ( 'NONE',  ( 1.000000000000000000, 0.000000000000000000, -4.575683511328640156E-15 ) ) ;
#342 = UNCERTAINTY_MEASURE_WITH_UNIT (LENGTH_MEASURE( 1.000000000000000082E-05 ), #2251, 'distance_accuracy_value', 'NONE');
#343 = PLANE ( 'NONE',  #1203 ) ;
#344 = CARTESIAN_POINT ( 'NONE',  ( -1.500000000000000000, 0.7656854249492389686, -0.1999999999999945155 ) ) ;
#345 = CARTESIAN_POINT ( 'NONE',  ( -1.100000000000000089, 0.000000000000000000, -1.149999999999999911 ) ) ;
#346 = DIRECTION ( 'NONE',  ( 0.000000000000000000, 1.000000000000000000, 0.000000000000000000 ) ) ;
#347 = CARTESIAN_POINT ( 'NONE',  ( 1.500000000000000000, 0.2000000000000000111, -0.2000000000000055067 ) ) ;
#348 = PRESENTATION_LAYER_ASSIGNMENT (  '', '', ( #1382 ) ) ;
#349 = EDGE_CURVE ( 'NONE', #2479, #2354, #315, .T. ) ;
#350 = CARTESIAN_POINT ( 'NONE',  ( 1.100000000000000089, 0.000000000000000000, -0.2000000000000035083 ) ) ;
#351 = AXIS2_PLACEMENT_3D ( 'NONE', #511, #1757, #2179 ) ;
#352 = DIRECTION ( 'NONE',  ( 1.000000000000000000, 0.000000000000000000, -4.575683511328640156E-15 ) ) ;
#353 = CARTESIAN_POINT ( 'NONE',  ( -1.100000000000000089, 0.2000000000000000111, 0.7500000000000000000 ) ) ;
#354 = DIRECTION ( 'NONE',  ( -3.636041628507870698E-15, 0.000000000000000000, -1.000000000000000000 ) ) ;
#355 = CARTESIAN_POINT ( 'NONE',  ( 1.100000000000000089, 0.2000000000000000111, 0.7500000000000000000 ) ) ;
#356 = DIRECTION ( 'NONE',  ( 1.000000000000000000, 0.000000000000000000, -4.575683511328640156E-15 ) ) ;
#357 = EDGE_CURVE ( 'NONE', #2294, #1679, #1118, .T. ) ;
#358 = CARTESIAN_POINT ( 'NONE',  ( -1.100000000000000089, 0.000000000000000000, 0.7500000000000000000 ) ) ;
#359 = CARTESIAN_POINT ( 'NONE',  ( -1.100000000000000089, 0.7656854249492389686, 0.2000000000000045075 ) ) ;
#360 = EDGE_CURVE ( 'NONE', #1682, #2244, #1137, .T. ) ;
#361 = ORIENTED_EDGE ( 'NONE', *, *, #1038, .T. ) ;
#362 = ORIENTED_EDGE ( 'NONE', *, *, #357, .F. ) ;
#363 = CARTESIAN_POINT ( 'NONE',  ( -0.8000000000000000444, 0.05000000000000000278, -0.9499999999999999556 ) ) ;
#364 = DIRECTION ( 'NONE',  ( -2.949380252600380349E-15, 0.000000000000000000, -1.000000000000000000 ) ) ;
#365 = VERTEX_POINT ( 'NONE', #1063 ) ;
#366 = ORIENTED_EDGE ( 'NONE', *, *, #1803, .F. ) ;
#367 = CARTESIAN_POINT ( 'NONE',  ( 0.8000000000000000444, 3.168164415931164601, 1.250000000000000000 ) ) ;
#368 = DIRECTION ( 'NONE',  ( 3.404745165044295367E-15, 0.000000000000000000, 1.000000000000000000 ) ) ;
#369 = ORIENTED_EDGE ( 'NONE', *, *, #1825, .T. ) ;
#370 = ORIENTED_EDGE ( 'NONE', *, *, #1473, .F. ) ;
#371 = CARTESIAN_POINT ( 'NONE',  ( -0.8000000000000000444, 0.2000000000000000111, -0.9499999999999999556 ) ) ;
#372 = EDGE_CURVE ( 'NONE', #1666, #151, #1160, .T. ) ;
#373 = ORIENTED_EDGE ( 'NONE', *, *, #2325, .F. ) ;
#374 = ORIENTED_EDGE ( 'NONE', *, *, #1990, .F. ) ;
#375 = CARTESIAN_POINT ( 'NONE',  ( 6.982962677686299251E-16, 0.05000000000000000278, 0.2000000000000000111 ) ) ;
#376 = CARTESIAN_POINT ( 'NONE',  ( 1.100000000000000089, 0.7656854249492389686, -1.149999999999999911 ) ) ;
#377 = ORIENTED_EDGE ( 'NONE', *, *, #134, .T. ) ;
#378 = ORIENTED_EDGE ( 'NONE', *, *, #1336, .F. ) ;
#379 = CARTESIAN_POINT ( 'NONE',  ( -1.100000000000000089, 0.7656854249492389686, -1.149999999999999911 ) ) ;
#380 =( NAMED_UNIT ( * ) PLANE_ANGLE_UNIT ( ) SI_UNIT ( $, .RADIAN. ) );
#381 = DIRECTION ( 'NONE',  ( -1.000000000000000000, 0.000000000000000000, 4.575683511328640156E-15 ) ) ;
#382 = CARTESIAN_POINT ( 'NONE',  ( -1.500000000000000000, 0.2000000000000000111, -1.149999999999999911 ) ) ;
#383 = ORIENTED_EDGE ( 'NONE', *, *, #1271, .T. ) ;
#384 = MECHANICAL_DESIGN_GEOMETRIC_PRESENTATION_REPRESENTATION (  '', ( #1333 ), #724 ) ;
#385 = ORIENTED_EDGE ( 'NONE', *, *, #503, .F. ) ;
#386 = CARTESIAN_POINT ( 'NONE',  ( 1.100000000000000089, 0.2000000000000000111, 1.149999999999999911 ) ) ;
#387 = EDGE_CURVE ( 'NONE', #1216, #1393, #700, .T. ) ;
#388 = DIRECTION ( 'NONE',  ( 3.491481338843135327E-15, 0.000000000000000000, 1.000000000000000000 ) ) ;
#389 = ORIENTED_EDGE ( 'NONE', *, *, #1009, .T. ) ;
#390 = DIRECTION ( 'NONE',  ( 0.000000000000000000, -1.000000000000000000, 0.000000000000000000 ) ) ;
#391 = CARTESIAN_POINT ( 'NONE',  ( 1.500000000000000000, 0.05000000000000000278, 1.500000000000000000 ) ) ;
#392 = CARTESIAN_POINT ( 'NONE',  ( -1.100000000000000089, 0.2000000000000000111, -1.149999999999999911 ) ) ;
#393 = ORIENTED_EDGE ( 'NONE', *, *, #706, .F. ) ;
#394 = ADVANCED_FACE ( 'NONE', ( #1516 ), #2344, .F. ) ;
#395 = PLANE ( 'NONE',  #152 ) ;
#396 = ORIENTED_EDGE ( 'NONE', *, *, #159, .T. ) ;
#397 = EDGE_CURVE ( 'NONE', #1463, #758, #736, .T. ) ;
#398 = CARTESIAN_POINT ( 'NONE',  ( -1.100000000000000089, 0.2000000000000000111, -0.1999999999999955147 ) ) ;
#399 = DIRECTION ( 'NONE',  ( 1.000000000000000000, 0.000000000000000000, -3.491481338843135327E-15 ) ) ;
#400 = DIRECTION ( 'NONE',  ( -1.000000000000000000, 0.000000000000000000, 3.491481338843135327E-15 ) ) ;
#401 = ORIENTED_EDGE ( 'NONE', *, *, #2070, .T. ) ;
#402 = VERTEX_POINT ( 'NONE', #358 ) ;
#403 = CARTESIAN_POINT ( 'NONE',  ( -1.100000000000000089, 0.2000000000000000111, -0.1999999999999955147 ) ) ;
#404 = EDGE_LOOP ( 'NONE', ( #510, #2096 ) ) ;
#405 = AXIS2_PLACEMENT_3D ( 'NONE', #412, #2017, #1294 ) ;
#406 = ORIENTED_EDGE ( 'NONE', *, *, #2097, .T. ) ;
#407 = ADVANCED_FACE ( 'NONE', ( #1489 ), #1613, .F. ) ;
#408 = DIRECTION ( 'NONE',  ( 0.000000000000000000, 0.000000000000000000, 1.000000000000000000 ) ) ;
#409 = EDGE_LOOP ( 'NONE', ( #2454, #600, #825, #374 ) ) ;
#410 = PLANE ( 'NONE',  #1497 ) ;
#411 = CARTESIAN_POINT ( 'NONE',  ( 1.100000000000000089, 0.7656854249492389686, 0.1999999999999970135 ) ) ;
#412 = CARTESIAN_POINT ( 'NONE',  ( -1.100000000000000089, 0.2000000000000000111, 1.149999999999999911 ) ) ;
#413 = CARTESIAN_POINT ( 'NONE',  ( 1.500000000000000000, 0.2000000000000000111, 0.7500000000000000000 ) ) ;
#414 = ORIENTED_EDGE ( 'NONE', *, *, #469, .F. ) ;
#415 = DIRECTION ( 'NONE',  ( 0.000000000000000000, -1.000000000000000000, 0.000000000000000000 ) ) ;
#416 = EDGE_LOOP ( 'NONE', ( #2258, #935, #667, #1830 ) ) ;
#417 = SURFACE_STYLE_USAGE ( .BOTH. , #1087 ) ;
#418 = VERTEX_POINT ( 'NONE', #1959 ) ;
#419 = CARTESIAN_POINT ( 'NONE',  ( -1.500000000000000000, 0.05000000000000000278, -0.7500000000000000000 ) ) ;
#420 = AXIS2_PLACEMENT_3D ( 'NONE', #1408, #259, #2245 ) ;
#421 = ORIENTED_EDGE ( 'NONE', *, *, #220, .T. ) ;
#422 = EDGE_CURVE ( 'NONE', #2244, #108, #2356, .T. ) ;
#423 = AXIS2_PLACEMENT_3D ( 'NONE', #1720, #274, #627 ) ;
#424 = ADVANCED_FACE ( 'NONE', ( #2389 ), #1021, .T. ) ;
#425 = CARTESIAN_POINT ( 'NONE',  ( -1.077994694398533904, 0.9000000000000000222, -1.093674617226153778 ) ) ;
#426 = EDGE_LOOP ( 'NONE', ( #712, #2295, #1713, #2503 ) ) ;
#427 = DIRECTION ( 'NONE',  ( -3.491481338843135327E-15, 0.000000000000000000, -1.000000000000000000 ) ) ;
#428 = CARTESIAN_POINT ( 'NONE',  ( -5.262036038027930302E-15, 0.05000000000000000278, -1.149999999999999911 ) ) ;
#429 = ORIENTED_EDGE ( 'NONE', *, *, #279, .F. ) ;
#430 = ADVANCED_FACE ( 'NONE', ( #2437 ), #1082, .F. ) ;
#431 = CARTESIAN_POINT ( 'NONE',  ( 0.8000000000000000444, 3.168164415931164601, -1.250000000000000000 ) ) ;
#432 = CARTESIAN_POINT ( 'NONE',  ( -4.814558332715209525E-16, 0.05000000000000000278, -0.2000000000000000111 ) ) ;
#433 = ORIENTED_EDGE ( 'NONE', *, *, #1938, .F. ) ;
#434 = ORIENTED_EDGE ( 'NONE', *, *, #1834, .T. ) ;
#435 = CARTESIAN_POINT ( 'NONE',  ( -0.5000000000000000000, 3.168164415931164601, -1.250000000000000000 ) ) ;
#436 = PLANE ( 'NONE',  #461 ) ;
#437 = ORIENTED_EDGE ( 'NONE', *, *, #2256, .F. ) ;
#438 = EDGE_CURVE ( 'NONE', #548, #728, #710, .T. ) ;
#439 = DIRECTION ( 'NONE',  ( 1.000000000000000000, 0.000000000000000000, -3.491481338843135327E-15 ) ) ;
#440 = VERTEX_POINT ( 'NONE', #2448 ) ;
#441 = ORIENTED_EDGE ( 'NONE', *, *, #914, .T. ) ;
#442 = STYLED_ITEM ( 'NONE', ( #2463 ), #576 ) ;
#443 = EDGE_CURVE ( 'NONE', #1572, #1571, #781, .T. ) ;
#444 = ORIENTED_EDGE ( 'NONE', *, *, #2172, .T. ) ;
#445 = VERTEX_POINT ( 'NONE', #1846 ) ;
#446 = ORIENTED_EDGE ( 'NONE', *, *, #44, .T. ) ;
#447 = CARTESIAN_POINT ( 'NONE',  ( 0.8000000000000000444, 3.168164415931164601, -1.250000000000000000 ) ) ;
#448 = DIRECTION ( 'NONE',  ( 1.000000000000000000, 0.000000000000000000, 0.000000000000000000 ) ) ;
#449 = VERTEX_POINT ( 'NONE', #345 ) ;
#450 = ADVANCED_FACE ( 'NONE', ( #1573 ), #1774, .T. ) ;
#451 = CARTESIAN_POINT ( 'NONE',  ( -1.500000000000000000, 0.7656854249492389686, 0.7500000000000000000 ) ) ;
#452 = DIRECTION ( 'NONE',  ( 0.000000000000000000, 1.000000000000000000, 0.000000000000000000 ) ) ;
#453 = DIRECTION ( 'NONE',  ( -2.949380252600380349E-15, 0.000000000000000000, -1.000000000000000000 ) ) ;
#454 = VECTOR ( 'NONE', #1793, 1000.000000000000000 ) ;
#455 = CARTESIAN_POINT ( 'NONE',  ( 1.500000000000000000, 0.000000000000000000, -1.149999999999999911 ) ) ;
#456 = ORIENTED_EDGE ( 'NONE', *, *, #1222, .T. ) ;
#457 = AXIS2_PLACEMENT_3D ( 'NONE', #13, #1847, #2131 ) ;
#458 = EDGE_CURVE ( 'NONE', #1461, #597, #1618, .T. ) ;
#459 = LINE ( 'NONE', #1977, #1384 ) ;
#460 = ORIENTED_EDGE ( 'NONE', *, *, #665, .T. ) ;
#461 = AXIS2_PLACEMENT_3D ( 'NONE', #1212, #685, #1101 ) ;
#462 = CARTESIAN_POINT ( 'NONE',  ( 0.8000000000000000444, 0.2000000000000000111, -1.250000000000000000 ) ) ;
#463 = EDGE_LOOP ( 'NONE', ( #1554, #587, #750, #870 ) ) ;
#464 = CARTESIAN_POINT ( 'NONE',  ( 1.100000000000000089, 0.2000000000000000111, 0.7500000000000000000 ) ) ;
#465 = DIRECTION ( 'NONE',  ( 0.000000000000000000, -1.000000000000000000, 0.000000000000000000 ) ) ;
#466 = SURFACE_STYLE_FILL_AREA ( #987 ) ;
#467 = ORIENTED_EDGE ( 'NONE', *, *, #1668, .T. ) ;
#468 = PLANE ( 'NONE',  #1823 ) ;
#469 = EDGE_CURVE ( 'NONE', #2265, #1854, #2402, .T. ) ;
#470 = DIRECTION ( 'NONE',  ( -1.000000000000000000, 0.000000000000000000, 3.491481338843135327E-15 ) ) ;
#471 = CARTESIAN_POINT ( 'NONE',  ( -1.500000000000000000, 0.7656854249492389686, -1.149999999999999911 ) ) ;
#472 = VECTOR ( 'NONE', #2098, 1000.000000000000000 ) ;
#473 = ORIENTED_EDGE ( 'NONE', *, *, #1084, .T. ) ;
#474 = ADVANCED_FACE ( 'NONE', ( #2458 ), #1049, .F. ) ;
#475 = VECTOR ( 'NONE', #1721, 1000.000000000000000 ) ;
#476 = ORIENTED_EDGE ( 'NONE', *, *, #1198, .F. ) ;
#477 = CARTESIAN_POINT ( 'NONE',  ( -1.100000000000000089, 0.2000000000000000111, 0.7500000000000000000 ) ) ;
#478 = VECTOR ( 'NONE', #1828, 1000.000000000000000 ) ;
#479 = ORIENTED_EDGE ( 'NONE', *, *, #159, .F. ) ;
#480 = CARTESIAN_POINT ( 'NONE',  ( -1.100000000000000089, 0.000000000000000000, -1.149999999999999911 ) ) ;
#481 = CARTESIAN_POINT ( 'NONE',  ( 1.100000000000000089, 0.05000000000000000278, -0.2000000000000035083 ) ) ;
#482 = DIRECTION ( 'NONE',  ( 0.000000000000000000, -1.000000000000000000, 0.000000000000000000 ) ) ;
#483 = LINE ( 'NONE', #79, #2167 ) ;
#484 = ORIENTED_EDGE ( 'NONE', *, *, #1092, .T. ) ;
#485 = DIRECTION ( 'NONE',  ( 0.000000000000000000, -1.000000000000000000, 0.000000000000000000 ) ) ;
#486 = DIRECTION ( 'NONE',  ( 0.000000000000000000, -1.000000000000000000, 0.000000000000000000 ) ) ;
#487 =( NAMED_UNIT ( * ) PLANE_ANGLE_UNIT ( ) SI_UNIT ( $, .RADIAN. ) );
#488 = FACE_OUTER_BOUND ( 'NONE', #1487, .T. ) ;
#489 = PRESENTATION_STYLE_ASSIGNMENT (( #121 ) ) ;
#490 = DIRECTION ( 'NONE',  ( 0.000000000000000000, -1.000000000000000000, 0.000000000000000000 ) ) ;
#491 = EDGE_LOOP ( 'NONE', ( #863, #1519, #2507, #1575 ) ) ;
#492 = EDGE_CURVE ( 'NONE', #2348, #673, #1623, .T. ) ;
#493 = CARTESIAN_POINT ( 'NONE',  ( 1.100000000000000089, 0.2000000000000000111, 0.1999999999999970135 ) ) ;
#494 = VECTOR ( 'NONE', #1002, 1000.000000000000000 ) ;
#495 = EDGE_LOOP ( 'NONE', ( #147, #2533, #2291, #632 ) ) ;
#496 = PLANE ( 'NONE',  #2255 ) ;
#497 = LINE ( 'NONE', #1218, #2228 ) ;
#498 = LINE ( 'NONE', #140, #475 ) ;
#499 = ORIENTED_EDGE ( 'NONE', *, *, #104, .F. ) ;
#500 = CARTESIAN_POINT ( 'NONE',  ( -1.500000000000000000, 0.2000000000000000111, 0.7500000000000000000 ) ) ;
#501 = CARTESIAN_POINT ( 'NONE',  ( -0.8000000000000000444, 0.2000000000000000111, 1.250000000000000000 ) ) ;
#502 = AXIS2_PLACEMENT_3D ( 'NONE', #1035, #911, #862 ) ;
#503 = EDGE_CURVE ( 'NONE', #2330, #1463, #722, .T. ) ;
#504 = VECTOR ( 'NONE', #1020, 1000.000000000000000 ) ;
#505 = LINE ( 'NONE', #204, #1311 ) ;
#506 = VERTEX_POINT ( 'NONE', #146 ) ;
#507 = DIRECTION ( 'NONE',  ( 0.000000000000000000, -1.000000000000000000, 0.000000000000000000 ) ) ;
#508 = LINE ( 'NONE', #1011, #1383 ) ;
#509 = FACE_OUTER_BOUND ( 'NONE', #715, .T. ) ;
#510 = ORIENTED_EDGE ( 'NONE', *, *, #492, .F. ) ;
#511 = CARTESIAN_POINT ( 'NONE',  ( -0.8000000000000000444, 3.168164415931164601, -0.9499999999999999556 ) ) ;
#512 = CARTESIAN_POINT ( 'NONE',  ( -0.8000000000000000444, 3.168164415931164601, 1.250000000000000000 ) ) ;
#513 = VECTOR ( 'NONE', #82, 1000.000000000000000 ) ;
#514 = FACE_OUTER_BOUND ( 'NONE', #2347, .T. ) ;
#515 = VERTEX_POINT ( 'NONE', #2027 ) ;
#516 = CARTESIAN_POINT ( 'NONE',  ( -0.8000000000000000444, 3.168164415931164601, 1.250000000000000000 ) ) ;
#517 = LINE ( 'NONE', #2272, #504 ) ;
#518 = LINE ( 'NONE', #42, #1126 ) ;
#519 = ORIENTED_EDGE ( 'NONE', *, *, #60, .T. ) ;
#520 = EDGE_CURVE ( 'NONE', #2135, #2367, #669, .T. ) ;
#521 = CARTESIAN_POINT ( 'NONE',  ( 1.100000000000000089, 0.000000000000000000, 0.1999999999999970135 ) ) ;
#522 = LINE ( 'NONE', #1354, #2205 ) ;
#523 = LINE ( 'NONE', #1114, #1342 ) ;
#524 = EDGE_LOOP ( 'NONE', ( #2491, #764, #1231, #607 ) ) ;
#525 = DIRECTION ( 'NONE',  ( -1.000000000000000000, 0.000000000000000000, 3.491481338843135327E-15 ) ) ;
#526 = EDGE_CURVE ( 'NONE', #1641, #572, #2468, .T. ) ;
#527 = CARTESIAN_POINT ( 'NONE',  ( 0.000000000000000000, 0.2000000000000000111, 0.000000000000000000 ) ) ;
#528 = VECTOR ( 'NONE', #2112, 1000.000000000000000 ) ;
#529 = ORIENTED_EDGE ( 'NONE', *, *, #1029, .F. ) ;
#530 = CARTESIAN_POINT ( 'NONE',  ( 1.100000000000000089, 0.7656854249492389686, 0.7500000000000000000 ) ) ;
#531 = DIRECTION ( 'NONE',  ( 4.575683511328640156E-15, 0.000000000000000000, 1.000000000000000000 ) ) ;
#532 = LINE ( 'NONE', #500, #2243 ) ;
#533 = FACE_OUTER_BOUND ( 'NONE', #1566, .T. ) ;
#534 = ORIENTED_EDGE ( 'NONE', *, *, #1187, .F. ) ;
#535 = DIRECTION ( 'NONE',  ( 1.000000000000000000, 0.000000000000000000, 0.000000000000000000 ) ) ;
#536 = EDGE_CURVE ( 'NONE', #1004, #1672, #767, .T. ) ;
#537 = COLOUR_RGB ( '',0.7921568627450980005, 0.8196078431372548767, 0.9333333333333333481 ) ;
#538 = LINE ( 'NONE', #686, #2142 ) ;
#539 = ORIENTED_EDGE ( 'NONE', *, *, #617, .T. ) ;
#540 = AXIS2_PLACEMENT_3D ( 'NONE', #2129, #215, #1335 ) ;
#541 = EDGE_CURVE ( 'NONE', #2412, #682, #1612, .T. ) ;
#542 = PLANE ( 'NONE',  #1107 ) ;
#543 = PLANE ( 'NONE',  #1981 ) ;
#544 = FACE_OUTER_BOUND ( 'NONE', #693, .T. ) ;
#545 = VERTEX_POINT ( 'NONE', #1076 ) ;
#546 = ORIENTED_EDGE ( 'NONE', *, *, #337, .F. ) ;
#547 = CARTESIAN_POINT ( 'NONE',  ( -1.077994694398533904, 0.9000000000000000222, -1.093674617226153778 ) ) ;
#548 = VERTEX_POINT ( 'NONE', #1217 ) ;
#549 = CARTESIAN_POINT ( 'NONE',  ( -0.8000000000000000444, 0.2000000000000000111, -1.250000000000000000 ) ) ;
#550 = EDGE_LOOP ( 'NONE', ( #1839, #1656 ) ) ;
#551 = DIRECTION ( 'NONE',  ( 1.000000000000000000, 0.000000000000000000, -4.575683511328640156E-15 ) ) ;
#552 = DIRECTION ( 'NONE',  ( -3.636041628507870698E-15, 0.000000000000000000, -1.000000000000000000 ) ) ;
#553 = LINE ( 'NONE', #198, #2209 ) ;
#554 = VERTEX_POINT ( 'NONE', #2164 ) ;
#555 = CARTESIAN_POINT ( 'NONE',  ( -1.100000000000000089, 0.2000000000000000111, 0.2000000000000045075 ) ) ;
#556 = AXIS2_PLACEMENT_3D ( 'NONE', #281, #1694, #2185 ) ;
#557 = ORIENTED_EDGE ( 'NONE', *, *, #150, .F. ) ;
#558 = EDGE_CURVE ( 'NONE', #605, #2321, #676, .T. ) ;
#559 = DIRECTION ( 'NONE',  ( -1.000000000000000000, 0.000000000000000000, 4.575683511328640156E-15 ) ) ;
#560 = AXIS2_PLACEMENT_3D ( 'NONE', #547, #75, #1348 ) ;
#561 = VECTOR ( 'NONE', #1942, 1000.000000000000000 ) ;
#562 = VERTEX_POINT ( 'NONE', #940 ) ;
#563 = ADVANCED_FACE ( 'NONE', ( #659 ), #1244, .T. ) ;
#564 = DIRECTION ( 'NONE',  ( 0.000000000000000000, -1.000000000000000000, 0.000000000000000000 ) ) ;
#565 = LINE ( 'NONE', #1136, #2260 ) ;
#566 = ORIENTED_EDGE ( 'NONE', *, *, #360, .F. ) ;
#567 = CARTESIAN_POINT ( 'NONE',  ( -0.8000000000000000444, 0.2000000000000000111, -1.250000000000000000 ) ) ;
#568 = EDGE_LOOP ( 'NONE', ( #1287, #822 ) ) ;
#569 = ORIENTED_EDGE ( 'NONE', *, *, #1401, .T. ) ;
#570 = CARTESIAN_POINT ( 'NONE',  ( 1.100000000000000089, 0.2000000000000000111, -1.149999999999999911 ) ) ;
#571 = CLOSED_SHELL ( 'NONE', ( #1829, #430, #1892, #278, #1476, #2527 ) ) ;
#572 = VERTEX_POINT ( 'NONE', #1906 ) ;
#573 = CARTESIAN_POINT ( 'NONE',  ( -0.8000000000000000444, 3.168164415931164601, -1.250000000000000000 ) ) ;
#574 = DIRECTION ( 'NONE',  ( 0.000000000000000000, 1.000000000000000000, 0.000000000000000000 ) ) ;
#575 = DIRECTION ( 'NONE',  ( -1.000000000000000000, 0.000000000000000000, 3.491481338843135327E-15 ) ) ;
#576 = MANIFOLD_SOLID_BREP ( 'NONE', #1253 ) ;
#577 = AXIS2_PLACEMENT_3D ( 'NONE', #1281, #1770, #1910 ) ;
#578 = VECTOR ( 'NONE', #1762, 1000.000000000000000 ) ;
#579 = EDGE_CURVE ( 'NONE', #1854, #2265, #2372, .T. ) ;
#580 = ORIENTED_EDGE ( 'NONE', *, *, #1982, .T. ) ;
#581 = DIRECTION ( 'NONE',  ( -1.000000000000000000, 0.000000000000000000, 3.491481338843135327E-15 ) ) ;
#582 = CARTESIAN_POINT ( 'NONE',  ( 1.100000000000000089, 0.2000000000000000111, 0.1999999999999970135 ) ) ;
#583 = FACE_OUTER_BOUND ( 'NONE', #1211, .T. ) ;
#584 = EDGE_LOOP ( 'NONE', ( #2132, #1718, #865, #661 ) ) ;
#585 = DIRECTION ( 'NONE',  ( 1.000000000000000000, 0.000000000000000000, -4.575683511328640156E-15 ) ) ;
#586 =( NAMED_UNIT ( * ) SI_UNIT ( $, .STERADIAN. ) SOLID_ANGLE_UNIT ( ) );
#587 = ORIENTED_EDGE ( 'NONE', *, *, #1766, .F. ) ;
#588 = DIRECTION ( 'NONE',  ( -1.000000000000000000, 0.000000000000000000, 3.404745165044295367E-15 ) ) ;
#589 = VECTOR ( 'NONE', #131, 1000.000000000000000 ) ;
#590 = VERTEX_POINT ( 'NONE', #593 ) ;
#591 = PLANE ( 'NONE',  #1963 ) ;
#592 = ADVANCED_FACE ( 'NONE', ( #2426 ), #496, .T. ) ;
#593 = CARTESIAN_POINT ( 'NONE',  ( -1.500000000000000000, 0.000000000000000000, 0.7500000000000000000 ) ) ;
#594 = VECTOR ( 'NONE', #48, 1000.000000000000000 ) ;
#595 = EDGE_LOOP ( 'NONE', ( #795, #956, #1742, #838 ) ) ;
#596 = CARTESIAN_POINT ( 'NONE',  ( -1.500000000000000000, 0.2000000000000000111, -0.1999999999999945155 ) ) ;
#597 = VERTEX_POINT ( 'NONE', #1324 ) ;
#598 = AXIS2_PLACEMENT_3D ( 'NONE', #435, #2467, #415 ) ;
#599 = VERTEX_POINT ( 'NONE', #1527 ) ;
#600 = ORIENTED_EDGE ( 'NONE', *, *, #1098, .F. ) ;
#601 = VERTEX_POINT ( 'NONE', #1288 ) ;
#602 = PRESENTATION_LAYER_ASSIGNMENT (  '', '', ( #1031 ) ) ;
#603 = DIRECTION ( 'NONE',  ( 1.000000000000000000, 0.000000000000000000, -4.575683511328640156E-15 ) ) ;
#604 = CARTESIAN_POINT ( 'NONE',  ( -0.8000000000000000444, 0.2000000000000000111, -1.250000000000000000 ) ) ;
#605 = VERTEX_POINT ( 'NONE', #2535 ) ;
#606 = LINE ( 'NONE', #1111, #672 ) ;
#607 = ORIENTED_EDGE ( 'NONE', *, *, #1689, .T. ) ;
#608 = EDGE_LOOP ( 'NONE', ( #1636, #1605, #1559, #2536 ) ) ;
#609 = PRODUCT_DEFINITION_CONTEXT ( 'detailed design', #2530, 'design' ) ;
#610 = CARTESIAN_POINT ( 'NONE',  ( -1.100000000000000089, 0.2000000000000000111, -0.1999999999999955147 ) ) ;
#611 = CARTESIAN_POINT ( 'NONE',  ( 0.000000000000000000, 0.2000000000000000111, 0.000000000000000000 ) ) ;
#612 = VERTEX_POINT ( 'NONE', #187 ) ;
#613 = CYLINDRICAL_SURFACE ( 'NONE', #90, 0.1661258039605105208 ) ;
#614 = VERTEX_POINT ( 'NONE', #347 ) ;
#615 = VERTEX_POINT ( 'NONE', #338 ) ;
#616 = AXIS2_PLACEMENT_3D ( 'NONE', #1079, #247, #876 ) ;
#617 = EDGE_CURVE ( 'NONE', #2367, #2370, #692, .T. ) ;
#618 = ORIENTED_EDGE ( 'NONE', *, *, #2478, .T. ) ;
#619 = VERTEX_POINT ( 'NONE', #1816 ) ;
#620 = ADVANCED_FACE ( 'NONE', ( #2331 ), #15, .T. ) ;
#621 = EDGE_LOOP ( 'NONE', ( #2497, #756, #2113, #732 ) ) ;
#622 = EDGE_CURVE ( 'NONE', #1494, #506, #760, .T. ) ;
#623 = VERTEX_POINT ( 'NONE', #49 ) ;
#624 = ORIENTED_EDGE ( 'NONE', *, *, #1187, .T. ) ;
#625 = EDGE_LOOP ( 'NONE', ( #1611, #2409, #2292, #1285 ) ) ;
#626 = PLANE ( 'NONE',  #1817 ) ;
#627 = DIRECTION ( 'NONE',  ( 0.000000000000000000, 1.000000000000000000, 0.000000000000000000 ) ) ;
#628 = ORIENTED_EDGE ( 'NONE', *, *, #268, .F. ) ;
#629 = VERTEX_POINT ( 'NONE', #31 ) ;
#630 = VERTEX_POINT ( 'NONE', #221 ) ;
#631 = CARTESIAN_POINT ( 'NONE',  ( 1.100000000000000089, 0.2000000000000000111, -0.7500000000000000000 ) ) ;
#632 = ORIENTED_EDGE ( 'NONE', *, *, #1630, .T. ) ;
#633 = LINE ( 'NONE', #2444, #1555 ) ;
#634 = CLOSED_SHELL ( 'NONE', ( #2382, #450, #786, #170 ) ) ;
#635 = ORIENTED_EDGE ( 'NONE', *, *, #866, .T. ) ;
#636 = DIRECTION ( 'NONE',  ( -3.491481338843135327E-15, 0.000000000000000000, -1.000000000000000000 ) ) ;
#637 = FACE_OUTER_BOUND ( 'NONE', #2349, .T. ) ;
#638 = EDGE_LOOP ( 'NONE', ( #1361, #373, #2211, #361 ) ) ;
#639 = VERTEX_POINT ( 'NONE', #1272 ) ;
#640 = VERTEX_POINT ( 'NONE', #2241 ) ;
#641 = EDGE_CURVE ( 'NONE', #107, #1416, #788, .T. ) ;
#642 = FACE_OUTER_BOUND ( 'NONE', #2300, .T. ) ;
#643 = DIRECTION ( 'NONE',  ( 0.000000000000000000, -1.000000000000000000, 0.000000000000000000 ) ) ;
#644 = ORIENTED_EDGE ( 'NONE', *, *, #1947, .F. ) ;
#645 = CARTESIAN_POINT ( 'NONE',  ( -1.100000000000000089, 0.7656854249492389686, -0.7500000000000000000 ) ) ;
#646 = ORIENTED_EDGE ( 'NONE', *, *, #938, .T. ) ;
#647 = VECTOR ( 'NONE', #2213, 1000.000000000000000 ) ;
#648 = EDGE_LOOP ( 'NONE', ( #2450, #819, #1787, #2392 ) ) ;
#649 = VERTEX_POINT ( 'NONE', #730 ) ;
#650 = ADVANCED_FACE ( 'NONE', ( #1581 ), #1920, .F. ) ;
#651 = VECTOR ( 'NONE', #2011, 1000.000000000000000 ) ;
#652 = ORIENTED_EDGE ( 'NONE', *, *, #1041, .F. ) ;
#653 = DIRECTION ( 'NONE',  ( -1.000000000000000000, 0.000000000000000000, 2.407279166357630105E-15 ) ) ;
#654 = CARTESIAN_POINT ( 'NONE',  ( 1.100000000000000089, 0.7656854249492389686, -1.149999999999999911 ) ) ;
#655 = ORIENTED_EDGE ( 'NONE', *, *, #536, .T. ) ;
#656 = DIRECTION ( 'NONE',  ( 0.000000000000000000, -1.000000000000000000, 0.000000000000000000 ) ) ;
#657 = EDGE_LOOP ( 'NONE', ( #2471, #658, #2339, #2269 ) ) ;
#658 = ORIENTED_EDGE ( 'NONE', *, *, #275, .T. ) ;
#659 = FACE_OUTER_BOUND ( 'NONE', #91, .T. ) ;
#660 = ORIENTED_EDGE ( 'NONE', *, *, #243, .F. ) ;
#661 = ORIENTED_EDGE ( 'NONE', *, *, #1766, .T. ) ;
#662 = AXIS2_PLACEMENT_3D ( 'NONE', #2075, #314, #2276 ) ;
#663 = ORIENTED_EDGE ( 'NONE', *, *, #134, .F. ) ;
#664 = LINE ( 'NONE', #208, #2415 ) ;
#665 = EDGE_CURVE ( 'NONE', #2351, #2275, #1634, .T. ) ;
#666 = EDGE_LOOP ( 'NONE', ( #1512, #998, #1528, #1485 ) ) ;
#667 = ORIENTED_EDGE ( 'NONE', *, *, #357, .T. ) ;
#668 = EDGE_LOOP ( 'NONE', ( #1448, #1490, #2492, #2357, #1821, #2336, #534, #460, #1579, #519, #2475, #2411, #444, #714, #660, #2391 ) ) ;
#669 = LINE ( 'NONE', #1730, #651 ) ;
#670 = VERTEX_POINT ( 'NONE', #329 ) ;
#671 = ORIENTED_EDGE ( 'NONE', *, *, #1246, .T. ) ;
#672 = VECTOR ( 'NONE', #2032, 1000.000000000000000 ) ;
#673 = VERTEX_POINT ( 'NONE', #2517 ) ;
#674 = DIRECTION ( 'NONE',  ( -1.000000000000000000, 0.000000000000000000, 2.407279166357630105E-15 ) ) ;
#675 = VERTEX_POINT ( 'NONE', #785 ) ;
#676 = LINE ( 'NONE', #290, #1558 ) ;
#677 = DIRECTION ( 'NONE',  ( -1.000000000000000000, 0.000000000000000000, 3.491481338843135327E-15 ) ) ;
#678 = ORIENTED_EDGE ( 'NONE', *, *, #1956, .F. ) ;
#679 = ORIENTED_EDGE ( 'NONE', *, *, #526, .T. ) ;
#680 = FACE_OUTER_BOUND ( 'NONE', #1458, .T. ) ;
#681 = VERTEX_POINT ( 'NONE', #2259 ) ;
#682 = VERTEX_POINT ( 'NONE', #2058 ) ;
#683 = ORIENTED_EDGE ( 'NONE', *, *, #1631, .F. ) ;
#684 = DIRECTION ( 'NONE',  ( 2.407279166357630105E-15, 0.000000000000000000, 1.000000000000000000 ) ) ;
#685 = DIRECTION ( 'NONE',  ( -0.000000000000000000, 1.000000000000000000, 0.000000000000000000 ) ) ;
#686 = CARTESIAN_POINT ( 'NONE',  ( -1.100000000000000089, 0.7656854249492389686, -0.1999999999999955147 ) ) ;
#687 = ORIENTED_EDGE ( 'NONE', *, *, #2184, .F. ) ;
#688 = ORIENTED_EDGE ( 'NONE', *, *, #1473, .T. ) ;
#689 = VERTEX_POINT ( 'NONE', #1800 ) ;
#690 = ADVANCED_FACE ( 'NONE', ( #642 ), #1944, .T. ) ;
#691 = EDGE_LOOP ( 'NONE', ( #476, #1456, #772, #1588 ) ) ;
#692 = LINE ( 'NONE', #1593, #1539 ) ;
#693 = EDGE_LOOP ( 'NONE', ( #1240, #1299, #1474, #1255 ) ) ;
#694 = EDGE_LOOP ( 'NONE', ( #529, #1357, #2363, #539 ) ) ;
#695 = CARTESIAN_POINT ( 'NONE',  ( 1.100000000000000089, 0.2000000000000000111, -1.149999999999999911 ) ) ;
#696 = EDGE_CURVE ( 'NONE', #2370, #2420, #2340, .T. ) ;
#697 = ORIENTED_EDGE ( 'NONE', *, *, #1825, .F. ) ;
#698 = VECTOR ( 'NONE', #559, 1000.000000000000000 ) ;
#699 = ORIENTED_EDGE ( 'NONE', *, *, #1532, .T. ) ;
#700 = LINE ( 'NONE', #2374, #753 ) ;
#701 = VERTEX_POINT ( 'NONE', #199 ) ;
#702 = AXIS2_PLACEMENT_3D ( 'NONE', #313, #143, #126 ) ;
#703 = DIRECTION ( 'NONE',  ( -1.000000000000000000, 0.000000000000000000, 3.491481338843135327E-15 ) ) ;
#704 = ORIENTED_EDGE ( 'NONE', *, *, #1982, .F. ) ;
#705 = CARTESIAN_POINT ( 'NONE',  ( 1.500000000000000000, 0.2000000000000000111, 0.1999999999999949873 ) ) ;
#706 = EDGE_CURVE ( 'NONE', #1550, #1514, #1597, .T. ) ;
#707 = VERTEX_POINT ( 'NONE', #1491 ) ;
#708 = ORIENTED_EDGE ( 'NONE', *, *, #1215, .T. ) ;
#709 = CARTESIAN_POINT ( 'NONE',  ( 1.100000000000000089, 0.000000000000000000, 0.7500000000000000000 ) ) ;
#710 = LINE ( 'NONE', #359, #2379 ) ;
#711 = ORIENTED_EDGE ( 'NONE', *, *, #2055, .F. ) ;
#712 = ORIENTED_EDGE ( 'NONE', *, *, #1321, .F. ) ;
#713 = FACE_OUTER_BOUND ( 'NONE', #1462, .T. ) ;
#714 = ORIENTED_EDGE ( 'NONE', *, *, #189, .T. ) ;
#715 = EDGE_LOOP ( 'NONE', ( #414, #1283, #1544, #833 ) ) ;
#716 = ORIENTED_EDGE ( 'NONE', *, *, #2287, .F. ) ;
#717 = DIRECTION ( 'NONE',  ( 0.000000000000000000, 0.000000000000000000, -1.000000000000000000 ) ) ;
#718 = CARTESIAN_POINT ( 'NONE',  ( -1.100000000000000089, 0.000000000000000000, -0.7500000000000000000 ) ) ;
#719 = ORIENTED_EDGE ( 'NONE', *, *, #2188, .T. ) ;
#720 = ORIENTED_EDGE ( 'NONE', *, *, #641, .T. ) ;
#721 = VERTEX_POINT ( 'NONE', #2293 ) ;
#722 = LINE ( 'NONE', #1711, #2350 ) ;
#723 = ORIENTED_EDGE ( 'NONE', *, *, #879, .F. ) ;
#724 =( GEOMETRIC_REPRESENTATION_CONTEXT ( 3 ) GLOBAL_UNCERTAINTY_ASSIGNED_CONTEXT ( ( #2013 ) ) GLOBAL_UNIT_ASSIGNED_CONTEXT ( ( #2006, #1128, #1460 ) ) REPRESENTATION_CONTEXT ( 'NONE', 'WORKASPACE' ) );
#725 = EDGE_CURVE ( 'NONE', #21, #1749, #1482, .T. ) ;
#726 = DIRECTION ( 'NONE',  ( -4.575683511328640156E-15, 0.000000000000000000, -1.000000000000000000 ) ) ;
#727 = ORIENTED_EDGE ( 'NONE', *, *, #558, .F. ) ;
#728 = VERTEX_POINT ( 'NONE', #1849 ) ;
#729 = VECTOR ( 'NONE', #2088, 1000.000000000000000 ) ;
#730 = CARTESIAN_POINT ( 'NONE',  ( 1.500000000000000000, 1.000000000000000000, 1.500000000000000000 ) ) ;
#731 = ORIENTED_EDGE ( 'NONE', *, *, #337, .T. ) ;
#732 = ORIENTED_EDGE ( 'NONE', *, *, #1434, .T. ) ;
#733 = VECTOR ( 'NONE', #581, 1000.000000000000000 ) ;
#734 = ORIENTED_EDGE ( 'NONE', *, *, #1834, .F. ) ;
#735 = ORIENTED_EDGE ( 'NONE', *, *, #1615, .T. ) ;
#736 = LINE ( 'NONE', #2312, #1548 ) ;
#737 =( LENGTH_UNIT ( ) NAMED_UNIT ( * ) SI_UNIT ( .MILLI., .METRE. ) );
#738 = DIRECTION ( 'NONE',  ( 0.000000000000000000, -1.000000000000000000, 0.000000000000000000 ) ) ;
#739 = ORIENTED_EDGE ( 'NONE', *, *, #1143, .F. ) ;
#740 = ORIENTED_EDGE ( 'NONE', *, *, #155, .T. ) ;
#741 = ORIENTED_EDGE ( 'NONE', *, *, #2413, .T. ) ;
#742 = VECTOR ( 'NONE', #1804, 1000.000000000000000 ) ;
#743 = VERTEX_POINT ( 'NONE', #115 ) ;
#744 = VECTOR ( 'NONE', #1132, 1000.000000000000000 ) ;
#745 =( NAMED_UNIT ( * ) SI_UNIT ( $, .STERADIAN. ) SOLID_ANGLE_UNIT ( ) );
#746 = UNCERTAINTY_MEASURE_WITH_UNIT (LENGTH_MEASURE( 1.000000000000000082E-05 ), #2510, 'distance_accuracy_value', 'NONE');
#747 = ORIENTED_EDGE ( 'NONE', *, *, #1205, .T. ) ;
#748 = DIRECTION ( 'NONE',  ( 1.000000000000000000, 0.000000000000000000, -2.949380252600380349E-15 ) ) ;
#749 = CARTESIAN_POINT ( 'NONE',  ( 1.100000000000000089, 0.000000000000000000, 0.7500000000000000000 ) ) ;
#750 = ORIENTED_EDGE ( 'NONE', *, *, #2413, .F. ) ;
#751 = ORIENTED_EDGE ( 'NONE', *, *, #2311, .T. ) ;
#752 = AXIS2_PLACEMENT_3D ( 'NONE', #1413, #273, #299 ) ;
#753 = VECTOR ( 'NONE', #1392, 1000.000000000000000 ) ;
#754 = CARTESIAN_POINT ( 'NONE',  ( 1.100000000000000089, 0.2000000000000000111, -1.149999999999999911 ) ) ;
#755 = EDGE_CURVE ( 'NONE', #1772, #853, #802, .T. ) ;
#756 = ORIENTED_EDGE ( 'NONE', *, *, #2095, .T. ) ;
#757 = STYLED_ITEM ( 'NONE', ( #260 ), #1779 ) ;
#758 = VERTEX_POINT ( 'NONE', #891 ) ;
#759 = ORIENTED_EDGE ( 'NONE', *, *, #2440, .F. ) ;
#760 = LINE ( 'NONE', #2102, #1628 ) ;
#761 = PRESENTATION_LAYER_ASSIGNMENT (  '', '', ( #180 ) ) ;
#762 = DIRECTION ( 'NONE',  ( 2.949380252600380349E-15, 0.000000000000000000, 1.000000000000000000 ) ) ;
#763 = ORIENTED_EDGE ( 'NONE', *, *, #2095, .F. ) ;
#764 = ORIENTED_EDGE ( 'NONE', *, *, #1881, .T. ) ;
#765 = ORIENTED_EDGE ( 'NONE', *, *, #1708, .T. ) ;
#766 = DIRECTION ( 'NONE',  ( 1.000000000000000000, 0.000000000000000000, -4.575683511328640156E-15 ) ) ;
#767 = LINE ( 'NONE', #398, #1589 ) ;
#768 = PLANE ( 'NONE',  #133 ) ;
#769 = CARTESIAN_POINT ( 'NONE',  ( 0.000000000000000000, 0.2000000000000000111, 0.000000000000000000 ) ) ;
#770 = ORIENTED_EDGE ( 'NONE', *, *, #2504, .T. ) ;
#771 = PRESENTATION_STYLE_ASSIGNMENT (( #1125 ) ) ;
#772 = ORIENTED_EDGE ( 'NONE', *, *, #372, .F. ) ;
#773 = VECTOR ( 'NONE', #1551, 1000.000000000000000 ) ;
#774 = CARTESIAN_POINT ( 'NONE',  ( 1.500000000000000000, 6.242640687119290099, 1.500000000000000000 ) ) ;
#775 = EDGE_CURVE ( 'NONE', #1572, #707, #2485, .T. ) ;
#776 = DIRECTION ( 'NONE',  ( 0.000000000000000000, -1.000000000000000000, 0.000000000000000000 ) ) ;
#777 = ORIENTED_EDGE ( 'NONE', *, *, #1655, .T. ) ;
#778 = LINE ( 'NONE', #1911, #2442 ) ;
#779 = EDGE_LOOP ( 'NONE', ( #747, #2513, #873, #2528 ) ) ;
#780 = EDGE_CURVE ( 'NONE', #675, #599, #33, .T. ) ;
#781 = LINE ( 'NONE', #286, #2452 ) ;
#782 = CARTESIAN_POINT ( 'NONE',  ( 1.100000000000000089, 0.2000000000000000111, -0.7500000000000000000 ) ) ;
#783 = VERTEX_POINT ( 'NONE', #2313 ) ;
#784 = ORIENTED_EDGE ( 'NONE', *, *, #1726, .T. ) ;
#785 = CARTESIAN_POINT ( 'NONE',  ( -1.500000000000000000, 0.2000000000000000111, -1.149999999999999911 ) ) ;
#786 = ADVANCED_FACE ( 'NONE', ( #1690 ), #2534, .T. ) ;
#787 = ORIENTED_EDGE ( 'NONE', *, *, #220, .F. ) ;
#788 = LINE ( 'NONE', #462, #729 ) ;
#789 = CARTESIAN_POINT ( 'NONE',  ( -1.500000000000000000, 0.05000000000000000278, 1.149999999999999911 ) ) ;
#790 = CARTESIAN_POINT ( 'NONE',  ( 1.500000000000000000, 0.2000000000000000111, -0.2000000000000055067 ) ) ;
#791 = DIRECTION ( 'NONE',  ( 3.636041628507870698E-15, 0.000000000000000000, 1.000000000000000000 ) ) ;
#792 = ORIENTED_EDGE ( 'NONE', *, *, #2083, .T. ) ;
#793 = VECTOR ( 'NONE', #364, 1000.000000000000000 ) ;
#794 = FILL_AREA_STYLE ('',( #6 ) ) ;
#795 = ORIENTED_EDGE ( 'NONE', *, *, #1178, .T. ) ;
#796 = CARTESIAN_POINT ( 'NONE',  ( -1.100000000000000089, 0.05000000000000000278, 3.840629472727445113E-15 ) ) ;
#797 =( GEOMETRIC_REPRESENTATION_CONTEXT ( 3 ) GLOBAL_UNCERTAINTY_ASSIGNED_CONTEXT ( ( #1184 ) ) GLOBAL_UNIT_ASSIGNED_CONTEXT ( ( #737, #1391, #269 ) ) REPRESENTATION_CONTEXT ( 'NONE', 'WORKASPACE' ) );
#798 = DIRECTION ( 'NONE',  ( 2.407279166357630105E-15, 0.000000000000000000, 1.000000000000000000 ) ) ;
#799 = ORIENTED_EDGE ( 'NONE', *, *, #849, .T. ) ;
#800 = EDGE_CURVE ( 'NONE', #32, #2240, #1642, .T. ) ;
#801 = DIRECTION ( 'NONE',  ( -3.491481338843135327E-15, 0.000000000000000000, -1.000000000000000000 ) ) ;
#802 = LINE ( 'NONE', #1614, #1660 ) ;
#803 = DIRECTION ( 'NONE',  ( -1.000000000000000000, 0.000000000000000000, 4.575683511328640156E-15 ) ) ;
#804 = ORIENTED_EDGE ( 'NONE', *, *, #2026, .T. ) ;
#805 = AXIS2_PLACEMENT_3D ( 'NONE', #304, #1877, #2007 ) ;
#806 = DIRECTION ( 'NONE',  ( 0.000000000000000000, 1.000000000000000000, 0.000000000000000000 ) ) ;
#807 = ORIENTED_EDGE ( 'NONE', *, *, #124, .T. ) ;
#808 = LINE ( 'NONE', #555, #2537 ) ;
#809 = EDGE_LOOP ( 'NONE', ( #716, #1521, #847, #1577 ) ) ;
#810 = ORIENTED_EDGE ( 'NONE', *, *, #2271, .F. ) ;
#811 = LINE ( 'NONE', #992, #1701 ) ;
#812 = DIRECTION ( 'NONE',  ( 0.000000000000000000, -1.000000000000000000, 0.000000000000000000 ) ) ;
#813 = CARTESIAN_POINT ( 'NONE',  ( 1.500000000000000000, 0.7656854249492389686, -0.2000000000000055067 ) ) ;
#814 = AXIS2_PLACEMENT_3D ( 'NONE', #2246, #148, #448 ) ;
#815 = DIRECTION ( 'NONE',  ( -4.575683511328640156E-15, 0.000000000000000000, -1.000000000000000000 ) ) ;
#816 = EDGE_CURVE ( 'NONE', #1646, #670, #808, .T. ) ;
#817 = EDGE_LOOP ( 'NONE', ( #1352, #799, #1293, #1325 ) ) ;
#818 = LINE ( 'NONE', #1872, #2490 ) ;
#819 = ORIENTED_EDGE ( 'NONE', *, *, #1500, .F. ) ;
#820 = DIRECTION ( 'NONE',  ( 0.000000000000000000, -1.000000000000000000, 0.000000000000000000 ) ) ;
#821 = CARTESIAN_POINT ( 'NONE',  ( -1.100000000000000089, 0.000000000000000000, 0.7500000000000000000 ) ) ;
#822 = ORIENTED_EDGE ( 'NONE', *, *, #1466, .T. ) ;
#823 = DIRECTION ( 'NONE',  ( -0.000000000000000000, 1.000000000000000000, 0.000000000000000000 ) ) ;
#824 = VECTOR ( 'NONE', #1748, 1000.000000000000000 ) ;
#825 = ORIENTED_EDGE ( 'NONE', *, *, #866, .F. ) ;
#826 = CARTESIAN_POINT ( 'NONE',  ( 1.500000000000000000, 1.000000000000000000, -1.500000000000000000 ) ) ;
#827 = EDGE_LOOP ( 'NONE', ( #1809, #1661, #1638, #770 ) ) ;
#828 = LINE ( 'NONE', #813, #1669 ) ;
#829 = DIRECTION ( 'NONE',  ( 3.491481338843135327E-15, 0.000000000000000000, 1.000000000000000000 ) ) ;
#830 = ORIENTED_EDGE ( 'NONE', *, *, #929, .F. ) ;
#831 = VECTOR ( 'NONE', #470, 1000.000000000000000 ) ;
#832 = DIRECTION ( 'NONE',  ( -0.000000000000000000, 1.000000000000000000, 0.000000000000000000 ) ) ;
#833 = ORIENTED_EDGE ( 'NONE', *, *, #1451, .F. ) ;
#834 = LINE ( 'NONE', #318, #1706 ) ;
#835 = DIRECTION ( 'NONE',  ( 0.000000000000000000, -1.000000000000000000, 0.000000000000000000 ) ) ;
#836 = DIRECTION ( 'NONE',  ( -2.949380252600380349E-15, 0.000000000000000000, -1.000000000000000000 ) ) ;
#837 = ADVANCED_FACE ( 'NONE', ( #9 ), #1194, .F. ) ;
#838 = ORIENTED_EDGE ( 'NONE', *, *, #622, .T. ) ;
#839 = LINE ( 'NONE', #22, #1684 ) ;
#840 = CARTESIAN_POINT ( 'NONE',  ( 1.100000000000000089, 0.2000000000000000111, 1.149999999999999911 ) ) ;
#841 = CARTESIAN_POINT ( 'NONE',  ( 1.100000000000000089, 0.000000000000000000, -0.2000000000000035083 ) ) ;
#842 = DIRECTION ( 'NONE',  ( -0.000000000000000000, 1.000000000000000000, 0.000000000000000000 ) ) ;
#843 = CARTESIAN_POINT ( 'NONE',  ( -1.100000000000000089, 0.2000000000000000111, -0.1999999999999955147 ) ) ;
#844 = EDGE_LOOP ( 'NONE', ( #1818, #56, #1740, #95 ) ) ;
#845 = VECTOR ( 'NONE', #261, 1000.000000000000000 ) ;
#846 = FACE_OUTER_BOUND ( 'NONE', #1547, .T. ) ;
#847 = ORIENTED_EDGE ( 'NONE', *, *, #387, .T. ) ;
#848 = AXIS2_PLACEMENT_3D ( 'NONE', #925, #1163, #192 ) ;
#849 = EDGE_CURVE ( 'NONE', #2479, #1530, #818, .T. ) ;
#850 = VECTOR ( 'NONE', #738, 1000.000000000000000 ) ;
#851 = SURFACE_SIDE_STYLE ('',( #1480 ) ) ;
#852 = DIRECTION ( 'NONE',  ( -3.636041628507870698E-15, 0.000000000000000000, -1.000000000000000000 ) ) ;
#853 = VERTEX_POINT ( 'NONE', #1591 ) ;
#854 = PLANE ( 'NONE',  #1788 ) ;
#855 = FACE_OUTER_BOUND ( 'NONE', #668, .T. ) ;
#856 = DIRECTION ( 'NONE',  ( 0.000000000000000000, 0.000000000000000000, -1.000000000000000000 ) ) ;
#857 = ORIENTED_EDGE ( 'NONE', *, *, #163, .F. ) ;
#858 = VECTOR ( 'NONE', #1933, 1000.000000000000000 ) ;
#859 = DIRECTION ( 'NONE',  ( -3.636041628507870698E-15, 0.000000000000000000, -1.000000000000000000 ) ) ;
#860 = ADVANCED_FACE ( 'NONE', ( #2531 ), #2345, .T. ) ;
#861 = CARTESIAN_POINT ( 'NONE',  ( -9.151367022657210498E-16, 0.05000000000000000278, -0.2000000000000000111 ) ) ;
#862 = DIRECTION ( 'NONE',  ( 1.000000000000000000, 0.000000000000000000, 0.000000000000000000 ) ) ;
#863 = ORIENTED_EDGE ( 'NONE', *, *, #1838, .F. ) ;
#864 = VECTOR ( 'NONE', #2092, 1000.000000000000000 ) ;
#865 = ORIENTED_EDGE ( 'NONE', *, *, #1355, .T. ) ;
#866 = EDGE_CURVE ( 'NONE', #630, #950, #1723, .T. ) ;
#867 = LINE ( 'NONE', #1220, #1729 ) ;
#868 = CARTESIAN_POINT ( 'NONE',  ( -1.500000000000000000, 0.2000000000000000111, 0.7500000000000000000 ) ) ;
#869 = AXIS2_PLACEMENT_3D ( 'NONE', #1228, #1950, #327 ) ;
#870 = ORIENTED_EDGE ( 'NONE', *, *, #1434, .F. ) ;
#871 = LINE ( 'NONE', #1822, #28 ) ;
#872 = FILL_AREA_STYLE_COLOUR ( '', #245 ) ;
#873 = ORIENTED_EDGE ( 'NONE', *, *, #2225, .T. ) ;
#874 = DIRECTION ( 'NONE',  ( 0.000000000000000000, 0.000000000000000000, 1.000000000000000000 ) ) ;
#875 = CARTESIAN_POINT ( 'NONE',  ( 0.8000000000000000444, 0.2000000000000000111, -1.250000000000000000 ) ) ;
#876 = DIRECTION ( 'NONE',  ( 0.000000000000000000, 1.000000000000000000, 0.000000000000000000 ) ) ;
#877 = ORIENTED_EDGE ( 'NONE', *, *, #1964, .F. ) ;
#878 = VECTOR ( 'NONE', #1837, 1000.000000000000000 ) ;
#879 = EDGE_CURVE ( 'NONE', #1414, #2135, #1710, .T. ) ;
#880 = ADVANCED_FACE ( 'NONE', ( #23 ), #768, .T. ) ;
#881 = ORIENTED_EDGE ( 'NONE', *, *, #360, .T. ) ;
#882 = LINE ( 'NONE', #2018, #1715 ) ;
#883 =( LENGTH_UNIT ( ) NAMED_UNIT ( * ) SI_UNIT ( .MILLI., .METRE. ) );
#884 = ORIENTED_EDGE ( 'NONE', *, *, #1631, .T. ) ;
#885 = FACE_OUTER_BOUND ( 'NONE', #1479, .T. ) ;
#886 =( NAMED_UNIT ( * ) SI_UNIT ( $, .STERADIAN. ) SOLID_ANGLE_UNIT ( ) );
#887 = ORIENTED_EDGE ( 'NONE', *, *, #2464, .T. ) ;
#888 = VECTOR ( 'NONE', #1047, 1000.000000000000000 ) ;
#889 = DIRECTION ( 'NONE',  ( -2.949380252600380349E-15, 0.000000000000000000, -1.000000000000000000 ) ) ;
#890 = DIRECTION ( 'NONE',  ( 0.000000000000000000, -1.000000000000000000, 0.000000000000000000 ) ) ;
#891 = CARTESIAN_POINT ( 'NONE',  ( -0.5000000000000000000, 0.2000000000000000111, -1.250000000000000000 ) ) ;
#892 = ORIENTED_EDGE ( 'NONE', *, *, #2070, .F. ) ;
#893 = FACE_OUTER_BOUND ( 'NONE', #2371, .T. ) ;
#894 = AXIS2_PLACEMENT_3D ( 'NONE', #2077, #832, #1326 ) ;
#895 = EDGE_CURVE ( 'NONE', #758, #629, #2499, .T. ) ;
#896 = ORIENTED_EDGE ( 'NONE', *, *, #1785, .F. ) ;
#897 = AXIS2_PLACEMENT_3D ( 'NONE', #2064, #2080, #2282 ) ;
#898 = LINE ( 'NONE', #1900, #1789 ) ;
#899 = DIRECTION ( 'NONE',  ( 0.000000000000000000, -1.000000000000000000, 0.000000000000000000 ) ) ;
#900 = CARTESIAN_POINT ( 'NONE',  ( 1.100000000000000089, 0.000000000000000000, -0.7500000000000000000 ) ) ;
#901 = EDGE_CURVE ( 'NONE', #1364, #2360, #811, .T. ) ;
#902 = CARTESIAN_POINT ( 'NONE',  ( 1.500000000000000000, 0.7656854249492389686, 1.149999999999999911 ) ) ;
#903 = VERTEX_POINT ( 'NONE', #2482 ) ;
#904 = VECTOR ( 'NONE', #835, 1000.000000000000000 ) ;
#905 = LINE ( 'NONE', #2062, #88 ) ;
#906 = DIRECTION ( 'NONE',  ( 0.000000000000000000, 1.000000000000000000, 0.000000000000000000 ) ) ;
#907 = VECTOR ( 'NONE', #1746, 1000.000000000000000 ) ;
#908 = EDGE_CURVE ( 'NONE', #597, #2239, #867, .T. ) ;
#909 = DIRECTION ( 'NONE',  ( 1.000000000000000000, 0.000000000000000000, -4.575683511328640156E-15 ) ) ;
#910 = CARTESIAN_POINT ( 'NONE',  ( -1.100000000000000089, 0.2000000000000000111, -1.149999999999999911 ) ) ;
#911 = DIRECTION ( 'NONE',  ( -0.000000000000000000, 1.000000000000000000, 0.000000000000000000 ) ) ;
#912 = VERTEX_POINT ( 'NONE', #957 ) ;
#913 = LINE ( 'NONE', #709, #1743 ) ;
#914 = EDGE_CURVE ( 'NONE', #639, #689, #12, .T. ) ;
#915 = FACE_BOUND ( 'NONE', #404, .T. ) ;
#916 = LINE ( 'NONE', #1274, #92 ) ;
#917 = CARTESIAN_POINT ( 'NONE',  ( -1.500000000000000000, 0.05000000000000000278, 0.7500000000000000000 ) ) ;
#918 = DIRECTION ( 'NONE',  ( 0.000000000000000000, 1.000000000000000000, 0.000000000000000000 ) ) ;
#919 = VECTOR ( 'NONE', #177, 1000.000000000000000 ) ;
#920 = ADVANCED_FACE ( 'NONE', ( #1647 ), #1122, .F. ) ;
#921 = FACE_OUTER_BOUND ( 'NONE', #827, .T. ) ;
#922 = ADVANCED_FACE ( 'NONE', ( #1664 ), #293, .F. ) ;
#923 = VECTOR ( 'NONE', #1095, 1000.000000000000000 ) ;
#924 = LINE ( 'NONE', #902, #1773 ) ;
#925 = CARTESIAN_POINT ( 'NONE',  ( -0.8000000000000000444, 3.168164415931164601, -1.250000000000000000 ) ) ;
#926 = CARTESIAN_POINT ( 'NONE',  ( -1.500000000000000000, 6.242640687119290099, -1.500000000000000000 ) ) ;
#927 = LINE ( 'NONE', #1410, #1777 ) ;
#928 = FACE_OUTER_BOUND ( 'NONE', #779, .T. ) ;
#929 = EDGE_CURVE ( 'NONE', #107, #2323, #1695, .T. ) ;
#930 = LINE ( 'NONE', #2280, #67 ) ;
#931 = LINE ( 'NONE', #2031, #888 ) ;
#932 = DIRECTION ( 'NONE',  ( -5.117784597571390006E-15, 0.000000000000000000, -1.000000000000000000 ) ) ;
#933 = DIRECTION ( 'NONE',  ( 1.000000000000000000, 0.000000000000000000, -3.491481338843135327E-15 ) ) ;
#934 = FILL_AREA_STYLE_COLOUR ( '', #2182 ) ;
#935 = ORIENTED_EDGE ( 'NONE', *, *, #2138, .T. ) ;
#936 = VECTOR ( 'NONE', #2266, 1000.000000000000000 ) ;
#937 = AXIS2_PLACEMENT_3D ( 'NONE', #1717, #2540, #1469 ) ;
#938 = EDGE_CURVE ( 'NONE', #2283, #2207, #2493, .T. ) ;
#939 = LINE ( 'NONE', #2001, #919 ) ;
#940 = CARTESIAN_POINT ( 'NONE',  ( -1.100000000000000089, 0.05000000000000000278, 0.7500000000000000000 ) ) ;
#941 = VECTOR ( 'NONE', #2108, 1000.000000000000000 ) ;
#942 = ADVANCED_FACE ( 'NONE', ( #2505 ), #1897, .F. ) ;
#943 = VERTEX_POINT ( 'NONE', #501 ) ;
#944 = VECTOR ( 'NONE', #890, 1000.000000000000000 ) ;
#945 = VECTOR ( 'NONE', #2021, 1000.000000000000000 ) ;
#946 = CIRCLE ( 'NONE', #805, 0.1661258039605105208 ) ;
#947 = DIRECTION ( 'NONE',  ( 0.000000000000000000, -1.000000000000000000, 0.000000000000000000 ) ) ;
#948 = CARTESIAN_POINT ( 'NONE',  ( -1.100000000000000089, 0.2000000000000000111, 0.7500000000000000000 ) ) ;
#949 = CARTESIAN_POINT ( 'NONE',  ( -1.077994694398533904, 0.4301252699578245187, -1.093674617226153778 ) ) ;
#950 = VERTEX_POINT ( 'NONE', #2523 ) ;
#951 = LINE ( 'NONE', #447, #944 ) ;
#952 = LINE ( 'NONE', #2525, #923 ) ;
#953 = CARTESIAN_POINT ( 'NONE',  ( 1.100000000000000089, 0.7656854249492389686, -0.2000000000000035083 ) ) ;
#954 = VECTOR ( 'NONE', #1775, 1000.000000000000000 ) ;
#955 = UNCERTAINTY_MEASURE_WITH_UNIT (LENGTH_MEASURE( 1.000000000000000082E-05 ), #2020, 'distance_accuracy_value', 'NONE');
#956 = ORIENTED_EDGE ( 'NONE', *, *, #2004, .F. ) ;
#957 = CARTESIAN_POINT ( 'NONE',  ( 0.8000000000000000444, 0.05000000000000000278, 1.250000000000000000 ) ) ;
#958 = VECTOR ( 'NONE', #1716, 1000.000000000000000 ) ;
#959 = LINE ( 'NONE', #2015, #1768 ) ;
#960 = ORIENTED_EDGE ( 'NONE', *, *, #60, .F. ) ;
#961 = FACE_OUTER_BOUND ( 'NONE', #2430, .T. ) ;
#962 = LINE ( 'NONE', #1052, #907 ) ;
#963 = CARTESIAN_POINT ( 'NONE',  ( -1.100000000000000089, 0.7656854249492389686, -0.1999999999999955147 ) ) ;
#964 = CARTESIAN_POINT ( 'NONE',  ( 0.000000000000000000, 0.000000000000000000, 0.000000000000000000 ) ) ;
#965 = FILL_AREA_STYLE_COLOUR ( '', #1894 ) ;
#966 = DIRECTION ( 'NONE',  ( 1.000000000000000000, 0.000000000000000000, -4.575683511328640156E-15 ) ) ;
#967 = DIRECTION ( 'NONE',  ( 0.000000000000000000, -1.000000000000000000, 0.000000000000000000 ) ) ;
#968 = LINE ( 'NONE', #1889, #1758 ) ;
#969 = AXIS2_PLACEMENT_3D ( 'NONE', #2267, #195, #59 ) ;
#970 = LINE ( 'NONE', #1511, #936 ) ;
#971 = EDGE_CURVE ( 'NONE', #689, #562, #834, .T. ) ;
#972 = CARTESIAN_POINT ( 'NONE',  ( -1.500000000000000000, 0.05000000000000000278, -1.500000000000000000 ) ) ;
#973 = VECTOR ( 'NONE', #981, 1000.000000000000000 ) ;
#974 = DIRECTION ( 'NONE',  ( 1.000000000000000000, 0.000000000000000000, -2.407279166357630105E-15 ) ) ;
#975 = LINE ( 'NONE', #428, #1741 ) ;
#976 = DIRECTION ( 'NONE',  ( -1.000000000000000000, 0.000000000000000000, 3.636041628507870698E-15 ) ) ;
#977 = CARTESIAN_POINT ( 'NONE',  ( -0.5000000000000000000, 0.05000000000000000278, -1.250000000000000000 ) ) ;
#978 = DIRECTION ( 'NONE',  ( 0.000000000000000000, -1.000000000000000000, 0.000000000000000000 ) ) ;
#979 = ORIENTED_EDGE ( 'NONE', *, *, #1432, .F. ) ;
#980 = LINE ( 'NONE', #325, #57 ) ;
#981 = DIRECTION ( 'NONE',  ( 0.000000000000000000, -1.000000000000000000, 0.000000000000000000 ) ) ;
#982 = ORIENTED_EDGE ( 'NONE', *, *, #526, .F. ) ;
#983 = CARTESIAN_POINT ( 'NONE',  ( 0.8000000000000000444, 3.168164415931164601, -1.250000000000000000 ) ) ;
#984 = LINE ( 'NONE', #718, #945 ) ;
#985 = VECTOR ( 'NONE', #2157, 1000.000000000000000 ) ;
#986 = PLANE ( 'NONE',  #577 ) ;
#987 = FILL_AREA_STYLE ('',( #934 ) ) ;
#988 = CARTESIAN_POINT ( 'NONE',  ( -1.100000000000000089, 0.05000000000000000278, -1.149999999999999911 ) ) ;
#989 = AXIS2_PLACEMENT_3D ( 'NONE', #2520, #976, #172 ) ;
#990 = AXIS2_PLACEMENT_3D ( 'NONE', #964, #1267, #2052 ) ;
#991 = DIRECTION ( 'NONE',  ( 1.000000000000000000, 0.000000000000000000, -4.575683511328640156E-15 ) ) ;
#992 = CARTESIAN_POINT ( 'NONE',  ( 1.500000000000000000, 0.2000000000000000111, 0.7500000000000000000 ) ) ;
#993 = VECTOR ( 'NONE', #803, 1000.000000000000000 ) ;
#994 = CARTESIAN_POINT ( 'NONE',  ( -1.500000000000000000, 0.05000000000000000278, -1.500000000000000000 ) ) ;
#995 = ORIENTED_EDGE ( 'NONE', *, *, #2271, .T. ) ;
#996 = CARTESIAN_POINT ( 'NONE',  ( -1.500000000000000000, 0.05000000000000000278, 0.2000000000000060063 ) ) ;
#997 = CIRCLE ( 'NONE', #1507, 0.1661258039605105208 ) ;
#998 = ORIENTED_EDGE ( 'NONE', *, *, #2118, .F. ) ;
#999 = AXIS2_PLACEMENT_3D ( 'NONE', #431, #1896, #2028 ) ;
#1000 = CARTESIAN_POINT ( 'NONE',  ( 1.100000000000000089, 0.05000000000000000278, -5.033251862461489735E-15 ) ) ;
#1001 = VECTOR ( 'NONE', #933, 1000.000000000000000 ) ;
#1002 = DIRECTION ( 'NONE',  ( 1.000000000000000000, 0.000000000000000000, -3.491481338843135327E-15 ) ) ;
#1003 = LINE ( 'NONE', #1040, #1015 ) ;
#1004 = VERTEX_POINT ( 'NONE', #2036 ) ;
#1005 = CARTESIAN_POINT ( 'NONE',  ( 1.500000000000000000, 0.05000000000000000278, -1.149999999999999911 ) ) ;
#1006 = PRESENTATION_STYLE_ASSIGNMENT (( #417 ) ) ;
#1007 =( NAMED_UNIT ( * ) PLANE_ANGLE_UNIT ( ) SI_UNIT ( $, .RADIAN. ) );
#1008 = AXIS2_PLACEMENT_3D ( 'NONE', #2103, #812, #1954 ) ;
#1009 = EDGE_CURVE ( 'NONE', #1270, #629, #882, .T. ) ;
#1010 = PRESENTATION_LAYER_ASSIGNMENT (  '', '', ( #1991 ) ) ;
#1011 = CARTESIAN_POINT ( 'NONE',  ( 1.500000000000000000, 0.05000000000000000278, -1.500000000000000000 ) ) ;
#1012 = ADVANCED_FACE ( 'NONE', ( #855 ), #1886, .F. ) ;
#1013 = LINE ( 'NONE', #1901, #196 ) ;
#1014 = CARTESIAN_POINT ( 'NONE',  ( 1.100000000000000089, 0.2000000000000000111, -0.7500000000000000000 ) ) ;
#1015 = VECTOR ( 'NONE', #1415, 1000.000000000000000 ) ;
#1016 = EDGE_CURVE ( 'NONE', #2275, #2321, #871, .T. ) ;
#1017 = LINE ( 'NONE', #493, #993 ) ;
#1018 = CARTESIAN_POINT ( 'NONE',  ( -0.5000000000000000000, 3.168164415931164601, -1.250000000000000000 ) ) ;
#1019 = DIRECTION ( 'NONE',  ( -4.575683511328640156E-15, 0.000000000000000000, -1.000000000000000000 ) ) ;
#1020 = DIRECTION ( 'NONE',  ( -4.575683511328640156E-15, 0.000000000000000000, -1.000000000000000000 ) ) ;
#1021 = PLANE ( 'NONE',  #1667 ) ;
#1022 = LINE ( 'NONE', #392, #1887 ) ;
#1023 = ADVANCED_FACE ( 'NONE', ( #885 ), #543, .F. ) ;
#1024 = CARTESIAN_POINT ( 'NONE',  ( 1.100000000000000089, 0.2000000000000000111, 0.7500000000000000000 ) ) ;
#1025 = CARTESIAN_POINT ( 'NONE',  ( 1.100000000000000089, 0.7656854249492389686, -1.149999999999999911 ) ) ;
#1026 = SURFACE_STYLE_FILL_AREA ( #2039 ) ;
#1027 = DIRECTION ( 'NONE',  ( 0.000000000000000000, 1.000000000000000000, 0.000000000000000000 ) ) ;
#1028 = DIRECTION ( 'NONE',  ( -1.000000000000000000, 0.000000000000000000, 4.575683511328640156E-15 ) ) ;
#1029 = EDGE_CURVE ( 'NONE', #1414, #2370, #828, .T. ) ;
#1030 = DIRECTION ( 'NONE',  ( 4.575683511328640156E-15, 0.000000000000000000, 1.000000000000000000 ) ) ;
#1031 = STYLED_ITEM ( 'NONE', ( #141 ), #1524 ) ;
#1032 = VECTOR ( 'NONE', #1683, 1000.000000000000000 ) ;
#1033 = CARTESIAN_POINT ( 'NONE',  ( 1.100000000000000089, 0.2000000000000000111, 0.7500000000000000000 ) ) ;
#1034 = DIRECTION ( 'NONE',  ( 1.000000000000000000, 0.000000000000000000, -4.575683511328640156E-15 ) ) ;
#1035 = CARTESIAN_POINT ( 'NONE',  ( 0.000000000000000000, 0.000000000000000000, 0.000000000000000000 ) ) ;
#1036 = FACE_OUTER_BOUND ( 'NONE', #2261, .T. ) ;
#1037 = AXIS2_PLACEMENT_3D ( 'NONE', #843, #66, #574 ) ;
#1038 = EDGE_CURVE ( 'NONE', #151, #783, #2472, .T. ) ;
#1039 = CARTESIAN_POINT ( 'NONE',  ( 1.100000000000000089, 0.2000000000000000111, -1.149999999999999911 ) ) ;
#1040 = CARTESIAN_POINT ( 'NONE',  ( -2.768371041311264976E-15, 0.05000000000000000278, -1.149999999999999911 ) ) ;
#1041 = EDGE_CURVE ( 'NONE', #681, #640, #2477, .T. ) ;
#1042 = LINE ( 'NONE', #284, #985 ) ;
#1043 = ADVANCED_FACE ( 'NONE', ( #1719 ), #2078, .F. ) ;
#1044 = DIRECTION ( 'NONE',  ( -1.000000000000000000, 0.000000000000000000, 3.491481338843135327E-15 ) ) ;
#1045 = FILL_AREA_STYLE ('',( #872 ) ) ;
#1046 = LINE ( 'NONE', #604, #130 ) ;
#1047 = DIRECTION ( 'NONE',  ( -1.000000000000000000, 0.000000000000000000, 3.491481338843135327E-15 ) ) ;
#1048 = CARTESIAN_POINT ( 'NONE',  ( -1.100000000000000089, 0.7656854249492389686, -1.149999999999999911 ) ) ;
#1049 = PLANE ( 'NONE',  #1365 ) ;
#1050 = LINE ( 'NONE', #1331, #213 ) ;
#1051 = CARTESIAN_POINT ( 'NONE',  ( -1.500000000000000000, 0.05000000000000000278, -0.1999999999999945155 ) ) ;
#1052 = CARTESIAN_POINT ( 'NONE',  ( 1.500000000000000000, 0.05000000000000000278, -1.500000000000000000 ) ) ;
#1053 = CARTESIAN_POINT ( 'NONE',  ( -0.8000000000000000444, 0.000000000000000000, -1.250000000000000000 ) ) ;
#1054 = LINE ( 'NONE', #1769, #242 ) ;
#1055 = EDGE_CURVE ( 'NONE', #1446, #1227, #1736, .T. ) ;
#1056 =( NAMED_UNIT ( * ) PLANE_ANGLE_UNIT ( ) SI_UNIT ( $, .RADIAN. ) );
#1057 = DIRECTION ( 'NONE',  ( 0.000000000000000000, -1.000000000000000000, 0.000000000000000000 ) ) ;
#1058 = ADVANCED_FACE ( 'NONE', ( #2511 ), #2529, .F. ) ;
#1059 = CARTESIAN_POINT ( 'NONE',  ( -1.077994694398533904, 0.9000000000000000222, -1.093674617226153778 ) ) ;
#1060 = VECTOR ( 'NONE', #1662, 1000.000000000000000 ) ;
#1061 = PLANE ( 'NONE',  #2170 ) ;
#1062 = EDGE_CURVE ( 'NONE', #615, #1216, #1637, .T. ) ;
#1063 = CARTESIAN_POINT ( 'NONE',  ( -0.8000000000000000444, 0.000000000000000000, 1.250000000000000000 ) ) ;
#1064 = CARTESIAN_POINT ( 'NONE',  ( 1.100000000000000089, 0.000000000000000000, -1.149999999999999911 ) ) ;
#1065 = VECTOR ( 'NONE', #564, 1000.000000000000000 ) ;
#1066 = PRESENTATION_LAYER_ASSIGNMENT (  '', '', ( #442 ) ) ;
#1067 = EDGE_CURVE ( 'NONE', #1672, #2283, #1680, .T. ) ;
#1068 = CARTESIAN_POINT ( 'NONE',  ( -1.100000000000000089, 0.000000000000000000, -0.1999999999999955147 ) ) ;
#1069 = VECTOR ( 'NONE', #585, 1000.000000000000000 ) ;
#1070 = DIRECTION ( 'NONE',  ( 2.949380252600380349E-15, 0.000000000000000000, 1.000000000000000000 ) ) ;
#1071 = FACE_OUTER_BOUND ( 'NONE', #1406, .T. ) ;
#1072 = CARTESIAN_POINT ( 'NONE',  ( -1.500000000000000000, 0.000000000000000000, -0.7500000000000000000 ) ) ;
#1073 = VECTOR ( 'NONE', #2203, 1000.000000000000000 ) ;
#1074 = VECTOR ( 'NONE', #1028, 1000.000000000000000 ) ;
#1075 = DIRECTION ( 'NONE',  ( -4.575683511328640156E-15, 0.000000000000000000, -1.000000000000000000 ) ) ;
#1076 = CARTESIAN_POINT ( 'NONE',  ( -1.500000000000000000, 0.2000000000000000111, -0.7500000000000000000 ) ) ;
#1077 = SURFACE_STYLE_FILL_AREA ( #1045 ) ;
#1078 = LINE ( 'NONE', #179, #251 ) ;
#1079 = CARTESIAN_POINT ( 'NONE',  ( -1.100000000000000089, 0.2000000000000000111, -1.149999999999999911 ) ) ;
#1080 = ADVANCED_FACE ( 'NONE', ( #2519 ), #1543, .T. ) ;
#1081 = DIRECTION ( 'NONE',  ( 0.000000000000000000, -1.000000000000000000, 0.000000000000000000 ) ) ;
#1082 = PLANE ( 'NONE',  #2438 ) ;
#1083 = LINE ( 'NONE', #324, #1908 ) ;
#1084 = EDGE_CURVE ( 'NONE', #701, #440, #839, .T. ) ;
#1085 = AXIS2_PLACEMENT_3D ( 'NONE', #451, #1110, #1470 ) ;
#1086 = FILL_AREA_STYLE_COLOUR ( '', #2368 ) ;
#1087 = SURFACE_SIDE_STYLE ('',( #1899 ) ) ;
#1088 = FACE_OUTER_BOUND ( 'NONE', #2483, .T. ) ;
#1089 = VECTOR ( 'NONE', #1444, 1000.000000000000000 ) ;
#1090 = FACE_OUTER_BOUND ( 'NONE', #2414, .T. ) ;
#1091 = DIRECTION ( 'NONE',  ( 1.000000000000000000, 0.000000000000000000, -2.407279166357630105E-15 ) ) ;
#1092 = EDGE_CURVE ( 'NONE', #1564, #562, #980, .T. ) ;
#1093 = FACE_OUTER_BOUND ( 'NONE', #1320, .T. ) ;
#1094 = DIRECTION ( 'NONE',  ( -1.000000000000000000, 0.000000000000000000, 4.575683511328640156E-15 ) ) ;
#1095 = DIRECTION ( 'NONE',  ( 3.491481338843135327E-15, -0.000000000000000000, 1.000000000000000000 ) ) ;
#1096 = DIRECTION ( 'NONE',  ( 0.000000000000000000, -1.000000000000000000, 0.000000000000000000 ) ) ;
#1097 = ADVANCED_FACE ( 'NONE', ( #921 ), #343, .F. ) ;
#1098 = EDGE_CURVE ( 'NONE', #950, #614, #41, .T. ) ;
#1099 = ADVANCED_FACE ( 'NONE', ( #122 ), #1124, .F. ) ;
#1100 = DIRECTION ( 'NONE',  ( 1.000000000000000000, 0.000000000000000000, -3.491481338843135327E-15 ) ) ;
#1101 = DIRECTION ( 'NONE',  ( 1.000000000000000000, 0.000000000000000000, 0.000000000000000000 ) ) ;
#1102 = VECTOR ( 'NONE', #240, 1000.000000000000000 ) ;
#1103 = SURFACE_SIDE_STYLE ('',( #466 ) ) ;
#1104 = VECTOR ( 'NONE', #1808, 1000.000000000000000 ) ;
#1105 = FACE_OUTER_BOUND ( 'NONE', #2495, .T. ) ;
#1106 = VECTOR ( 'NONE', #1150, 1000.000000000000000 ) ;
#1107 = AXIS2_PLACEMENT_3D ( 'NONE', #2119, #69, #1783 ) ;
#1108 = CARTESIAN_POINT ( 'NONE',  ( 1.500000000000000000, 0.7656854249492389686, 0.7500000000000000000 ) ) ;
#1109 = FACE_OUTER_BOUND ( 'NONE', #1437, .T. ) ;
#1110 = DIRECTION ( 'NONE',  ( 1.000000000000000000, 0.000000000000000000, -2.949380252600380349E-15 ) ) ;
#1111 = CARTESIAN_POINT ( 'NONE',  ( -1.100000000000000089, 0.2000000000000000111, -1.149999999999999911 ) ) ;
#1112 = PRESENTATION_STYLE_ASSIGNMENT (( #1381 ) ) ;
#1113 = CARTESIAN_POINT ( 'NONE',  ( -0.8000000000000000444, 0.2000000000000000111, 1.250000000000000000 ) ) ;
#1114 = CARTESIAN_POINT ( 'NONE',  ( -1.100000000000000089, 0.05000000000000000278, 3.840629472727445113E-15 ) ) ;
#1115 = ADVANCED_FACE ( 'NONE', ( #893 ), #1985, .F. ) ;
#1116 = PLANE ( 'NONE',  #1156 ) ;
#1117 = EDGE_CURVE ( 'NONE', #2265, #2408, #81, .T. ) ;
#1118 = LINE ( 'NONE', #2161, #276 ) ;
#1119 = DIRECTION ( 'NONE',  ( -1.000000000000000000, 0.000000000000000000, 2.407279166357630105E-15 ) ) ;
#1120 = EDGE_CURVE ( 'NONE', #1679, #445, #1782, .T. ) ;
#1121 = DIRECTION ( 'NONE',  ( 1.000000000000000000, 0.000000000000000000, -4.575683511328640156E-15 ) ) ;
#1122 = PLANE ( 'NONE',  #1946 ) ;
#1123 = CARTESIAN_POINT ( 'NONE',  ( -1.100000000000000089, 0.7656854249492389686, 0.2000000000000045075 ) ) ;
#1124 = PLANE ( 'NONE',  #188 ) ;
#1125 = SURFACE_STYLE_USAGE ( .BOTH. , #1927 ) ;
#1126 = VECTOR ( 'NONE', #836, 1000.000000000000000 ) ;
#1127 =( NAMED_UNIT ( * ) PLANE_ANGLE_UNIT ( ) SI_UNIT ( $, .RADIAN. ) );
#1128 =( NAMED_UNIT ( * ) PLANE_ANGLE_UNIT ( ) SI_UNIT ( $, .RADIAN. ) );
#1129 = ADVANCED_FACE ( 'NONE', ( #109 ), #986, .T. ) ;
#1130 = LINE ( 'NONE', #2079, #2009 ) ;
#1131 = DIRECTION ( 'NONE',  ( 3.636041628507870698E-15, 0.000000000000000000, 1.000000000000000000 ) ) ;
#1132 = DIRECTION ( 'NONE',  ( -1.000000000000000000, 0.000000000000000000, 4.575683511328640156E-15 ) ) ;
#1133 = VECTOR ( 'NONE', #1644, 1000.000000000000000 ) ;
#1134 = LINE ( 'NONE', #1968, #2003 ) ;
#1135 = DIRECTION ( 'NONE',  ( 1.000000000000000000, 0.000000000000000000, -4.575683511328640156E-15 ) ) ;
#1136 = CARTESIAN_POINT ( 'NONE',  ( -1.100000000000000089, 0.2000000000000000111, 0.2000000000000045075 ) ) ;
#1137 = LINE ( 'NONE', #1860, #291 ) ;
#1138 = CARTESIAN_POINT ( 'NONE',  ( 0.000000000000000000, 0.2000000000000000111, 0.000000000000000000 ) ) ;
#1139 = FILL_AREA_STYLE_COLOUR ( '', #1626 ) ;
#1140 = CARTESIAN_POINT ( 'NONE',  ( -0.5000000000000000000, 0.000000000000000000, -1.250000000000000000 ) ) ;
#1141 = CARTESIAN_POINT ( 'NONE',  ( 1.500000000000000000, 0.2000000000000000111, 0.7500000000000000000 ) ) ;
#1142 = LINE ( 'NONE', #231, #1970 ) ;
#1143 = EDGE_CURVE ( 'NONE', #903, #615, #970, .T. ) ;
#1144 = DIRECTION ( 'NONE',  ( -4.575683511328640156E-15, 0.000000000000000000, -1.000000000000000000 ) ) ;
#1145 = LINE ( 'NONE', #2181, #2008 ) ;
#1146 = CARTESIAN_POINT ( 'NONE',  ( 1.100000000000000089, 0.2000000000000000111, 1.149999999999999911 ) ) ;
#1147 = CARTESIAN_POINT ( 'NONE',  ( 0.000000000000000000, 0.000000000000000000, 0.000000000000000000 ) ) ;
#1148 = VECTOR ( 'NONE', #354, 1000.000000000000000 ) ;
#1149 = CARTESIAN_POINT ( 'NONE',  ( 1.100000000000000089, 0.2000000000000000111, 1.149999999999999911 ) ) ;
#1150 = DIRECTION ( 'NONE',  ( 0.000000000000000000, -1.000000000000000000, 0.000000000000000000 ) ) ;
#1151 = DIRECTION ( 'NONE',  ( 1.000000000000000000, 0.000000000000000000, -2.949380252600380349E-15 ) ) ;
#1152 = DIRECTION ( 'NONE',  ( -4.575683511328640156E-15, 0.000000000000000000, -1.000000000000000000 ) ) ;
#1153 = EDGE_CURVE ( 'NONE', #1273, #2283, #898, .T. ) ;
#1154 = LINE ( 'NONE', #2335, #1148 ) ;
#1155 = DIRECTION ( 'NONE',  ( 0.000000000000000000, -1.000000000000000000, 0.000000000000000000 ) ) ;
#1156 = AXIS2_PLACEMENT_3D ( 'NONE', #631, #1075, #1403 ) ;
#1157 = EDGE_CURVE ( 'NONE', #903, #449, #1756, .T. ) ;
#1158 = DIRECTION ( 'NONE',  ( 0.000000000000000000, 0.000000000000000000, -1.000000000000000000 ) ) ;
#1159 = LINE ( 'NONE', #1000, #2029 ) ;
#1160 = LINE ( 'NONE', #371, #1960 ) ;
#1161 = CARTESIAN_POINT ( 'NONE',  ( -1.500000000000000000, 0.2000000000000000111, 0.7500000000000000000 ) ) ;
#1162 = DIRECTION ( 'NONE',  ( 0.000000000000000000, -1.000000000000000000, 0.000000000000000000 ) ) ;
#1163 = DIRECTION ( 'NONE',  ( -3.491481338843135327E-15, 0.000000000000000000, -1.000000000000000000 ) ) ;
#1164 = DIRECTION ( 'NONE',  ( 0.000000000000000000, 1.000000000000000000, 0.000000000000000000 ) ) ;
#1165 = FACE_OUTER_BOUND ( 'NONE', #2238, .T. ) ;
#1166 = DIRECTION ( 'NONE',  ( -3.491481338843135327E-15, 0.000000000000000000, -1.000000000000000000 ) ) ;
#1167 = EDGE_CURVE ( 'NONE', #562, #605, #55, .T. ) ;
#1168 = CARTESIAN_POINT ( 'NONE',  ( -1.077994694398533904, 1.000000000000000000, -1.093674617226153778 ) ) ;
#1169 = CARTESIAN_POINT ( 'NONE',  ( -0.8000000000000000444, 0.2000000000000000111, 1.250000000000000000 ) ) ;
#1170 = DIRECTION ( 'NONE',  ( 0.000000000000000000, -1.000000000000000000, 0.000000000000000000 ) ) ;
#1171 = VECTOR ( 'NONE', #1332, 1000.000000000000000 ) ;
#1172 = CARTESIAN_POINT ( 'NONE',  ( 1.100000000000000089, 0.05000000000000000278, 1.149999999999999911 ) ) ;
#1173 = DIRECTION ( 'NONE',  ( 1.000000000000000000, 0.000000000000000000, -4.575683511328640156E-15 ) ) ;
#1174 = VECTOR ( 'NONE', #2010, 1000.000000000000000 ) ;
#1175 = CARTESIAN_POINT ( 'NONE',  ( 1.100000000000000089, 0.2000000000000000111, 0.7500000000000000000 ) ) ;
#1176 = AXIS2_PLACEMENT_3D ( 'NONE', #2417, #899, #717 ) ;
#1177 = DIRECTION ( 'NONE',  ( 1.000000000000000000, 0.000000000000000000, -2.407279166357630105E-15 ) ) ;
#1178 = EDGE_CURVE ( 'NONE', #506, #1273, #931, .T. ) ;
#1179 = DIRECTION ( 'NONE',  ( -0.7071067811865485719, 0.000000000000000000, 0.7071067811865465735 ) ) ;
#1180 = MECHANICAL_DESIGN_GEOMETRIC_PRESENTATION_REPRESENTATION (  '', ( #757 ), #1974 ) ;
#1181 = VECTOR ( 'NONE', #1131, 1000.000000000000000 ) ;
#1182 = VECTOR ( 'NONE', #1995, 1000.000000000000000 ) ;
#1183 = PLANE ( 'NONE',  #2053 ) ;
#1184 = UNCERTAINTY_MEASURE_WITH_UNIT (LENGTH_MEASURE( 1.000000000000000082E-05 ), #737, 'distance_accuracy_value', 'NONE');
#1185 = DIRECTION ( 'NONE',  ( -4.575683511328640156E-15, 0.000000000000000000, -1.000000000000000000 ) ) ;
#1186 = VECTOR ( 'NONE', #1607, 1000.000000000000000 ) ;
#1187 = EDGE_CURVE ( 'NONE', #2351, #1564, #1747, .T. ) ;
#1188 = CARTESIAN_POINT ( 'NONE',  ( -0.8000000000000000444, 0.05000000000000000278, 2.723796132035434795E-15 ) ) ;
#1189 = AXIS2_PLACEMENT_3D ( 'NONE', #257, #906, #1692 ) ;
#1190 = ADVANCED_FACE ( 'NONE', ( #1795 ), #2166, .F. ) ;
#1191 = LINE ( 'NONE', #972, #1181 ) ;
#1192 = DIRECTION ( 'NONE',  ( 0.000000000000000000, -1.000000000000000000, 0.000000000000000000 ) ) ;
#1193 = DIRECTION ( 'NONE',  ( -3.491481338843135327E-15, 0.000000000000000000, -1.000000000000000000 ) ) ;
#1194 = PLANE ( 'NONE',  #502 ) ;
#1195 = PLANE ( 'NONE',  #894 ) ;
#1196 =( LENGTH_UNIT ( ) NAMED_UNIT ( * ) SI_UNIT ( .MILLI., .METRE. ) );
#1197 = CARTESIAN_POINT ( 'NONE',  ( 0.8000000000000000444, 0.2000000000000000111, -1.250000000000000000 ) ) ;
#1198 = EDGE_CURVE ( 'NONE', #783, #21, #89, .T. ) ;
#1199 = DIRECTION ( 'NONE',  ( 0.000000000000000000, -1.000000000000000000, 0.000000000000000000 ) ) ;
#1200 = DIRECTION ( 'NONE',  ( -1.000000000000000000, 0.000000000000000000, 2.407279166357630105E-15 ) ) ;
#1201 = CARTESIAN_POINT ( 'NONE',  ( -1.500000000000000000, 0.2000000000000000111, 1.149999999999999911 ) ) ;
#1202 = CARTESIAN_POINT ( 'NONE',  ( -1.500000000000000000, 0.7656854249492389686, -1.149999999999999911 ) ) ;
#1203 = AXIS2_PLACEMENT_3D ( 'NONE', #963, #684, #181 ) ;
#1204 = FILL_AREA_STYLE ('',( #238 ) ) ;
#1205 = EDGE_CURVE ( 'NONE', #623, #2288, #975, .T. ) ;
#1206 = SURFACE_SIDE_STYLE ('',( #1077 ) ) ;
#1207 = CARTESIAN_POINT ( 'NONE',  ( -1.100000000000000089, 0.2000000000000000111, -0.1999999999999955147 ) ) ;
#1208 = DIRECTION ( 'NONE',  ( 0.000000000000000000, 1.000000000000000000, 0.000000000000000000 ) ) ;
#1209 = PLANE ( 'NONE',  #173 ) ;
#1210 = CARTESIAN_POINT ( 'NONE',  ( -1.100000000000000089, 0.000000000000000000, 0.7500000000000000000 ) ) ;
#1211 = EDGE_LOOP ( 'NONE', ( #2187, #2443, #2180, #2050 ) ) ;
#1212 = CARTESIAN_POINT ( 'NONE',  ( 0.000000000000000000, 0.000000000000000000, 0.000000000000000000 ) ) ;
#1213 = ORIENTED_EDGE ( 'NONE', *, *, #2311, .F. ) ;
#1214 = CARTESIAN_POINT ( 'NONE',  ( -1.077994694398533904, 0.9000000000000000222, -1.093674617226153778 ) ) ;
#1215 = EDGE_CURVE ( 'NONE', #689, #2351, #51, .T. ) ;
#1216 = VERTEX_POINT ( 'NONE', #1409 ) ;
#1217 = CARTESIAN_POINT ( 'NONE',  ( -1.100000000000000089, 0.2000000000000000111, 0.2000000000000050071 ) ) ;
#1218 = CARTESIAN_POINT ( 'NONE',  ( -1.100000000000000089, 0.2000000000000000111, -1.149999999999999911 ) ) ;
#1219 = DIRECTION ( 'NONE',  ( -0.000000000000000000, 1.000000000000000000, 0.000000000000000000 ) ) ;
#1220 = CARTESIAN_POINT ( 'NONE',  ( 1.500000000000000000, 0.2000000000000000111, 1.149999999999999911 ) ) ;
#1221 = ORIENTED_EDGE ( 'NONE', *, *, #297, .T. ) ;
#1222 = EDGE_CURVE ( 'NONE', #1416, #1749, #951, .T. ) ;
#1223 = ORIENTED_EDGE ( 'NONE', *, *, #1803, .T. ) ;
#1224 = EDGE_CURVE ( 'NONE', #440, #601, #959, .T. ) ;
#1225 = DIRECTION ( 'NONE',  ( 0.000000000000000000, 0.000000000000000000, 1.000000000000000000 ) ) ;
#1226 = ORIENTED_EDGE ( 'NONE', *, *, #541, .F. ) ;
#1227 = VERTEX_POINT ( 'NONE', #596 ) ;
#1228 = CARTESIAN_POINT ( 'NONE',  ( 0.000000000000000000, 0.2000000000000000111, 0.000000000000000000 ) ) ;
#1229 = ADVANCED_FACE ( 'NONE', ( #36 ), #2459, .T. ) ;
#1230 = ORIENTED_EDGE ( 'NONE', *, *, #349, .T. ) ;
#1231 = ORIENTED_EDGE ( 'NONE', *, *, #438, .T. ) ;
#1232 = CARTESIAN_POINT ( 'NONE',  ( -1.077994694398533904, 0.9000000000000000222, -1.093674617226153778 ) ) ;
#1233 = EDGE_LOOP ( 'NONE', ( #1807, #1541, #2397, #2416 ) ) ;
#1234 = CARTESIAN_POINT ( 'NONE',  ( -1.100000000000000089, 0.2000000000000000111, -0.7500000000000000000 ) ) ;
#1235 = EDGE_CURVE ( 'NONE', #402, #590, #1826, .T. ) ;
#1236 = ORIENTED_EDGE ( 'NONE', *, *, #2066, .F. ) ;
#1237 =( GEOMETRIC_REPRESENTATION_CONTEXT ( 3 ) GLOBAL_UNCERTAINTY_ASSIGNED_CONTEXT ( ( #37 ) ) GLOBAL_UNIT_ASSIGNED_CONTEXT ( ( #1858, #380, #586 ) ) REPRESENTATION_CONTEXT ( 'NONE', 'WORKASPACE' ) );
#1238 = CARTESIAN_POINT ( 'NONE',  ( 1.100000000000000089, 0.7656854249492389686, 0.7500000000000000000 ) ) ;
#1239 = DIRECTION ( 'NONE',  ( 0.000000000000000000, -1.000000000000000000, 0.000000000000000000 ) ) ;
#1240 = ORIENTED_EDGE ( 'NONE', *, *, #27, .F. ) ;
#1241 = EDGE_CURVE ( 'NONE', #1571, #11, #913, .T. ) ;
#1242 = VERTEX_POINT ( 'NONE', #2500 ) ;
#1243 = ADVANCED_FACE ( 'NONE', ( #96 ), #2035, .T. ) ;
#1244 = PLANE ( 'NONE',  #2043 ) ;
#1245 = ORIENTED_EDGE ( 'NONE', *, *, #2000, .F. ) ;
#1246 = EDGE_CURVE ( 'NONE', #2288, #1530, #962, .T. ) ;
#1247 = DIRECTION ( 'NONE',  ( -1.000000000000000000, 0.000000000000000000, 4.575683511328640156E-15 ) ) ;
#1248 = AXIS2_PLACEMENT_3D ( 'NONE', #1234, #1936, #677 ) ;
#1249 = ORIENTED_EDGE ( 'NONE', *, *, #1224, .T. ) ;
#1250 = SURFACE_SIDE_STYLE ('',( #1587 ) ) ;
#1251 = VERTEX_POINT ( 'NONE', #464 ) ;
#1252 = ORIENTED_EDGE ( 'NONE', *, *, #971, .T. ) ;
#1253 = CLOSED_SHELL ( 'NONE', ( #2453, #1724, #1676, #1097, #1058, #942 ) ) ;
#1254 = ADVANCED_FACE ( 'NONE', ( #1759 ), #316, .F. ) ;
#1255 = ORIENTED_EDGE ( 'NONE', *, *, #1754, .F. ) ;
#1256 = EDGE_LOOP ( 'NONE', ( #1301, #2386, #441, #1252 ) ) ;
#1257 = ADVANCED_FACE ( 'NONE', ( #99 ), #2242, .F. ) ;
#1258 = MECHANICAL_DESIGN_GEOMETRIC_PRESENTATION_REPRESENTATION (  '', ( #2082 ), #1915 ) ;
#1259 = PLANE ( 'NONE',  #420 ) ;
#1260 = CARTESIAN_POINT ( 'NONE',  ( -1.077994694398533904, 0.9000000000000000222, -0.9275488132656439788 ) ) ;
#1261 = EDGE_CURVE ( 'NONE', #449, #599, #1802, .T. ) ;
#1262 = ORIENTED_EDGE ( 'NONE', *, *, #232, .F. ) ;
#1263 =( GEOMETRIC_REPRESENTATION_CONTEXT ( 3 ) GLOBAL_UNCERTAINTY_ASSIGNED_CONTEXT ( ( #2515 ) ) GLOBAL_UNIT_ASSIGNED_CONTEXT ( ( #1196, #1876, #1378 ) ) REPRESENTATION_CONTEXT ( 'NONE', 'WORKASPACE' ) );
#1264 = EDGE_LOOP ( 'NONE', ( #1595, #1268, #369, #1601 ) ) ;
#1265 = DIRECTION ( 'NONE',  ( -3.491481338843135327E-15, 0.000000000000000000, -1.000000000000000000 ) ) ;
#1266 = EDGE_CURVE ( 'NONE', #61, #2367, #916, .T. ) ;
#1267 = DIRECTION ( 'NONE',  ( 0.000000000000000000, 0.000000000000000000, 1.000000000000000000 ) ) ;
#1268 = ORIENTED_EDGE ( 'NONE', *, *, #2538, .T. ) ;
#1269 = ORIENTED_EDGE ( 'NONE', *, *, #2516, .F. ) ;
#1270 = VERTEX_POINT ( 'NONE', #161 ) ;
#1271 = EDGE_CURVE ( 'NONE', #673, #2348, #946, .T. ) ;
#1272 = CARTESIAN_POINT ( 'NONE',  ( -1.100000000000000089, 0.2000000000000000111, 1.149999999999999911 ) ) ;
#1273 = VERTEX_POINT ( 'NONE', #419 ) ;
#1274 = CARTESIAN_POINT ( 'NONE',  ( 1.100000000000000089, 0.000000000000000000, 0.1999999999999970135 ) ) ;
#1275 = EDGE_CURVE ( 'NONE', #1641, #61, #1761, .T. ) ;
#1276 = CARTESIAN_POINT ( 'NONE',  ( -1.077994694398533904, 0.9000000000000000222, -1.259800421186664021 ) ) ;
#1277 = ORIENTED_EDGE ( 'NONE', *, *, #1791, .F. ) ;
#1278 = CARTESIAN_POINT ( 'NONE',  ( -6.633814543801949431E-15, 0.000000000000000000, -1.899999999999999911 ) ) ;
#1279 = DIRECTION ( 'NONE',  ( 0.000000000000000000, 0.000000000000000000, -1.000000000000000000 ) ) ;
#1280 = DIRECTION ( 'NONE',  ( -1.000000000000000000, 0.000000000000000000, 3.491481338843135327E-15 ) ) ;
#1281 = CARTESIAN_POINT ( 'NONE',  ( 1.100000000000000089, 0.2000000000000000111, -0.2000000000000035083 ) ) ;
#1282 = APPLICATION_PROTOCOL_DEFINITION ( 'draft international standard', 'automotive_design', 1998, #2530 ) ;
#1283 = ORIENTED_EDGE ( 'NONE', *, *, #1117, .T. ) ;
#1284 = DIRECTION ( 'NONE',  ( 1.000000000000000000, 0.000000000000000000, -4.575683511328640156E-15 ) ) ;
#1285 = ORIENTED_EDGE ( 'NONE', *, *, #297, .F. ) ;
#1286 = DIRECTION ( 'NONE',  ( 2.949380252600380349E-15, 0.000000000000000000, 1.000000000000000000 ) ) ;
#1287 = ORIENTED_EDGE ( 'NONE', *, *, #1398, .T. ) ;
#1288 = CARTESIAN_POINT ( 'NONE',  ( -1.100000000000000089, 0.000000000000000000, 1.149999999999999911 ) ) ;
#1289 = CLOSED_SHELL ( 'NONE', ( #1624, #1404, #2016, #1996, #157, #169, #620 ) ) ;
#1290 = ORIENTED_EDGE ( 'NONE', *, *, #2422, .F. ) ;
#1291 = AXIS2_PLACEMENT_3D ( 'NONE', #512, #388, #1833 ) ;
#1292 = CARTESIAN_POINT ( 'NONE',  ( -1.100000000000000089, 0.2000000000000000111, -0.1999999999999955147 ) ) ;
#1293 = ORIENTED_EDGE ( 'NONE', *, *, #1737, .T. ) ;
#1294 = DIRECTION ( 'NONE',  ( -1.000000000000000000, 0.000000000000000000, 3.491481338843135327E-15 ) ) ;
#1295 = DIRECTION ( 'NONE',  ( 0.000000000000000000, -1.000000000000000000, 0.000000000000000000 ) ) ;
#1296 = ORIENTED_EDGE ( 'NONE', *, *, #458, .T. ) ;
#1297 = DIRECTION ( 'NONE',  ( 0.000000000000000000, -1.000000000000000000, 0.000000000000000000 ) ) ;
#1298 = VECTOR ( 'NONE', #368, 1000.000000000000000 ) ;
#1299 = ORIENTED_EDGE ( 'NONE', *, *, #249, .T. ) ;
#1300 = CARTESIAN_POINT ( 'NONE',  ( -1.100000000000000089, 0.2000000000000000111, -0.7500000000000000000 ) ) ;
#1301 = ORIENTED_EDGE ( 'NONE', *, *, #1167, .T. ) ;
#1302 = PLANE ( 'NONE',  #351 ) ;
#1303 = LINE ( 'NONE', #344, #1314 ) ;
#1304 = ORIENTED_EDGE ( 'NONE', *, *, #1917, .T. ) ;
#1305 = AXIS2_PLACEMENT_3D ( 'NONE', #1477, #1151, #2051 ) ;
#1306 = CARTESIAN_POINT ( 'NONE',  ( 1.500000000000000000, 0.2000000000000000111, -1.149999999999999911 ) ) ;
#1307 = EDGE_CURVE ( 'NONE', #639, #605, #1810, .T. ) ;
#1308 = ORIENTED_EDGE ( 'NONE', *, *, #2025, .F. ) ;
#1309 = CARTESIAN_POINT ( 'NONE',  ( 1.500000000000000000, 0.000000000000000000, 0.1999999999999949873 ) ) ;
#1310 = DIRECTION ( 'NONE',  ( 0.000000000000000000, -1.000000000000000000, 0.000000000000000000 ) ) ;
#1311 = VECTOR ( 'NONE', #1549, 1000.000000000000000 ) ;
#1312 = ORIENTED_EDGE ( 'NONE', *, *, #279, .T. ) ;
#1313 = PLANE ( 'NONE',  #255 ) ;
#1314 = VECTOR ( 'NONE', #1517, 1000.000000000000000 ) ;
#1315 = ORIENTED_EDGE ( 'NONE', *, *, #1820, .F. ) ;
#1316 = DIRECTION ( 'NONE',  ( 0.000000000000000000, -1.000000000000000000, 0.000000000000000000 ) ) ;
#1317 = DIRECTION ( 'NONE',  ( -1.000000000000000000, 0.000000000000000000, 3.491481338843135327E-15 ) ) ;
#1318 = CARTESIAN_POINT ( 'NONE',  ( -0.8750000000000000000, 0.05000000000000000278, -0.8750000000000000000 ) ) ;
#1319 = LINE ( 'NONE', #549, #1298 ) ;
#1320 = EDGE_LOOP ( 'NONE', ( #2087, #1262, #1465, #2462 ) ) ;
#1321 = EDGE_CURVE ( 'NONE', #2380, #11, #106, .T. ) ;
#1322 = DIRECTION ( 'NONE',  ( -1.000000000000000000, 0.000000000000000000, 3.491481338843135327E-15 ) ) ;
#1323 = LINE ( 'NONE', #285, #2229 ) ;
#1324 = CARTESIAN_POINT ( 'NONE',  ( 1.500000000000000000, 0.2000000000000000111, 1.149999999999999911 ) ) ;
#1325 = ORIENTED_EDGE ( 'NONE', *, *, #2172, .F. ) ;
#1326 = DIRECTION ( 'NONE',  ( 1.000000000000000000, 0.000000000000000000, 0.000000000000000000 ) ) ;
#1327 = DIRECTION ( 'NONE',  ( 0.000000000000000000, -1.000000000000000000, 0.000000000000000000 ) ) ;
#1328 = ORIENTED_EDGE ( 'NONE', *, *, #1526, .T. ) ;
#1329 = LINE ( 'NONE', #227, #478 ) ;
#1330 = ORIENTED_EDGE ( 'NONE', *, *, #1084, .F. ) ;
#1331 = CARTESIAN_POINT ( 'NONE',  ( -1.100000000000000089, 0.2000000000000000111, 0.2000000000000045075 ) ) ;
#1332 = DIRECTION ( 'NONE',  ( 0.000000000000000000, 1.000000000000000000, 0.000000000000000000 ) ) ;
#1333 = STYLED_ITEM ( 'NONE', ( #489 ), #225 ) ;
#1334 = CARTESIAN_POINT ( 'NONE',  ( -1.100000000000000089, 0.2000000000000000111, -0.7500000000000000000 ) ) ;
#1335 = DIRECTION ( 'NONE',  ( 1.000000000000000000, 0.000000000000000000, 0.000000000000000000 ) ) ;
#1336 = EDGE_CURVE ( 'NONE', #682, #2412, #1819, .T. ) ;
#1337 = DIRECTION ( 'NONE',  ( 0.000000000000000000, 1.000000000000000000, 0.000000000000000000 ) ) ;
#1338 = FACE_OUTER_BOUND ( 'NONE', #1590, .T. ) ;
#1339 = EDGE_LOOP ( 'NONE', ( #1722, #2116, #2524, #2473 ) ) ;
#1340 = CARTESIAN_POINT ( 'NONE',  ( -3.316907271900974715E-15, 0.000000000000000000, -0.9499999999999999556 ) ) ;
#1341 = ADVANCED_FACE ( 'NONE', ( #68 ), #2512, .F. ) ;
#1342 = VECTOR ( 'NONE', #2235, 1000.000000000000000 ) ;
#1343 = VERTEX_POINT ( 'NONE', #1484 ) ;
#1344 =( LENGTH_UNIT ( ) NAMED_UNIT ( * ) SI_UNIT ( .MILLI., .METRE. ) );
#1345 = ORIENTED_EDGE ( 'NONE', *, *, #971, .F. ) ;
#1346 = LINE ( 'NONE', #570, #2189 ) ;
#1347 = ORIENTED_EDGE ( 'NONE', *, *, #2484, .T. ) ;
#1348 = DIRECTION ( 'NONE',  ( 0.000000000000000000, 0.000000000000000000, 1.000000000000000000 ) ) ;
#1349 = DIRECTION ( 'NONE',  ( 0.000000000000000000, -1.000000000000000000, 0.000000000000000000 ) ) ;
#1350 = FACE_OUTER_BOUND ( 'NONE', #2248, .T. ) ;
#1351 = VECTOR ( 'NONE', #2434, 1000.000000000000000 ) ;
#1352 = ORIENTED_EDGE ( 'NONE', *, *, #349, .F. ) ;
#1353 = AXIS2_PLACEMENT_3D ( 'NONE', #1371, #1657, #1862 ) ;
#1354 = CARTESIAN_POINT ( 'NONE',  ( 1.500000000000000000, 0.05000000000000000278, -1.500000000000000000 ) ) ;
#1355 = EDGE_CURVE ( 'NONE', #707, #2061, #924, .T. ) ;
#1356 = VECTOR ( 'NONE', #2342, 1000.000000000000000 ) ;
#1357 = ORIENTED_EDGE ( 'NONE', *, *, #879, .T. ) ;
#1358 = CARTESIAN_POINT ( 'NONE',  ( -1.077994694398533904, 1.000000000000000000, -1.259800421186664021 ) ) ;
#1359 = LINE ( 'NONE', #826, #528 ) ;
#1360 = VECTOR ( 'NONE', #1199, 1000.000000000000000 ) ;
#1361 = ORIENTED_EDGE ( 'NONE', *, *, #1615, .F. ) ;
#1362 = VECTOR ( 'NONE', #2014, 1000.000000000000000 ) ;
#1363 = VECTOR ( 'NONE', #1317, 1000.000000000000000 ) ;
#1364 = VERTEX_POINT ( 'NONE', #1141 ) ;
#1365 = AXIS2_PLACEMENT_3D ( 'NONE', #1405, #280, #1387 ) ;
#1366 = LINE ( 'NONE', #336, #513 ) ;
#1367 = VECTOR ( 'NONE', #439, 1000.000000000000000 ) ;
#1368 = ORIENTED_EDGE ( 'NONE', *, *, #155, .F. ) ;
#1369 = CARTESIAN_POINT ( 'NONE',  ( -1.100000000000000089, 0.7656854249492389686, -0.7500000000000000000 ) ) ;
#1370 = DIRECTION ( 'NONE',  ( -1.000000000000000000, 0.000000000000000000, 2.407279166357630105E-15 ) ) ;
#1371 = CARTESIAN_POINT ( 'NONE',  ( -0.8000000000000000444, 3.168164415931164601, -1.250000000000000000 ) ) ;
#1372 = LINE ( 'NONE', #246, #2252 ) ;
#1373 = CYLINDRICAL_SURFACE ( 'NONE', #2284, 0.1661258039605105208 ) ;
#1374 = ORIENTED_EDGE ( 'NONE', *, *, #1246, .F. ) ;
#1375 = ADVANCED_FACE ( 'NONE', ( #72 ), #312, .F. ) ;
#1376 = LINE ( 'NONE', #1674, #1362 ) ;
#1377 = VECTOR ( 'NONE', #2365, 1000.000000000000000 ) ;
#1378 =( NAMED_UNIT ( * ) SI_UNIT ( $, .STERADIAN. ) SOLID_ANGLE_UNIT ( ) );
#1379 = ORIENTED_EDGE ( 'NONE', *, *, #1737, .F. ) ;
#1380 = ADVANCED_FACE ( 'NONE', ( #928 ), #2289, .T. ) ;
#1381 = SURFACE_STYLE_USAGE ( .BOTH. , #1206 ) ;
#1382 = STYLED_ITEM ( 'NONE', ( #2296 ), #2494 ) ;
#1383 = VECTOR ( 'NONE', #859, 1000.000000000000000 ) ;
#1384 = VECTOR ( 'NONE', #1349, 1000.000000000000000 ) ;
#1385 = ORIENTED_EDGE ( 'NONE', *, *, #275, .F. ) ;
#1386 = DIRECTION ( 'NONE',  ( 0.000000000000000000, -1.000000000000000000, 0.000000000000000000 ) ) ;
#1387 = DIRECTION ( 'NONE',  ( -1.000000000000000000, 0.000000000000000000, 4.575683511328640156E-15 ) ) ;
#1388 = FACE_OUTER_BOUND ( 'NONE', #1531, .T. ) ;
#1389 = VECTOR ( 'NONE', #1958, 1000.000000000000000 ) ;
#1390 = ORIENTED_EDGE ( 'NONE', *, *, #1029, .T. ) ;
#1391 =( NAMED_UNIT ( * ) PLANE_ANGLE_UNIT ( ) SI_UNIT ( $, .RADIAN. ) );
#1392 = DIRECTION ( 'NONE',  ( 0.000000000000000000, -1.000000000000000000, 0.000000000000000000 ) ) ;
#1393 = VERTEX_POINT ( 'NONE', #1072 ) ;
#1394 = ORIENTED_EDGE ( 'NONE', *, *, #1167, .F. ) ;
#1395 = FILL_AREA_STYLE ('',( #1086 ) ) ;
#1396 = CLOSED_SHELL ( 'NONE', ( #1744, #2030, #2502, #474, #920, #93 ) ) ;
#1397 = ORIENTED_EDGE ( 'NONE', *, *, #2521, .F. ) ;
#1398 = EDGE_CURVE ( 'NONE', #515, #2408, #1778, .T. ) ;
#1399 = UNCERTAINTY_MEASURE_WITH_UNIT (LENGTH_MEASURE( 1.000000000000000082E-05 ), #1844, 'distance_accuracy_value', 'NONE');
#1400 = SURFACE_STYLE_FILL_AREA ( #97 ) ;
#1401 = EDGE_CURVE ( 'NONE', #619, #2278, #77, .T. ) ;
#1402 = EDGE_LOOP ( 'NONE', ( #1534, #2369, #1390, #2219 ) ) ;
#1403 = DIRECTION ( 'NONE',  ( -1.000000000000000000, 0.000000000000000000, 4.575683511328640156E-15 ) ) ;
#1404 = ADVANCED_FACE ( 'NONE', ( #183 ), #1302, .F. ) ;
#1405 = CARTESIAN_POINT ( 'NONE',  ( 1.100000000000000089, 0.7656854249492389686, 1.149999999999999911 ) ) ;
#1406 = EDGE_LOOP ( 'NONE', ( #739, #857, #546, #135 ) ) ;
#1407 = PRODUCT_DEFINITION_SHAPE ( 'NONE', 'NONE',  #2469 ) ;
#1408 = CARTESIAN_POINT ( 'NONE',  ( 1.100000000000000089, 0.2000000000000000111, -0.2000000000000035083 ) ) ;
#1409 = CARTESIAN_POINT ( 'NONE',  ( -1.500000000000000000, 0.2000000000000000111, -0.7500000000000000000 ) ) ;
#1410 = CARTESIAN_POINT ( 'NONE',  ( 1.500000000000000000, 0.2000000000000000111, -0.7500000000000000000 ) ) ;
#1411 = DIRECTION ( 'NONE',  ( 0.000000000000000000, -1.000000000000000000, 0.000000000000000000 ) ) ;
#1412 = ORIENTED_EDGE ( 'NONE', *, *, #1235, .T. ) ;
#1413 = CARTESIAN_POINT ( 'NONE',  ( -6.633814543801949431E-15, 0.2000000000000000111, -1.899999999999999911 ) ) ;
#1414 = VERTEX_POINT ( 'NONE', #2532 ) ;
#1415 = DIRECTION ( 'NONE',  ( 1.000000000000000000, 0.000000000000000000, -2.407279166357630105E-15 ) ) ;
#1416 = VERTEX_POINT ( 'NONE', #184 ) ;
#1417 = DIRECTION ( 'NONE',  ( 1.000000000000000000, 0.000000000000000000, -3.491481338843135327E-15 ) ) ;
#1418 = DIRECTION ( 'NONE',  ( 1.000000000000000000, 0.000000000000000000, -4.575683511328640156E-15 ) ) ;
#1419 = EDGE_CURVE ( 'NONE', #2135, #1641, #1017, .T. ) ;
#1420 = LINE ( 'NONE', #1498, #578 ) ;
#1421 = VERTEX_POINT ( 'NONE', #2022 ) ;
#1422 = EDGE_LOOP ( 'NONE', ( #2290, #735, #2338, #2395, #377 ) ) ;
#1423 = DIRECTION ( 'NONE',  ( 0.000000000000000000, 0.000000000000000000, 1.000000000000000000 ) ) ;
#1424 = VECTOR ( 'NONE', #18, 1000.000000000000000 ) ;
#1425 = EDGE_LOOP ( 'NONE', ( #2105, #830, #892, #2352 ) ) ;
#1426 = CARTESIAN_POINT ( 'NONE',  ( -0.8750000000000012212, 0.000000000000000000, -0.8749999999999987788 ) ) ;
#1427 = ADVANCED_FACE ( 'NONE', ( #1856 ), #1890, .F. ) ;
#1428 = DIRECTION ( 'NONE',  ( 0.000000000000000000, -1.000000000000000000, 0.000000000000000000 ) ) ;
#1429 = LINE ( 'NONE', #1033, #561 ) ;
#1430 = EDGE_LOOP ( 'NONE', ( #982, #2341, #723, #1315 ) ) ;
#1431 = AXIS2_PLACEMENT_3D ( 'NONE', #573, #219, #1322 ) ;
#1432 = EDGE_CURVE ( 'NONE', #681, #32, #1883, .T. ) ;
#1433 = ORIENTED_EDGE ( 'NONE', *, *, #536, .F. ) ;
#1434 = EDGE_CURVE ( 'NONE', #11, #853, #144, .T. ) ;
#1435 = CARTESIAN_POINT ( 'NONE',  ( 1.500000000000000000, 0.2000000000000000111, -1.149999999999999911 ) ) ;
#1436 = FACE_OUTER_BOUND ( 'NONE', #2224, .T. ) ;
#1437 = EDGE_LOOP ( 'NONE', ( #1443, #1223, #1621, #2441 ) ) ;
#1438 = DIRECTION ( 'NONE',  ( -3.491481338843135327E-15, 0.000000000000000000, -1.000000000000000000 ) ) ;
#1439 = EDGE_LOOP ( 'NONE', ( #1464, #1663, #1586, #1542 ) ) ;
#1440 = LINE ( 'NONE', #2298, #1513 ) ;
#1441 = VERTEX_POINT ( 'NONE', #277 ) ;
#1442 = DIRECTION ( 'NONE',  ( 0.000000000000000000, 1.000000000000000000, 0.000000000000000000 ) ) ;
#1443 = ORIENTED_EDGE ( 'NONE', *, *, #438, .F. ) ;
#1444 = DIRECTION ( 'NONE',  ( 0.000000000000000000, -1.000000000000000000, 0.000000000000000000 ) ) ;
#1445 = CLOSED_SHELL ( 'NONE', ( #2449, #1907, #2481, #1080, #289, #2221, #1129, #2506, #563, #1243, #136, #2343, #1984, #1229, #1380, #407, #690, #860, #424, #592, #1878, #394, #1115, #2042, #2173, #248, #1699, #113, #1864, #2192, #1452, #2216, #52, #2127, #2196, #2421, #1012, #1257, #1780 ) ) ;
#1446 = VERTEX_POINT ( 'NONE', #1811 ) ;
#1447 = CARTESIAN_POINT ( 'NONE',  ( -1.100000000000000089, 0.2000000000000000111, 0.7500000000000000000 ) ) ;
#1448 = ORIENTED_EDGE ( 'NONE', *, *, #2004, .T. ) ;
#1449 = ORIENTED_EDGE ( 'NONE', *, *, #1041, .T. ) ;
#1450 = VERTEX_POINT ( 'NONE', #216 ) ;
#1451 = EDGE_CURVE ( 'NONE', #1854, #515, #171, .T. ) ;
#1452 = ADVANCED_FACE ( 'NONE', ( #1840 ), #45, .T. ) ;
#1453 = CARTESIAN_POINT ( 'NONE',  ( 1.100000000000000089, 0.05000000000000000278, 0.1999999999999970135 ) ) ;
#1454 = ORIENTED_EDGE ( 'NONE', *, *, #895, .T. ) ;
#1455 = VECTOR ( 'NONE', #86, 1000.000000000000000 ) ;
#1456 = ORIENTED_EDGE ( 'NONE', *, *, #1038, .F. ) ;
#1457 = SURFACE_SIDE_STYLE ('',( #1026 ) ) ;
#1458 = EDGE_LOOP ( 'NONE', ( #1236, #378, #1650, #1734 ) ) ;
#1459 = PRODUCT_RELATED_PRODUCT_CATEGORY ( 'part', '', ( #1921 ) ) ;
#1460 =( NAMED_UNIT ( * ) SI_UNIT ( $, .STERADIAN. ) SOLID_ANGLE_UNIT ( ) );
#1461 = VERTEX_POINT ( 'NONE', #840 ) ;
#1462 = EDGE_LOOP ( 'NONE', ( #54, #385, #370, #1755 ) ) ;
#1463 = VERTEX_POINT ( 'NONE', #1608 ) ;
#1464 = ORIENTED_EDGE ( 'NONE', *, *, #2440, .T. ) ;
#1465 = ORIENTED_EDGE ( 'NONE', *, *, #458, .F. ) ;
#1466 = EDGE_CURVE ( 'NONE', #2408, #515, #997, .T. ) ;
#1467 = CARTESIAN_POINT ( 'NONE',  ( 1.100000000000000089, 0.7656854249492389686, -0.2000000000000035083 ) ) ;
#1468 = SURFACE_SIDE_STYLE ('',( #1400 ) ) ;
#1469 = DIRECTION ( 'NONE',  ( 0.000000000000000000, 1.000000000000000000, 0.000000000000000000 ) ) ;
#1470 = DIRECTION ( 'NONE',  ( -2.949380252600380349E-15, 0.000000000000000000, -1.000000000000000000 ) ) ;
#1471 = AXIS2_PLACEMENT_3D ( 'NONE', #654, #2041, #966 ) ;
#1472 = ORIENTED_EDGE ( 'NONE', *, *, #755, .T. ) ;
#1473 = EDGE_CURVE ( 'NONE', #629, #2330, #1873, .T. ) ;
#1474 = ORIENTED_EDGE ( 'NONE', *, *, #1956, .T. ) ;
#1475 = CARTESIAN_POINT ( 'NONE',  ( 0.000000000000000000, 0.2000000000000000111, 0.000000000000000000 ) ) ;
#1476 = ADVANCED_FACE ( 'NONE', ( #1036 ), #2489, .F. ) ;
#1477 = CARTESIAN_POINT ( 'NONE',  ( -1.500000000000000000, 0.7656854249492389686, -0.1999999999999945155 ) ) ;
#1478 = APPLICATION_CONTEXT ( 'automotive_design' ) ;
#1479 = EDGE_LOOP ( 'NONE', ( #362, #580, #2308, #1813 ) ) ;
#1480 = SURFACE_STYLE_FILL_AREA ( #223 ) ;
#1481 = EDGE_LOOP ( 'NONE', ( #499, #393, #2124, #2175 ) ) ;
#1482 = LINE ( 'NONE', #1053, #2526 ) ;
#1483 = DIRECTION ( 'NONE',  ( -1.000000000000000000, 0.000000000000000000, 3.491481338843135327E-15 ) ) ;
#1484 = CARTESIAN_POINT ( 'NONE',  ( -1.500000000000000000, 1.000000000000000000, 1.500000000000000000 ) ) ;
#1485 = ORIENTED_EDGE ( 'NONE', *, *, #256, .T. ) ;
#1486 = LINE ( 'NONE', #1146, #742 ) ;
#1487 = EDGE_LOOP ( 'NONE', ( #434, #1213, #1296, #2107 ) ) ;
#1488 = ORIENTED_EDGE ( 'NONE', *, *, #1098, .T. ) ;
#1489 = FACE_OUTER_BOUND ( 'NONE', #1727, .T. ) ;
#1490 = ORIENTED_EDGE ( 'NONE', *, *, #1153, .T. ) ;
#1491 = CARTESIAN_POINT ( 'NONE',  ( 1.500000000000000000, 0.2000000000000000111, 1.149999999999999911 ) ) ;
#1492 = ORIENTED_EDGE ( 'NONE', *, *, #2464, .F. ) ;
#1493 = FACE_OUTER_BOUND ( 'NONE', #621, .T. ) ;
#1494 = VERTEX_POINT ( 'NONE', #167 ) ;
#1495 = COLOUR_RGB ( '',0.7921568627450980005, 0.8196078431372548767, 0.9333333333333333481 ) ;
#1496 = ORIENTED_EDGE ( 'NONE', *, *, #2138, .F. ) ;
#1497 = AXIS2_PLACEMENT_3D ( 'NONE', #2165, #2262, #1121 ) ;
#1498 = CARTESIAN_POINT ( 'NONE',  ( -1.100000000000000089, 0.000000000000000000, -1.149999999999999911 ) ) ;
#1499 = DIRECTION ( 'NONE',  ( -1.000000000000000000, 0.000000000000000000, 5.117784597571390006E-15 ) ) ;
#1500 = EDGE_CURVE ( 'NONE', #743, #1537, #160, .T. ) ;
#1501 = ORIENTED_EDGE ( 'NONE', *, *, #1630, .F. ) ;
#1502 = DIRECTION ( 'NONE',  ( 1.000000000000000000, 0.000000000000000000, 0.000000000000000000 ) ) ;
#1503 = FACE_OUTER_BOUND ( 'NONE', #1540, .T. ) ;
#1504 = ORIENTED_EDGE ( 'NONE', *, *, #901, .F. ) ;
#1505 = VERTEX_POINT ( 'NONE', #1912 ) ;
#1506 = VECTOR ( 'NONE', #1034, 1000.000000000000000 ) ;
#1507 = AXIS2_PLACEMENT_3D ( 'NONE', #1168, #1337, #1585 ) ;
#1508 = ORIENTED_EDGE ( 'NONE', *, *, #1275, .F. ) ;
#1509 = CARTESIAN_POINT ( 'NONE',  ( 1.100000000000000089, 0.2000000000000000111, 1.149999999999999911 ) ) ;
#1510 =( GEOMETRIC_REPRESENTATION_CONTEXT ( 3 ) GLOBAL_UNCERTAINTY_ASSIGNED_CONTEXT ( ( #1673 ) ) GLOBAL_UNIT_ASSIGNED_CONTEXT ( ( #883, #1056, #119 ) ) REPRESENTATION_CONTEXT ( 'NONE', 'WORKASPACE' ) );
#1511 = CARTESIAN_POINT ( 'NONE',  ( -1.100000000000000089, 0.2000000000000000111, -1.149999999999999911 ) ) ;
#1512 = ORIENTED_EDGE ( 'NONE', *, *, #1979, .T. ) ;
#1513 = VECTOR ( 'NONE', #34, 1000.000000000000000 ) ;
#1514 = VERTEX_POINT ( 'NONE', #948 ) ;
#1515 = EDGE_LOOP ( 'NONE', ( #2074, #479, #2133, #751 ) ) ;
#1516 = FACE_OUTER_BOUND ( 'NONE', #2094, .T. ) ;
#1517 = DIRECTION ( 'NONE',  ( 0.000000000000000000, -1.000000000000000000, 0.000000000000000000 ) ) ;
#1518 = ORIENTED_EDGE ( 'NONE', *, *, #387, .F. ) ;
#1519 = ORIENTED_EDGE ( 'NONE', *, *, #503, .T. ) ;
#1520 = LINE ( 'NONE', #283, #647 ) ;
#1521 = ORIENTED_EDGE ( 'NONE', *, *, #1062, .T. ) ;
#1522 = VERTEX_POINT ( 'NONE', #1113 ) ;
#1523 = CARTESIAN_POINT ( 'NONE',  ( -1.100000000000000089, 0.2000000000000000111, 1.149999999999999911 ) ) ;
#1524 = MANIFOLD_SOLID_BREP ( 'NONE', #1396 ) ;
#1525 = ORIENTED_EDGE ( 'NONE', *, *, #1979, .F. ) ;
#1526 = EDGE_CURVE ( 'NONE', #590, #440, #1013, .T. ) ;
#1527 = CARTESIAN_POINT ( 'NONE',  ( -1.500000000000000000, 0.000000000000000000, -1.149999999999999911 ) ) ;
#1528 = ORIENTED_EDGE ( 'NONE', *, *, #340, .T. ) ;
#1529 = EDGE_LOOP ( 'NONE', ( #2428, #2375, #1472, #741 ) ) ;
#1530 = VERTEX_POINT ( 'NONE', #139 ) ;
#1531 = EDGE_LOOP ( 'NONE', ( #1556, #1617, #1563, #711 ) ) ;
#1532 = EDGE_CURVE ( 'NONE', #2275, #639, #1867, .T. ) ;
#1533 = DIRECTION ( 'NONE',  ( 0.000000000000000000, -1.000000000000000000, 0.000000000000000000 ) ) ;
#1534 = ORIENTED_EDGE ( 'NONE', *, *, #124, .F. ) ;
#1535 = PLANE ( 'NONE',  #1248 ) ;
#1536 = LINE ( 'NONE', #1435, #2337 ) ;
#1537 = VERTEX_POINT ( 'NONE', #2388 ) ;
#1538 = EDGE_LOOP ( 'NONE', ( #389, #688, #2091, #1347, #784 ) ) ;
#1539 = VECTOR ( 'NONE', #1560, 1000.000000000000000 ) ;
#1540 = EDGE_LOOP ( 'NONE', ( #39, #1604 ) ) ;
#1541 = ORIENTED_EDGE ( 'NONE', *, *, #1419, .T. ) ;
#1542 = ORIENTED_EDGE ( 'NONE', *, *, #816, .T. ) ;
#1543 = PLANE ( 'NONE',  #2220 ) ;
#1544 = ORIENTED_EDGE ( 'NONE', *, *, #1398, .F. ) ;
#1545 = VECTOR ( 'NONE', #1533, 1000.000000000000000 ) ;
#1546 = ORIENTED_EDGE ( 'NONE', *, *, #372, .T. ) ;
#1547 = EDGE_LOOP ( 'NONE', ( #2285, #1397, #1709, #810 ) ) ;
#1548 = VECTOR ( 'NONE', #1836, 1000.000000000000000 ) ;
#1549 = DIRECTION ( 'NONE',  ( 1.000000000000000000, 0.000000000000000000, -4.575683511328640156E-15 ) ) ;
#1550 = VERTEX_POINT ( 'NONE', #868 ) ;
#1551 = DIRECTION ( 'NONE',  ( 1.000000000000000000, 0.000000000000000000, -4.575683511328640156E-15 ) ) ;
#1552 = ORIENTED_EDGE ( 'NONE', *, *, #2148, .F. ) ;
#1553 = DIRECTION ( 'NONE',  ( -1.000000000000000000, 0.000000000000000000, 4.575683511328640156E-15 ) ) ;
#1554 = ORIENTED_EDGE ( 'NONE', *, *, #1241, .F. ) ;
#1555 = VECTOR ( 'NONE', #452, 1000.000000000000000 ) ;
#1556 = ORIENTED_EDGE ( 'NONE', *, *, #696, .F. ) ;
#1557 = CARTESIAN_POINT ( 'NONE',  ( -1.500000000000000000, 0.2000000000000000111, -1.149999999999999911 ) ) ;
#1558 = VECTOR ( 'NONE', #703, 1000.000000000000000 ) ;
#1559 = ORIENTED_EDGE ( 'NONE', *, *, #1157, .T. ) ;
#1560 = DIRECTION ( 'NONE',  ( -5.117784597571390006E-15, 0.000000000000000000, -1.000000000000000000 ) ) ;
#1561 = ORIENTED_EDGE ( 'NONE', *, *, #306, .T. ) ;
#1562 = PRESENTATION_STYLE_ASSIGNMENT (( #2355 ) ) ;
#1563 = ORIENTED_EDGE ( 'NONE', *, *, #1266, .F. ) ;
#1564 = VERTEX_POINT ( 'NONE', #917 ) ;
#1565 = EDGE_CURVE ( 'NONE', #1421, #1700, #1863, .T. ) ;
#1566 = EDGE_LOOP ( 'NONE', ( #484, #1345, #708, #624 ) ) ;
#1567 = CARTESIAN_POINT ( 'NONE',  ( 1.500000000000000000, 0.2000000000000000111, -1.149999999999999911 ) ) ;
#1568 = ORIENTED_EDGE ( 'NONE', *, *, #1092, .F. ) ;
#1569 = CARTESIAN_POINT ( 'NONE',  ( -0.8000000000000000444, 0.2000000000000000111, -0.9499999999999999556 ) ) ;
#1570 = FACE_OUTER_BOUND ( 'NONE', #2364, .T. ) ;
#1571 = VERTEX_POINT ( 'NONE', #1983 ) ;
#1572 = VERTEX_POINT ( 'NONE', #263 ) ;
#1573 = FACE_OUTER_BOUND ( 'NONE', #568, .T. ) ;
#1574 = MECHANICAL_DESIGN_GEOMETRIC_PRESENTATION_REPRESENTATION (  '', ( #180 ), #2177 ) ;
#1575 = ORIENTED_EDGE ( 'NONE', *, *, #266, .T. ) ;
#1576 = DIRECTION ( 'NONE',  ( 0.000000000000000000, 0.000000000000000000, -1.000000000000000000 ) ) ;
#1577 = ORIENTED_EDGE ( 'NONE', *, *, #38, .T. ) ;
#1578 = FACE_OUTER_BOUND ( 'NONE', #1584, .T. ) ;
#1579 = ORIENTED_EDGE ( 'NONE', *, *, #1016, .T. ) ;
#1580 = EDGE_LOOP ( 'NONE', ( #1616, #2122, #120, #877 ) ) ;
#1581 = FACE_OUTER_BOUND ( 'NONE', #1627, .T. ) ;
#1582 = CARTESIAN_POINT ( 'NONE',  ( 1.100000000000000089, 0.2000000000000000111, 0.1999999999999970135 ) ) ;
#1583 = ORIENTED_EDGE ( 'NONE', *, *, #2083, .F. ) ;
#1584 = EDGE_LOOP ( 'NONE', ( #1594, #687, #2314, #7 ) ) ;
#1585 = DIRECTION ( 'NONE',  ( 0.000000000000000000, 0.000000000000000000, 1.000000000000000000 ) ) ;
#1586 = ORIENTED_EDGE ( 'NONE', *, *, #2256, .T. ) ;
#1587 = SURFACE_STYLE_FILL_AREA ( #1395 ) ;
#1588 = ORIENTED_EDGE ( 'NONE', *, *, #339, .F. ) ;
#1589 = VECTOR ( 'NONE', #1200, 1000.000000000000000 ) ;
#1590 = EDGE_LOOP ( 'NONE', ( #663, #1704, #100, #2307 ) ) ;
#1591 = CARTESIAN_POINT ( 'NONE',  ( 1.100000000000000089, 0.000000000000000000, 1.149999999999999911 ) ) ;
#1592 = ORIENTED_EDGE ( 'NONE', *, *, #775, .F. ) ;
#1593 = CARTESIAN_POINT ( 'NONE',  ( 1.500000000000000000, 0.000000000000000000, -0.2000000000000055067 ) ) ;
#1594 = ORIENTED_EDGE ( 'NONE', *, *, #2225, .F. ) ;
#1595 = ORIENTED_EDGE ( 'NONE', *, *, #266, .F. ) ;
#1596 = EDGE_CURVE ( 'NONE', #721, #2240, #149, .T. ) ;
#1597 = LINE ( 'NONE', #477, #2431 ) ;
#1598 = ORIENTED_EDGE ( 'NONE', *, *, #256, .F. ) ;
#1599 = PLANE ( 'NONE',  #1008 ) ;
#1600 = ORIENTED_EDGE ( 'NONE', *, *, #2521, .T. ) ;
#1601 = ORIENTED_EDGE ( 'NONE', *, *, #2484, .F. ) ;
#1602 = SURFACE_STYLE_FILL_AREA ( #1870 ) ;
#1603 = CARTESIAN_POINT ( 'NONE',  ( 1.100000000000000089, 0.2000000000000000111, -0.2000000000000035083 ) ) ;
#1604 = ORIENTED_EDGE ( 'NONE', *, *, #469, .T. ) ;
#1605 = ORIENTED_EDGE ( 'NONE', *, *, #163, .T. ) ;
#1606 = PLANE ( 'NONE',  #969 ) ;
#1607 = DIRECTION ( 'NONE',  ( 1.000000000000000000, 0.000000000000000000, -3.491481338843135327E-15 ) ) ;
#1608 = CARTESIAN_POINT ( 'NONE',  ( -0.8000000000000000444, 0.2000000000000000111, -0.9499999999999999556 ) ) ;
#1609 = EDGE_LOOP ( 'NONE', ( #80, #2301, #2111, #881 ) ) ;
#1610 = LINE ( 'NONE', #2005, #2456 ) ;
#1611 = ORIENTED_EDGE ( 'NONE', *, *, #1224, .F. ) ;
#1612 = CIRCLE ( 'NONE', #2069, 0.1661258039605105208 ) ;
#1613 = PLANE ( 'NONE',  #76 ) ;
#1614 = CARTESIAN_POINT ( 'NONE',  ( 1.100000000000000089, 0.7656854249492389686, 1.149999999999999911 ) ) ;
#1615 = EDGE_CURVE ( 'NONE', #365, #783, #1042, .T. ) ;
#1616 = ORIENTED_EDGE ( 'NONE', *, *, #800, .F. ) ;
#1617 = ORIENTED_EDGE ( 'NONE', *, *, #617, .F. ) ;
#1618 = LINE ( 'NONE', #386, #773 ) ;
#1619 = PRESENTATION_LAYER_ASSIGNMENT (  '', '', ( #757 ) ) ;
#1620 = CARTESIAN_POINT ( 'NONE',  ( 0.8000000000000000444, 0.000000000000000000, 1.250000000000000000 ) ) ;
#1621 = ORIENTED_EDGE ( 'NONE', *, *, #2390, .T. ) ;
#1622 = ORIENTED_EDGE ( 'NONE', *, *, #422, .F. ) ;
#1623 = CIRCLE ( 'NONE', #1189, 0.1661258039605105208 ) ;
#1624 = ADVANCED_FACE ( 'NONE', ( #1842 ), #436, .F. ) ;
#1625 = PLANE ( 'NONE',  #2056 ) ;
#1626 = COLOUR_RGB ( '',0.7921568627450980005, 0.8196078431372548767, 0.9333333333333333481 ) ;
#1627 = EDGE_LOOP ( 'NONE', ( #1508, #679, #807, #2233 ) ) ;
#1628 = VECTOR ( 'NONE', #2317, 1000.000000000000000 ) ;
#1629 = PRESENTATION_LAYER_ASSIGNMENT (  '', '', ( #1333 ) ) ;
#1630 = EDGE_CURVE ( 'NONE', #1004, #2207, #1845, .T. ) ;
#1631 = EDGE_CURVE ( 'NONE', #2168, #2109, #1003, .T. ) ;
#1632 = EDGE_LOOP ( 'NONE', ( #704, #1496, #652, #1385 ) ) ;
#1633 = PLANE ( 'NONE',  #457 ) ;
#1634 = LINE ( 'NONE', #2045, #2419 ) ;
#1635 = ORIENTED_EDGE ( 'NONE', *, *, #2188, .F. ) ;
#1636 = ORIENTED_EDGE ( 'NONE', *, *, #780, .F. ) ;
#1637 = LINE ( 'NONE', #1300, #831 ) ;
#1638 = ORIENTED_EDGE ( 'NONE', *, *, #207, .T. ) ;
#1639 =( NAMED_UNIT ( * ) SI_UNIT ( $, .STERADIAN. ) SOLID_ANGLE_UNIT ( ) );
#1640 = CARTESIAN_POINT ( 'NONE',  ( -1.100000000000000089, 0.000000000000000000, -0.1999999999999955147 ) ) ;
#1641 = VERTEX_POINT ( 'NONE', #582 ) ;
#1642 = LINE ( 'NONE', #1064, #878 ) ;
#1643 = ORIENTED_EDGE ( 'NONE', *, *, #622, .F. ) ;
#1644 = DIRECTION ( 'NONE',  ( 3.491481338843135327E-15, 0.000000000000000000, 1.000000000000000000 ) ) ;
#1645 = DIRECTION ( 'NONE',  ( -1.000000000000000000, 0.000000000000000000, 3.491481338843135327E-15 ) ) ;
#1646 = VERTEX_POINT ( 'NONE', #2140 ) ;
#1647 = FACE_OUTER_BOUND ( 'NONE', #584, .T. ) ;
#1648 = DIRECTION ( 'NONE',  ( 0.000000000000000000, -1.000000000000000000, 0.000000000000000000 ) ) ;
#1649 = ADVANCED_FACE ( 'NONE', ( #1861 ), #87, .F. ) ;
#1650 = ORIENTED_EDGE ( 'NONE', *, *, #2516, .T. ) ;
#1651 = SURFACE_SIDE_STYLE ('',( #1602 ) ) ;
#1652 = ORIENTED_EDGE ( 'NONE', *, *, #306, .F. ) ;
#1653 = DIRECTION ( 'NONE',  ( 1.000000000000000000, 0.000000000000000000, -3.491481338843135327E-15 ) ) ;
#1654 = VECTOR ( 'NONE', #643, 1000.000000000000000 ) ;
#1655 = EDGE_CURVE ( 'NONE', #2060, #418, #1022, .T. ) ;
#1656 = ORIENTED_EDGE ( 'NONE', *, *, #541, .T. ) ;
#1657 = DIRECTION ( 'NONE',  ( -1.000000000000000000, 0.000000000000000000, 3.404745165044295367E-15 ) ) ;
#1658 = SHAPE_DEFINITION_REPRESENTATION ( #1407, #2130 ) ;
#1659 = ORIENTED_EDGE ( 'NONE', *, *, #1009, .F. ) ;
#1660 = VECTOR ( 'NONE', #390, 1000.000000000000000 ) ;
#1661 = ORIENTED_EDGE ( 'NONE', *, *, #1785, .T. ) ;
#1662 = DIRECTION ( 'NONE',  ( -3.491481338843135327E-15, 0.000000000000000000, -1.000000000000000000 ) ) ;
#1663 = ORIENTED_EDGE ( 'NONE', *, *, #1565, .F. ) ;
#1664 = FACE_OUTER_BOUND ( 'NONE', #694, .T. ) ;
#1665 = DIRECTION ( 'NONE',  ( -1.000000000000000000, 0.000000000000000000, 3.491481338843135327E-15 ) ) ;
#1666 = VERTEX_POINT ( 'NONE', #1888 ) ;
#1667 = AXIS2_PLACEMENT_3D ( 'NONE', #2114, #1193, #400 ) ;
#1668 = EDGE_CURVE ( 'NONE', #151, #1522, #1046, .T. ) ;
#1669 = VECTOR ( 'NONE', #1327, 1000.000000000000000 ) ;
#1670 = CARTESIAN_POINT ( 'NONE',  ( 1.500000000000000000, 1.000000000000000000, -1.500000000000000000 ) ) ;
#1671 = CARTESIAN_POINT ( 'NONE',  ( -1.100000000000000089, 0.2000000000000000111, -1.149999999999999911 ) ) ;
#1672 = VERTEX_POINT ( 'NONE', #1855 ) ;
#1673 = UNCERTAINTY_MEASURE_WITH_UNIT (LENGTH_MEASURE( 1.000000000000000082E-05 ), #883, 'distance_accuracy_value', 'NONE');
#1674 = CARTESIAN_POINT ( 'NONE',  ( -1.500000000000000000, 6.242640687119290099, -1.500000000000000000 ) ) ;
#1675 = VECTOR ( 'NONE', #1784, 1000.000000000000000 ) ;
#1676 = ADVANCED_FACE ( 'NONE', ( #156 ), #2033, .F. ) ;
#1677 = DIRECTION ( 'NONE',  ( -0.7071067811865465735, 0.000000000000000000, 0.7071067811865485719 ) ) ;
#1678 = DIRECTION ( 'NONE',  ( 0.000000000000000000, -1.000000000000000000, 0.000000000000000000 ) ) ;
#1679 = VERTEX_POINT ( 'NONE', #900 ) ;
#1680 = LINE ( 'NONE', #2250, #2514 ) ;
#1681 = PLANE ( 'NONE',  #2034 ) ;
#1682 = VERTEX_POINT ( 'NONE', #70 ) ;
#1683 = DIRECTION ( 'NONE',  ( 4.575683511328640156E-15, 0.000000000000000000, 1.000000000000000000 ) ) ;
#1684 = VECTOR ( 'NONE', #2508, 1000.000000000000000 ) ;
#1685 = MANIFOLD_SOLID_BREP ( 'NONE', #571 ) ;
#1686 = CARTESIAN_POINT ( 'NONE',  ( 1.100000000000000089, 0.2000000000000000111, -0.2000000000000035083 ) ) ;
#1687 = SURFACE_STYLE_FILL_AREA ( #182 ) ;
#1688 = EDGE_LOOP ( 'NONE', ( #1308, #2302, #2418, #1221 ) ) ;
#1689 = EDGE_CURVE ( 'NONE', #728, #2319, #1923, .T. ) ;
#1690 = FACE_OUTER_BOUND ( 'NONE', #1339, .T. ) ;
#1691 = AXIS2_PLACEMENT_3D ( 'NONE', #2054, #25, #1929 ) ;
#1692 = DIRECTION ( 'NONE',  ( 0.000000000000000000, 0.000000000000000000, 1.000000000000000000 ) ) ;
#1693 = EDGE_LOOP ( 'NONE', ( #2328, #2253, #473, #1249 ) ) ;
#1694 = DIRECTION ( 'NONE',  ( -0.000000000000000000, 1.000000000000000000, 0.000000000000000000 ) ) ;
#1695 = LINE ( 'NONE', #2460, #824 ) ;
#1696 = CARTESIAN_POINT ( 'NONE',  ( 1.500000000000000000, 0.05000000000000000278, -0.2000000000000055067 ) ) ;
#1697 = DIRECTION ( 'NONE',  ( -1.000000000000000000, 0.000000000000000000, 3.491481338843135327E-15 ) ) ;
#1698 = PLANE ( 'NONE',  #1353 ) ;
#1699 = ADVANCED_FACE ( 'NONE', ( #1905 ), #1948, .T. ) ;
#1700 = VERTEX_POINT ( 'NONE', #996 ) ;
#1701 = VECTOR ( 'NONE', #1096, 1000.000000000000000 ) ;
#1702 = PLANE ( 'NONE',  #598 ) ;
#1703 = CARTESIAN_POINT ( 'NONE',  ( -1.100000000000000089, 0.7656854249492389686, 1.149999999999999911 ) ) ;
#1704 = ORIENTED_EDGE ( 'NONE', *, *, #1222, .F. ) ;
#1705 = DIRECTION ( 'NONE',  ( 0.000000000000000000, -1.000000000000000000, 0.000000000000000000 ) ) ;
#1706 = VECTOR ( 'NONE', #1411, 1000.000000000000000 ) ;
#1707 = AXIS2_PLACEMENT_3D ( 'NONE', #1827, #2362, #226 ) ;
#1708 = EDGE_CURVE ( 'NONE', #2281, #1270, #229, .T. ) ;
#1709 = ORIENTED_EDGE ( 'NONE', *, *, #1261, .F. ) ;
#1710 = LINE ( 'NONE', #790, #17 ) ;
#1711 = CARTESIAN_POINT ( 'NONE',  ( -0.8000000000000000444, 0.2000000000000000111, -0.9499999999999999556 ) ) ;
#1712 = UNCERTAINTY_MEASURE_WITH_UNIT (LENGTH_MEASURE( 1.000000000000000082E-05 ), #303, 'distance_accuracy_value', 'NONE');
#1713 = ORIENTED_EDGE ( 'NONE', *, *, #443, .T. ) ;
#1714 = CARTESIAN_POINT ( 'NONE',  ( 1.100000000000000089, 0.2000000000000000111, -1.149999999999999911 ) ) ;
#1715 = VECTOR ( 'NONE', #1697, 1000.000000000000000 ) ;
#1716 = DIRECTION ( 'NONE',  ( 0.000000000000000000, -1.000000000000000000, 0.000000000000000000 ) ) ;
#1717 = CARTESIAN_POINT ( 'NONE',  ( 1.500000000000000000, 0.7656854249492389686, -0.2000000000000055067 ) ) ;
#1718 = ORIENTED_EDGE ( 'NONE', *, *, #775, .T. ) ;
#1719 = FACE_OUTER_BOUND ( 'NONE', #1481, .T. ) ;
#1720 = CARTESIAN_POINT ( 'NONE',  ( -1.100000000000000089, 0.7656854249492389686, -0.1999999999999955147 ) ) ;
#1721 = DIRECTION ( 'NONE',  ( 0.000000000000000000, -1.000000000000000000, 0.000000000000000000 ) ) ;
#1722 = ORIENTED_EDGE ( 'NONE', *, *, #1117, .F. ) ;
#1723 = LINE ( 'NONE', #175, #858 ) ;
#1724 = ADVANCED_FACE ( 'NONE', ( #1109 ), #2249, .F. ) ;
#1725 = AXIS2_PLACEMENT_3D ( 'NONE', #206, #531, #356 ) ;
#1726 = EDGE_CURVE ( 'NONE', #912, #1270, #1078, .T. ) ;
#1727 = EDGE_LOOP ( 'NONE', ( #437, #1552, #1433, #433 ) ) ;
#1728 = AXIS2_PLACEMENT_3D ( 'NONE', #471, #748, #453 ) ;
#1729 = VECTOR ( 'NONE', #465, 1000.000000000000000 ) ;
#1730 = CARTESIAN_POINT ( 'NONE',  ( 1.500000000000000000, 0.7656854249492389686, 0.1999999999999949873 ) ) ;
#1731 = ORIENTED_EDGE ( 'NONE', *, *, #1925, .F. ) ;
#1732 = DIRECTION ( 'NONE',  ( -4.575683511328640156E-15, 0.000000000000000000, -1.000000000000000000 ) ) ;
#1733 = VECTOR ( 'NONE', #2231, 1000.000000000000000 ) ;
#1734 = ORIENTED_EDGE ( 'NONE', *, *, #492, .T. ) ;
#1735 = AXIS2_PLACEMENT_3D ( 'NONE', #425, #2455, #408 ) ;
#1736 = LINE ( 'NONE', #224, #793 ) ;
#1737 = EDGE_CURVE ( 'NONE', #1530, #554, #1054, .T. ) ;
#1738 = DIRECTION ( 'NONE',  ( -1.000000000000000000, 0.000000000000000000, 2.407279166357630105E-15 ) ) ;
#1739 = CARTESIAN_POINT ( 'NONE',  ( -1.500000000000000000, 0.000000000000000000, -0.1999999999999945155 ) ) ;
#1740 = ORIENTED_EDGE ( 'NONE', *, *, #288, .T. ) ;
#1741 = VECTOR ( 'NONE', #1885, 1000.000000000000000 ) ;
#1742 = ORIENTED_EDGE ( 'NONE', *, *, #1925, .T. ) ;
#1743 = VECTOR ( 'NONE', #1094, 1000.000000000000000 ) ;
#1744 = ADVANCED_FACE ( 'NONE', ( #1090 ), #468, .F. ) ;
#1745 = ORIENTED_EDGE ( 'NONE', *, *, #1055, .F. ) ;
#1746 = DIRECTION ( 'NONE',  ( -3.636041628507870698E-15, 0.000000000000000000, -1.000000000000000000 ) ) ;
#1747 = LINE ( 'NONE', #2160, #904 ) ;
#1748 = DIRECTION ( 'NONE',  ( 0.000000000000000000, -1.000000000000000000, 0.000000000000000000 ) ) ;
#1749 = VERTEX_POINT ( 'NONE', #1924 ) ;
#1750 = VECTOR ( 'NONE', #2405, 1000.000000000000000 ) ;
#1751 = DIRECTION ( 'NONE',  ( 0.000000000000000000, 0.000000000000000000, -1.000000000000000000 ) ) ;
#1752 = CARTESIAN_POINT ( 'NONE',  ( 1.500000000000000000, 0.2000000000000000111, -0.2000000000000055067 ) ) ;
#1753 = APPLICATION_PROTOCOL_DEFINITION ( 'draft international standard', 'automotive_design', 1998, #1478 ) ;
#1754 = EDGE_CURVE ( 'NONE', #649, #2425, #239, .T. ) ;
#1755 = ORIENTED_EDGE ( 'NONE', *, *, #895, .F. ) ;
#1756 = LINE ( 'NONE', #194, #117 ) ;
#1757 = DIRECTION ( 'NONE',  ( 0.7071067811865485719, 0.000000000000000000, 0.7071067811865464625 ) ) ;
#1758 = VECTOR ( 'NONE', #1483, 1000.000000000000000 ) ;
#1759 = FACE_OUTER_BOUND ( 'NONE', #1402, .T. ) ;
#1760 = VECTOR ( 'NONE', #2247, 1000.000000000000000 ) ;
#1761 = LINE ( 'NONE', #123, #954 ) ;
#1762 = DIRECTION ( 'NONE',  ( -3.491481338843135327E-15, 0.000000000000000000, -1.000000000000000000 ) ) ;
#1763 = DIRECTION ( 'NONE',  ( 1.000000000000000000, 0.000000000000000000, -3.636041628507870698E-15 ) ) ;
#1764 = CARTESIAN_POINT ( 'NONE',  ( -0.8000000000000000444, 0.05000000000000000278, 1.250000000000000000 ) ) ;
#1765 = AXIS2_PLACEMENT_3D ( 'NONE', #953, #991, #1144 ) ;
#1766 = EDGE_CURVE ( 'NONE', #2061, #1571, #1083, .T. ) ;
#1767 = VECTOR ( 'NONE', #791, 1000.000000000000000 ) ;
#1768 = VECTOR ( 'NONE', #1653, 1000.000000000000000 ) ;
#1769 = CARTESIAN_POINT ( 'NONE',  ( 1.500000000000000000, 0.05000000000000000278, -1.500000000000000000 ) ) ;
#1770 = DIRECTION ( 'NONE',  ( 4.575683511328640156E-15, 0.000000000000000000, 1.000000000000000000 ) ) ;
#1771 = PRODUCT_CONTEXT ( 'NONE', #1478, 'mechanical' ) ;
#1772 = VERTEX_POINT ( 'NONE', #1509 ) ;
#1773 = VECTOR ( 'NONE', #656, 1000.000000000000000 ) ;
#1774 = PLANE ( 'NONE',  #540 ) ;
#1775 = DIRECTION ( 'NONE',  ( 0.000000000000000000, -1.000000000000000000, 0.000000000000000000 ) ) ;
#1776 = CARTESIAN_POINT ( 'NONE',  ( 1.100000000000000089, 0.05000000000000000278, -0.7500000000000000000 ) ) ;
#1777 = VECTOR ( 'NONE', #1428, 1000.000000000000000 ) ;
#1778 = CIRCLE ( 'NONE', #1691, 0.1661258039605105208 ) ;
#1779 = MANIFOLD_SOLID_BREP ( 'NONE', #1289 ) ;
#1780 = ADVANCED_FACE ( 'NONE', ( #1088 ), #1909, .F. ) ;
#1781 = ORIENTED_EDGE ( 'NONE', *, *, #1990, .T. ) ;
#1782 = LINE ( 'NONE', #1994, #47 ) ;
#1783 = DIRECTION ( 'NONE',  ( 1.000000000000000000, 0.000000000000000000, 0.000000000000000000 ) ) ;
#1784 = DIRECTION ( 'NONE',  ( 5.117784597571390006E-15, 0.000000000000000000, 1.000000000000000000 ) ) ;
#1785 = EDGE_CURVE ( 'NONE', #1227, #2436, #1903, .T. ) ;
#1786 = CARTESIAN_POINT ( 'NONE',  ( 0.000000000000000000, 1.000000000000000000, 0.000000000000000000 ) ) ;
#1787 = ORIENTED_EDGE ( 'NONE', *, *, #2504, .F. ) ;
#1788 = AXIS2_PLACEMENT_3D ( 'NONE', #379, #1044, #1027 ) ;
#1789 = VECTOR ( 'NONE', #8, 1000.000000000000000 ) ;
#1790 = SURFACE_SIDE_STYLE ('',( #1952 ) ) ;
#1791 = EDGE_CURVE ( 'NONE', #2303, #2281, #1926, .T. ) ;
#1792 = DIRECTION ( 'NONE',  ( 3.491481338843135327E-15, 0.000000000000000000, 1.000000000000000000 ) ) ;
#1793 = DIRECTION ( 'NONE',  ( 0.000000000000000000, -1.000000000000000000, 0.000000000000000000 ) ) ;
#1794 = FACE_OUTER_BOUND ( 'NONE', #2451, .T. ) ;
#1795 = FACE_OUTER_BOUND ( 'NONE', #1233, .T. ) ;
#1796 = CARTESIAN_POINT ( 'NONE',  ( 1.100000000000000089, 0.2000000000000000111, -0.2000000000000035083 ) ) ;
#1797 = FACE_OUTER_BOUND ( 'NONE', #463, .T. ) ;
#1798 = VECTOR ( 'NONE', #1119, 1000.000000000000000 ) ;
#1799 = EDGE_CURVE ( 'NONE', #1364, #1251, #254, .T. ) ;
#1800 = CARTESIAN_POINT ( 'NONE',  ( -1.100000000000000089, 0.2000000000000000111, 0.7500000000000000000 ) ) ;
#1801 = LINE ( 'NONE', #2446, #110 ) ;
#1802 = LINE ( 'NONE', #480, #1798 ) ;
#1803 = EDGE_CURVE ( 'NONE', #548, #1446, #1050, .T. ) ;
#1804 = DIRECTION ( 'NONE',  ( 0.000000000000000000, -1.000000000000000000, 0.000000000000000000 ) ) ;
#1805 = ORIENTED_EDGE ( 'NONE', *, *, #321, .T. ) ;
#1806 = VECTOR ( 'NONE', #932, 1000.000000000000000 ) ;
#1807 = ORIENTED_EDGE ( 'NONE', *, *, #520, .F. ) ;
#1808 = DIRECTION ( 'NONE',  ( 1.000000000000000000, 0.000000000000000000, -2.407279166357630105E-15 ) ) ;
#1809 = ORIENTED_EDGE ( 'NONE', *, *, #288, .F. ) ;
#1810 = LINE ( 'NONE', #10, #63 ) ;
#1811 = CARTESIAN_POINT ( 'NONE',  ( -1.500000000000000000, 0.2000000000000000111, 0.2000000000000060063 ) ) ;
#1812 = DIRECTION ( 'NONE',  ( -5.117784597571390006E-15, 0.000000000000000000, -1.000000000000000000 ) ) ;
#1813 = ORIENTED_EDGE ( 'NONE', *, *, #1964, .T. ) ;
#1814 = VECTOR ( 'NONE', #1705, 1000.000000000000000 ) ;
#1815 = ORIENTED_EDGE ( 'NONE', *, *, #1157, .F. ) ;
#1816 = CARTESIAN_POINT ( 'NONE',  ( 1.100000000000000089, 0.2000000000000000111, -0.7500000000000000000 ) ) ;
#1817 = AXIS2_PLACEMENT_3D ( 'NONE', #1238, #603, #262 ) ;
#1818 = ORIENTED_EDGE ( 'NONE', *, *, #2390, .F. ) ;
#1819 = CIRCLE ( 'NONE', #1941, 0.1661258039605105208 ) ;
#1820 = EDGE_CURVE ( 'NONE', #572, #1414, #1935, .T. ) ;
#1821 = ORIENTED_EDGE ( 'NONE', *, *, #1565, .T. ) ;
#1822 = CARTESIAN_POINT ( 'NONE',  ( -1.500000000000000000, 0.2000000000000000111, 1.149999999999999911 ) ) ;
#1823 = AXIS2_PLACEMENT_3D ( 'NONE', #1475, #1297, #1751 ) ;
#1824 = LINE ( 'NONE', #132, #1760 ) ;
#1825 = EDGE_CURVE ( 'NONE', #2303, #912, #210, .T. ) ;
#1826 = LINE ( 'NONE', #1210, #111 ) ;
#1827 = CARTESIAN_POINT ( 'NONE',  ( 0.8000000000000000444, 3.168164415931164601, -1.250000000000000000 ) ) ;
#1828 = DIRECTION ( 'NONE',  ( -1.000000000000000000, 0.000000000000000000, 3.491481338843135327E-15 ) ) ;
#1829 = ADVANCED_FACE ( 'NONE', ( #1071 ), #1625, .F. ) ;
#1830 = ORIENTED_EDGE ( 'NONE', *, *, #1120, .T. ) ;
#1831 = VECTOR ( 'NONE', #674, 1000.000000000000000 ) ;
#1832 = ORIENTED_EDGE ( 'NONE', *, *, #849, .F. ) ;
#1833 = DIRECTION ( 'NONE',  ( 1.000000000000000000, 0.000000000000000000, -3.491481338843135327E-15 ) ) ;
#1834 = EDGE_CURVE ( 'NONE', #2239, #2381, #218, .T. ) ;
#1835 = EDGE_LOOP ( 'NONE', ( #446, #792, #1368, #127, #618, #671, #1832, #2358, #1, #2384, #145, #19, #2401, #1304, #2183, #1488 ) ) ;
#1836 = DIRECTION ( 'NONE',  ( 0.7071067811865485719, 0.000000000000000000, -0.7071067811865465735 ) ) ;
#1837 = DIRECTION ( 'NONE',  ( -1.000000000000000000, 0.000000000000000000, 4.575683511328640156E-15 ) ) ;
#1838 = EDGE_CURVE ( 'NONE', #2330, #1857, #222, .T. ) ;
#1839 = ORIENTED_EDGE ( 'NONE', *, *, #1336, .T. ) ;
#1840 = FACE_OUTER_BOUND ( 'NONE', #1515, .T. ) ;
#1841 = FILL_AREA_STYLE_COLOUR ( '', #2320 ) ;
#1842 = FACE_OUTER_BOUND ( 'NONE', #1422, .T. ) ;
#1843 = PLANE ( 'NONE',  #244 ) ;
#1844 =( LENGTH_UNIT ( ) NAMED_UNIT ( * ) SI_UNIT ( .MILLI., .METRE. ) );
#1845 = LINE ( 'NONE', #403, #1898 ) ;
#1846 = CARTESIAN_POINT ( 'NONE',  ( 1.500000000000000000, 0.000000000000000000, -0.7500000000000000000 ) ) ;
#1847 = DIRECTION ( 'NONE',  ( 3.491481338843135327E-15, 0.000000000000000000, 1.000000000000000000 ) ) ;
#1848 = ADVANCED_FACE ( 'NONE', ( #236 ), #298, .F. ) ;
#1849 = CARTESIAN_POINT ( 'NONE',  ( -1.100000000000000089, 0.000000000000000000, 0.2000000000000045075 ) ) ;
#1850 = VECTOR ( 'NONE', #2099, 1000.000000000000000 ) ;
#1851 = EDGE_LOOP ( 'NONE', ( #1622, #557, #1290, #2101, #2333, #644, #734, #2324, #678, #960, #727, #1394, #1568, #2230, #759, #2373, #2163, #2487, #2466, #787, #683, #2400, #1379, #1374, #2403, #1525, #142, #1583 ) ) ;
#1852 = AXIS2_PLACEMENT_3D ( 'NONE', #611, #1057, #322 ) ;
#1853 = CARTESIAN_POINT ( 'NONE',  ( -1.077994694398533904, 1.000000000000000000, -0.9275488132656439788 ) ) ;
#1854 = VERTEX_POINT ( 'NONE', #1260 ) ;
#1855 = CARTESIAN_POINT ( 'NONE',  ( -1.500000000000000000, 0.2000000000000000111, -0.1999999999999945155 ) ) ;
#1856 = FACE_OUTER_BOUND ( 'NONE', #416, .T. ) ;
#1857 = VERTEX_POINT ( 'NONE', #1764 ) ;
#1858 =( LENGTH_UNIT ( ) NAMED_UNIT ( * ) SI_UNIT ( .MILLI., .METRE. ) );
#1859 = PLANE ( 'NONE',  #1852 ) ;
#1860 = CARTESIAN_POINT ( 'NONE',  ( 1.100000000000000089, 0.2000000000000000111, -0.2000000000000035083 ) ) ;
#1861 = FACE_OUTER_BOUND ( 'NONE', #1693, .T. ) ;
#1862 = DIRECTION ( 'NONE',  ( 0.000000000000000000, 1.000000000000000000, 0.000000000000000000 ) ) ;
#1863 = LINE ( 'NONE', #2176, #1869 ) ;
#1864 = ADVANCED_FACE ( 'NONE', ( #1093 ), #2049, .T. ) ;
#1865 = VECTOR ( 'NONE', #1284, 1000.000000000000000 ) ;
#1866 = CARTESIAN_POINT ( 'NONE',  ( -1.077994694398533904, 0.9000000000000000222, -1.093674617226153778 ) ) ;
#1867 = LINE ( 'NONE', #2445, #1001 ) ;
#1868 = DIRECTION ( 'NONE',  ( -3.491481338843135327E-15, 0.000000000000000000, -1.000000000000000000 ) ) ;
#1869 = VECTOR ( 'NONE', #103, 1000.000000000000000 ) ;
#1870 = FILL_AREA_STYLE ('',( #158 ) ) ;
#1871 = CARTESIAN_POINT ( 'NONE',  ( 1.100000000000000089, 0.2000000000000000111, 0.7500000000000000000 ) ) ;
#1872 = CARTESIAN_POINT ( 'NONE',  ( 1.500000000000000000, 6.242640687119290099, -1.500000000000000000 ) ) ;
#1873 = LINE ( 'NONE', #1318, #1879 ) ;
#1874 = VECTOR ( 'NONE', #2195, 1000.000000000000000 ) ;
#1875 = DIRECTION ( 'NONE',  ( 1.000000000000000000, 0.000000000000000000, 0.000000000000000000 ) ) ;
#1876 =( NAMED_UNIT ( * ) PLANE_ANGLE_UNIT ( ) SI_UNIT ( $, .RADIAN. ) );
#1877 = DIRECTION ( 'NONE',  ( 0.000000000000000000, 1.000000000000000000, 0.000000000000000000 ) ) ;
#1878 = ADVANCED_FACE ( 'NONE', ( #1940 ), #1698, .F. ) ;
#1879 = VECTOR ( 'NONE', #1179, 1000.000000000000000 ) ;
#1880 = AXIS2_PLACEMENT_3D ( 'NONE', #1232, #1986, #1423 ) ;
#1881 = EDGE_CURVE ( 'NONE', #2436, #548, #1943, .T. ) ;
#1882 = MANIFOLD_SOLID_BREP ( 'NONE', #2518 ) ;
#1883 = LINE ( 'NONE', #2085, #1874 ) ;
#1884 = CARTESIAN_POINT ( 'NONE',  ( 1.500000000000000000, 0.2000000000000000111, -1.149999999999999911 ) ) ;
#1885 = DIRECTION ( 'NONE',  ( 1.000000000000000000, 0.000000000000000000, -4.575683511328640156E-15 ) ) ;
#1886 = PLANE ( 'NONE',  #2024 ) ;
#1887 = VECTOR ( 'NONE', #653, 1000.000000000000000 ) ;
#1888 = CARTESIAN_POINT ( 'NONE',  ( -0.5000000000000000000, 0.2000000000000000111, -1.250000000000000000 ) ) ;
#1889 = CARTESIAN_POINT ( 'NONE',  ( -0.8000000000000000444, 0.000000000000000000, 1.250000000000000000 ) ) ;
#1890 = PLANE ( 'NONE',  #203 ) ;
#1891 = EDGE_CURVE ( 'NONE', #2207, #670, #1966, .T. ) ;
#1892 = ADVANCED_FACE ( 'NONE', ( #1914 ), #854, .F. ) ;
#1893 = PRESENTATION_LAYER_ASSIGNMENT (  '', '', ( #333 ) ) ;
#1894 = COLOUR_RGB ( '',0.7921568627450980005, 0.8196078431372548767, 0.9333333333333333481 ) ;
#1895 = CARTESIAN_POINT ( 'NONE',  ( 1.500000000000000000, 0.05000000000000000278, 1.500000000000000000 ) ) ;
#1896 = DIRECTION ( 'NONE',  ( 1.000000000000000000, 0.000000000000000000, -3.491481338843135327E-15 ) ) ;
#1897 = PLANE ( 'NONE',  #814 ) ;
#1898 = VECTOR ( 'NONE', #1239, 1000.000000000000000 ) ;
#1899 = SURFACE_STYLE_FILL_AREA ( #1204 ) ;
#1900 = CARTESIAN_POINT ( 'NONE',  ( -1.500000000000000000, 0.05000000000000000278, -1.500000000000000000 ) ) ;
#1901 = CARTESIAN_POINT ( 'NONE',  ( -1.500000000000000000, 0.000000000000000000, 0.7500000000000000000 ) ) ;
#1902 = EDGE_CURVE ( 'NONE', #2380, #1572, #211, .T. ) ;
#1903 = LINE ( 'NONE', #1207, #1104 ) ;
#1904 = AXIS2_PLACEMENT_3D ( 'NONE', #1147, #482, #1279 ) ;
#1905 = FACE_OUTER_BOUND ( 'NONE', #1256, .T. ) ;
#1906 = CARTESIAN_POINT ( 'NONE',  ( 1.100000000000000089, 0.2000000000000000111, -0.2000000000000035083 ) ) ;
#1907 = ADVANCED_FACE ( 'NONE', ( #311 ), #1843, .T. ) ;
#1908 = VECTOR ( 'NONE', #193, 1000.000000000000000 ) ;
#1909 = CYLINDRICAL_SURFACE ( 'NONE', #560, 0.1661258039605105208 ) ;
#1910 = DIRECTION ( 'NONE',  ( 1.000000000000000000, 0.000000000000000000, -4.575683511328640156E-15 ) ) ;
#1911 = CARTESIAN_POINT ( 'NONE',  ( -1.500000000000000000, 0.000000000000000000, -1.149999999999999911 ) ) ;
#1912 = CARTESIAN_POINT ( 'NONE',  ( -1.500000000000000000, 0.05000000000000000278, 1.500000000000000000 ) ) ;
#1913 = CARTESIAN_POINT ( 'NONE',  ( -1.100000000000000089, 0.000000000000000000, 0.2000000000000045075 ) ) ;
#1914 = FACE_OUTER_BOUND ( 'NONE', #2461, .T. ) ;
#1915 =( GEOMETRIC_REPRESENTATION_CONTEXT ( 3 ) GLOBAL_UNCERTAINTY_ASSIGNED_CONTEXT ( ( #1987 ) ) GLOBAL_UNIT_ASSIGNED_CONTEXT ( ( #1344, #1945, #1639 ) ) REPRESENTATION_CONTEXT ( 'NONE', 'WORKASPACE' ) );
#1916 = VECTOR ( 'NONE', #1967, 1000.000000000000000 ) ;
#1917 = EDGE_CURVE ( 'NONE', #2360, #612, #1154, .T. ) ;
#1918 = MECHANICAL_DESIGN_GEOMETRIC_PRESENTATION_REPRESENTATION (  '', ( #1991 ), #1263 ) ;
#1919 = VECTOR ( 'NONE', #381, 1000.000000000000000 ) ;
#1920 = PLANE ( 'NONE',  #1765 ) ;
#1921 = PRODUCT ( '506AH', '506AH', '', ( #1771 ) ) ;
#1922 = SURFACE_STYLE_USAGE ( .BOTH. , #1468 ) ;
#1923 = LINE ( 'NONE', #1640, #1060 ) ;
#1924 = CARTESIAN_POINT ( 'NONE',  ( 0.8000000000000000444, 0.000000000000000000, -1.250000000000000000 ) ) ;
#1925 = EDGE_CURVE ( 'NONE', #545, #1494, #2012, .T. ) ;
#1926 = LINE ( 'NONE', #1197, #200 ) ;
#1927 = SURFACE_SIDE_STYLE ('',( #1687 ) ) ;
#1928 = DIRECTION ( 'NONE',  ( 0.000000000000000000, 1.000000000000000000, 0.000000000000000000 ) ) ;
#1929 = DIRECTION ( 'NONE',  ( 0.000000000000000000, 0.000000000000000000, 1.000000000000000000 ) ) ;
#1930 = DIRECTION ( 'NONE',  ( -4.575683511328640156E-15, 0.000000000000000000, -1.000000000000000000 ) ) ;
#1931 = CARTESIAN_POINT ( 'NONE',  ( 1.100000000000000089, 0.000000000000000000, -0.2000000000000035083 ) ) ;
#1932 = DIRECTION ( 'NONE',  ( -4.575683511328640156E-15, 0.000000000000000000, -1.000000000000000000 ) ) ;
#1933 = DIRECTION ( 'NONE',  ( 1.000000000000000000, 0.000000000000000000, -4.575683511328640156E-15 ) ) ;
#1934 = DIRECTION ( 'NONE',  ( 0.000000000000000000, 0.000000000000000000, -1.000000000000000000 ) ) ;
#1935 = LINE ( 'NONE', #1603, #1916 ) ;
#1936 = DIRECTION ( 'NONE',  ( -3.491481338843135327E-15, 0.000000000000000000, -1.000000000000000000 ) ) ;
#1937 = VECTOR ( 'NONE', #2037, 1000.000000000000000 ) ;
#1938 = EDGE_CURVE ( 'NONE', #1646, #1004, #1142, .T. ) ;
#1939 = DIRECTION ( 'NONE',  ( 0.000000000000000000, 0.000000000000000000, 1.000000000000000000 ) ) ;
#1940 = FACE_OUTER_BOUND ( 'NONE', #491, .T. ) ;
#1941 = AXIS2_PLACEMENT_3D ( 'NONE', #1214, #346, #1939 ) ;
#1942 = DIRECTION ( 'NONE',  ( 4.575683511328640156E-15, 0.000000000000000000, 1.000000000000000000 ) ) ;
#1943 = LINE ( 'NONE', #610, #1102 ) ;
#1944 = PLANE ( 'NONE',  #662 ) ;
#1945 =( NAMED_UNIT ( * ) PLANE_ANGLE_UNIT ( ) SI_UNIT ( $, .RADIAN. ) );
#1946 = AXIS2_PLACEMENT_3D ( 'NONE', #1108, #1499, #191 ) ;
#1947 = EDGE_CURVE ( 'NONE', #2381, #1441, #1159, .T. ) ;
#1948 = PLANE ( 'NONE',  #897 ) ;
#1949 = COLOUR_RGB ( '',0.7921568627450980005, 0.8196078431372548767, 0.9333333333333333481 ) ;
#1950 = DIRECTION ( 'NONE',  ( 0.000000000000000000, -1.000000000000000000, 0.000000000000000000 ) ) ;
#1951 = DIRECTION ( 'NONE',  ( -1.000000000000000000, 0.000000000000000000, 4.575683511328640156E-15 ) ) ;
#1952 = SURFACE_STYLE_FILL_AREA ( #794 ) ;
#1953 = DIRECTION ( 'NONE',  ( 1.000000000000000000, 0.000000000000000000, -3.491481338843135327E-15 ) ) ;
#1954 = DIRECTION ( 'NONE',  ( 0.000000000000000000, 0.000000000000000000, -1.000000000000000000 ) ) ;
#1955 = CARTESIAN_POINT ( 'NONE',  ( 0.000000000000000000, 0.2000000000000000111, 0.000000000000000000 ) ) ;
#1956 = EDGE_CURVE ( 'NONE', #1505, #2425, #233, .T. ) ;
#1957 = CARTESIAN_POINT ( 'NONE',  ( 5.262036038027939769E-15, 0.05000000000000000278, 1.149999999999999911 ) ) ;
#1958 = DIRECTION ( 'NONE',  ( 0.000000000000000000, -1.000000000000000000, 0.000000000000000000 ) ) ;
#1959 = CARTESIAN_POINT ( 'NONE',  ( -1.500000000000000000, 0.2000000000000000111, -1.149999999999999911 ) ) ;
#1960 = VECTOR ( 'NONE', #1677, 1000.000000000000000 ) ;
#1961 = EDGE_CURVE ( 'NONE', #950, #612, #258, .T. ) ;
#1962 = CARTESIAN_POINT ( 'NONE',  ( 0.000000000000000000, 0.2000000000000000111, 0.000000000000000000 ) ) ;
#1963 = AXIS2_PLACEMENT_3D ( 'NONE', #1048, #2334, #1177 ) ;
#1964 = EDGE_CURVE ( 'NONE', #2240, #1679, #209, .T. ) ;
#1965 = CARTESIAN_POINT ( 'NONE',  ( -0.8000000000000000444, 3.168164415931164601, -0.9499999999999999556 ) ) ;
#1966 = LINE ( 'NONE', #2394, #1133 ) ;
#1967 = DIRECTION ( 'NONE',  ( 1.000000000000000000, 0.000000000000000000, -4.575683511328640156E-15 ) ) ;
#1968 = CARTESIAN_POINT ( 'NONE',  ( 1.100000000000000089, 0.2000000000000000111, -1.149999999999999911 ) ) ;
#1969 = CARTESIAN_POINT ( 'NONE',  ( 1.500000000000000000, 0.7656854249492389686, -1.149999999999999911 ) ) ;
#1970 = VECTOR ( 'NONE', #801, 1000.000000000000000 ) ;
#1971 = ADVANCED_FACE ( 'NONE', ( #1105 ), #301, .F. ) ;
#1972 = EDGE_CURVE ( 'NONE', #1700, #1564, #1191, .T. ) ;
#1973 = CARTESIAN_POINT ( 'NONE',  ( -1.077994694398533904, 0.9000000000000000222, -1.259800421186664021 ) ) ;
#1974 =( GEOMETRIC_REPRESENTATION_CONTEXT ( 3 ) GLOBAL_UNCERTAINTY_ASSIGNED_CONTEXT ( ( #1399 ) ) GLOBAL_UNIT_ASSIGNED_CONTEXT ( ( #1844, #1007, #886 ) ) REPRESENTATION_CONTEXT ( 'NONE', 'WORKASPACE' ) );
#1975 = CARTESIAN_POINT ( 'NONE',  ( 1.100000000000000089, 0.2000000000000000111, 0.7500000000000000000 ) ) ;
#1976 = CARTESIAN_POINT ( 'NONE',  ( -0.8000000000000000444, 3.168164415931164601, -1.250000000000000000 ) ) ;
#1977 = CARTESIAN_POINT ( 'NONE',  ( -1.500000000000000000, 6.242640687119290099, 1.500000000000000000 ) ) ;
#1978 = PLANE ( 'NONE',  #1725 ) ;
#1979 = EDGE_CURVE ( 'NONE', #2057, #623, #1145, .T. ) ;
#1980 = DIRECTION ( 'NONE',  ( 0.000000000000000000, 0.000000000000000000, 1.000000000000000000 ) ) ;
#1981 = AXIS2_PLACEMENT_3D ( 'NONE', #1025, #1173, #1185 ) ;
#1982 = EDGE_CURVE ( 'NONE', #2294, #721, #328, .T. ) ;
#1983 = CARTESIAN_POINT ( 'NONE',  ( 1.500000000000000000, 0.000000000000000000, 0.7500000000000000000 ) ) ;
#1984 = ADVANCED_FACE ( 'NONE', ( #295 ), #1116, .T. ) ;
#1985 = PLANE ( 'NONE',  #1707 ) ;
#1986 = DIRECTION ( 'NONE',  ( 0.000000000000000000, -1.000000000000000000, 0.000000000000000000 ) ) ;
#1987 = UNCERTAINTY_MEASURE_WITH_UNIT (LENGTH_MEASURE( 1.000000000000000082E-05 ), #1344, 'distance_accuracy_value', 'NONE');
#1988 = DIRECTION ( 'NONE',  ( -1.000000000000000000, 0.000000000000000000, 4.575683511328640156E-15 ) ) ;
#1989 = AXIS2_PLACEMENT_3D ( 'NONE', #1969, #29, #234 ) ;
#1990 = EDGE_CURVE ( 'NONE', #1682, #630, #2023, .T. ) ;
#1991 = STYLED_ITEM ( 'NONE', ( #1006 ), #1685 ) ;
#1992 = SURFACE_STYLE_USAGE ( .BOTH. , #1250 ) ;
#1993 = FACE_OUTER_BOUND ( 'NONE', #638, .T. ) ;
#1994 = CARTESIAN_POINT ( 'NONE',  ( 1.100000000000000089, 0.000000000000000000, -0.7500000000000000000 ) ) ;
#1995 = DIRECTION ( 'NONE',  ( -1.000000000000000000, 0.000000000000000000, 3.491481338843135327E-15 ) ) ;
#1996 = ADVANCED_FACE ( 'NONE', ( #1993 ), #395, .T. ) ;
#1997 = AXIS2_PLACEMENT_3D ( 'NONE', #411, #1732, #1247 ) ;
#1998 =( NAMED_UNIT ( * ) PLANE_ANGLE_UNIT ( ) SI_UNIT ( $, .RADIAN. ) );
#1999 = LINE ( 'NONE', #40, #2002 ) ;
#2000 = EDGE_CURVE ( 'NONE', #1416, #1666, #1999, .T. ) ;
#2001 = CARTESIAN_POINT ( 'NONE',  ( 1.500000000000000000, 0.2000000000000000111, -0.2000000000000055067 ) ) ;
#2002 = VECTOR ( 'NONE', #1645, 1000.000000000000000 ) ;
#2003 = VECTOR ( 'NONE', #1030, 1000.000000000000000 ) ;
#2004 = EDGE_CURVE ( 'NONE', #545, #1273, #300, .T. ) ;
#2005 = CARTESIAN_POINT ( 'NONE',  ( -0.8000000000000000444, 0.2000000000000000111, 1.250000000000000000 ) ) ;
#2006 =( LENGTH_UNIT ( ) NAMED_UNIT ( * ) SI_UNIT ( .MILLI., .METRE. ) );
#2007 = DIRECTION ( 'NONE',  ( 0.000000000000000000, 0.000000000000000000, 1.000000000000000000 ) ) ;
#2008 = VECTOR ( 'NONE', #1930, 1000.000000000000000 ) ;
#2009 = VECTOR ( 'NONE', #1812, 1000.000000000000000 ) ;
#2010 = DIRECTION ( 'NONE',  ( 4.575683511328640156E-15, 0.000000000000000000, 1.000000000000000000 ) ) ;
#2011 = DIRECTION ( 'NONE',  ( 0.000000000000000000, -1.000000000000000000, 0.000000000000000000 ) ) ;
#2012 = LINE ( 'NONE', #1334, #1186 ) ;
#2013 = UNCERTAINTY_MEASURE_WITH_UNIT (LENGTH_MEASURE( 1.000000000000000082E-05 ), #2006, 'distance_accuracy_value', 'NONE');
#2014 = DIRECTION ( 'NONE',  ( 0.000000000000000000, -1.000000000000000000, 0.000000000000000000 ) ) ;
#2015 = CARTESIAN_POINT ( 'NONE',  ( -1.100000000000000089, 0.000000000000000000, 1.149999999999999911 ) ) ;
#2016 = ADVANCED_FACE ( 'NONE', ( #1165 ), #1859, .F. ) ;
#2017 = DIRECTION ( 'NONE',  ( -3.491481338843135327E-15, 0.000000000000000000, -1.000000000000000000 ) ) ;
#2018 = CARTESIAN_POINT ( 'NONE',  ( -4.364351673553914328E-15, 0.05000000000000000278, -1.250000000000000000 ) ) ;
#2019 = EDGE_CURVE ( 'NONE', #707, #1772, #307, .T. ) ;
#2020 =( LENGTH_UNIT ( ) NAMED_UNIT ( * ) SI_UNIT ( .MILLI., .METRE. ) );
#2021 = DIRECTION ( 'NONE',  ( 1.000000000000000000, 0.000000000000000000, -3.491481338843135327E-15 ) ) ;
#2022 = CARTESIAN_POINT ( 'NONE',  ( -1.500000000000000000, 0.2000000000000000111, 0.2000000000000060063 ) ) ;
#2023 = LINE ( 'NONE', #1686, #1174 ) ;
#2024 = AXIS2_PLACEMENT_3D ( 'NONE', #926, #1763, #852 ) ;
#2025 = EDGE_CURVE ( 'NONE', #1514, #402, #334, .T. ) ;
#2026 = EDGE_CURVE ( 'NONE', #445, #32, #1130, .T. ) ;
#2027 = CARTESIAN_POINT ( 'NONE',  ( -1.077994694398533904, 1.000000000000000000, -0.9275488132656439788 ) ) ;
#2028 = DIRECTION ( 'NONE',  ( -3.491481338843135327E-15, 0.000000000000000000, -1.000000000000000000 ) ) ;
#2029 = VECTOR ( 'NONE', #2476, 1000.000000000000000 ) ;
#2030 = ADVANCED_FACE ( 'NONE', ( #264 ), #1978, .F. ) ;
#2031 = CARTESIAN_POINT ( 'NONE',  ( -2.618611004132344889E-15, 0.05000000000000000278, -0.7500000000000000000 ) ) ;
#2032 = DIRECTION ( 'NONE',  ( 0.000000000000000000, -1.000000000000000000, 0.000000000000000000 ) ) ;
#2033 = PLANE ( 'NONE',  #423 ) ;
#2034 = AXIS2_PLACEMENT_3D ( 'NONE', #2509, #166, #1875 ) ;
#2035 = PLANE ( 'NONE',  #616 ) ;
#2036 = CARTESIAN_POINT ( 'NONE',  ( -1.100000000000000089, 0.2000000000000000111, -0.1999999999999955147 ) ) ;
#2037 = DIRECTION ( 'NONE',  ( 3.404745165044295367E-15, 0.000000000000000000, 1.000000000000000000 ) ) ;
#2038 = DIRECTION ( 'NONE',  ( 2.949380252600380349E-15, 0.000000000000000000, 1.000000000000000000 ) ) ;
#2039 = FILL_AREA_STYLE ('',( #965 ) ) ;
#2040 = EDGE_CURVE ( 'NONE', #418, #545, #272, .T. ) ;
#2041 = DIRECTION ( 'NONE',  ( 4.575683511328640156E-15, 0.000000000000000000, 1.000000000000000000 ) ) ;
#2042 = ADVANCED_FACE ( 'NONE', ( #2222 ), #2310, .F. ) ;
#2043 = AXIS2_PLACEMENT_3D ( 'NONE', #1671, #2429, #1091 ) ;
#2044 = EDGE_CURVE ( 'NONE', #1251, #1461, #1429, .T. ) ;
#2045 = CARTESIAN_POINT ( 'NONE',  ( -1.500000000000000000, 0.2000000000000000111, 0.7500000000000000000 ) ) ;
#2046 = DIRECTION ( 'NONE',  ( 4.575683511328640156E-15, 0.000000000000000000, 1.000000000000000000 ) ) ;
#2047 = DIRECTION ( 'NONE',  ( -1.000000000000000000, 0.000000000000000000, 3.491481338843135327E-15 ) ) ;
#2048 = DIRECTION ( 'NONE',  ( 1.000000000000000000, 0.000000000000000000, -2.407279166357630105E-15 ) ) ;
#2049 = PLANE ( 'NONE',  #62 ) ;
#2050 = ORIENTED_EDGE ( 'NONE', *, *, #914, .F. ) ;
#2051 = DIRECTION ( 'NONE',  ( -2.949380252600380349E-15, 0.000000000000000000, -1.000000000000000000 ) ) ;
#2052 = DIRECTION ( 'NONE',  ( 1.000000000000000000, 0.000000000000000000, 0.000000000000000000 ) ) ;
#2053 = AXIS2_PLACEMENT_3D ( 'NONE', #1340, #1192, #217 ) ;
#2054 = CARTESIAN_POINT ( 'NONE',  ( -1.077994694398533904, 1.000000000000000000, -1.093674617226153778 ) ) ;
#2055 = EDGE_CURVE ( 'NONE', #2420, #61, #2274, .T. ) ;
#2056 = AXIS2_PLACEMENT_3D ( 'NONE', #527, #820, #856 ) ;
#2057 = VERTEX_POINT ( 'NONE', #1776 ) ;
#2058 = CARTESIAN_POINT ( 'NONE',  ( -1.077994694398533904, 0.9000000000000000222, -0.9275488132656439788 ) ) ;
#2059 = CARTESIAN_POINT ( 'NONE',  ( 1.500000000000000000, 6.242640687119290099, 1.500000000000000000 ) ) ;
#2060 = VERTEX_POINT ( 'NONE', #64 ) ;
#2061 = VERTEX_POINT ( 'NONE', #2073 ) ;
#2062 = CARTESIAN_POINT ( 'NONE',  ( 3.431762633496485047E-15, 0.05000000000000000278, 0.7500000000000000000 ) ) ;
#2063 = DIRECTION ( 'NONE',  ( -1.000000000000000000, 0.000000000000000000, 4.575683511328640156E-15 ) ) ;
#2064 = CARTESIAN_POINT ( 'NONE',  ( -1.100000000000000089, 0.2000000000000000111, 0.7500000000000000000 ) ) ;
#2065 = ORIENTED_EDGE ( 'NONE', *, *, #2025, .T. ) ;
#2066 = EDGE_CURVE ( 'NONE', #2412, #673, #553, .T. ) ;
#2067 = DIRECTION ( 'NONE',  ( 0.000000000000000000, 0.000000000000000000, -1.000000000000000000 ) ) ;
#2068 = CARTESIAN_POINT ( 'NONE',  ( -1.500000000000000000, 0.7656854249492389686, 0.7500000000000000000 ) ) ;
#2069 = AXIS2_PLACEMENT_3D ( 'NONE', #1059, #1208, #874 ) ;
#2070 = EDGE_CURVE ( 'NONE', #1522, #107, #2200, .T. ) ;
#2071 = CARTESIAN_POINT ( 'NONE',  ( -1.100000000000000089, 0.7656854249492389686, 0.7500000000000000000 ) ) ;
#2072 = ORIENTED_EDGE ( 'NONE', *, *, #2422, .T. ) ;
#2073 = CARTESIAN_POINT ( 'NONE',  ( 1.500000000000000000, 0.000000000000000000, 1.149999999999999911 ) ) ;
#2074 = ORIENTED_EDGE ( 'NONE', *, *, #1947, .T. ) ;
#2075 = CARTESIAN_POINT ( 'NONE',  ( -1.100000000000000089, 0.2000000000000000111, -0.1999999999999955147 ) ) ;
#2076 = EDGE_LOOP ( 'NONE', ( #979, #1449, #84, #804 ) ) ;
#2077 = CARTESIAN_POINT ( 'NONE',  ( -1.077994694398533904, 0.9000000000000000222, -1.093674617226153778 ) ) ;
#2078 = PLANE ( 'NONE',  #2383 ) ;
#2079 = CARTESIAN_POINT ( 'NONE',  ( 1.500000000000000000, 0.000000000000000000, -1.149999999999999911 ) ) ;
#2080 = DIRECTION ( 'NONE',  ( -1.000000000000000000, 0.000000000000000000, 3.491481338843135327E-15 ) ) ;
#2081 = DIRECTION ( 'NONE',  ( 0.000000000000000000, -1.000000000000000000, 0.000000000000000000 ) ) ;
#2082 = STYLED_ITEM ( 'NONE', ( #1562 ), #2318 ) ;
#2083 = EDGE_CURVE ( 'NONE', #108, #1242, #508, .T. ) ;
#2084 = ORIENTED_EDGE ( 'NONE', *, *, #1791, .T. ) ;
#2085 = CARTESIAN_POINT ( 'NONE',  ( 1.500000000000000000, 0.7656854249492389686, -1.149999999999999911 ) ) ;
#2086 = CARTESIAN_POINT ( 'NONE',  ( 1.500000000000000000, 0.2000000000000000111, 0.1999999999999949873 ) ) ;
#2087 = ORIENTED_EDGE ( 'NONE', *, *, #1799, .F. ) ;
#2088 = DIRECTION ( 'NONE',  ( -3.491481338843135327E-15, 0.000000000000000000, -1.000000000000000000 ) ) ;
#2089 = ADVANCED_FACE ( 'NONE', ( #2277 ), #2100, .F. ) ;
#2090 = CARTESIAN_POINT ( 'NONE',  ( 1.500000000000000000, 0.000000000000000000, -0.2000000000000055067 ) ) ;
#2091 = ORIENTED_EDGE ( 'NONE', *, *, #1838, .T. ) ;
#2092 = DIRECTION ( 'NONE',  ( 0.000000000000000000, -1.000000000000000000, 0.000000000000000000 ) ) ;
#2093 = AXIS2_PLACEMENT_3D ( 'NONE', #1467, #2046, #1135 ) ;
#2094 = EDGE_LOOP ( 'NONE', ( #1561, #1454, #1659, #2439 ) ) ;
#2095 = EDGE_CURVE ( 'NONE', #1772, #2380, #517, .T. ) ;
#2096 = ORIENTED_EDGE ( 'NONE', *, *, #1271, .F. ) ;
#2097 = EDGE_CURVE ( 'NONE', #649, #2479, #1359, .T. ) ;
#2098 = DIRECTION ( 'NONE',  ( 0.000000000000000000, -1.000000000000000000, 0.000000000000000000 ) ) ;
#2099 = DIRECTION ( 'NONE',  ( 0.000000000000000000, 1.000000000000000000, 0.000000000000000000 ) ) ;
#2100 = PLANE ( 'NONE',  #1989 ) ;
#2101 = ORIENTED_EDGE ( 'NONE', *, *, #1917, .F. ) ;
#2102 = CARTESIAN_POINT ( 'NONE',  ( -1.100000000000000089, 0.2000000000000000111, -0.7500000000000000000 ) ) ;
#2103 = CARTESIAN_POINT ( 'NONE',  ( -6.633814543801949431E-15, 0.2000000000000000111, -1.899999999999999911 ) ) ;
#2104 = VERTEX_POINT ( 'NONE', #1523 ) ;
#2105 = ORIENTED_EDGE ( 'NONE', *, *, #14, .F. ) ;
#2106 = ADVANCED_FACE ( 'NONE', ( #1388 ), #1183, .T. ) ;
#2107 = ORIENTED_EDGE ( 'NONE', *, *, #908, .T. ) ;
#2108 = DIRECTION ( 'NONE',  ( 0.000000000000000000, 1.000000000000000000, 0.000000000000000000 ) ) ;
#2109 = VERTEX_POINT ( 'NONE', #988 ) ;
#2110 = CARTESIAN_POINT ( 'NONE',  ( -0.8000000000000000444, 3.168164415931164601, 1.250000000000000000 ) ) ;
#2111 = ORIENTED_EDGE ( 'NONE', *, *, #2153, .T. ) ;
#2112 = DIRECTION ( 'NONE',  ( -3.636041628507870698E-15, 0.000000000000000000, -1.000000000000000000 ) ) ;
#2113 = ORIENTED_EDGE ( 'NONE', *, *, #1321, .T. ) ;
#2114 = CARTESIAN_POINT ( 'NONE',  ( -1.100000000000000089, 0.2000000000000000111, 0.2000000000000045075 ) ) ;
#2115 = ORIENTED_EDGE ( 'NONE', *, *, #1799, .T. ) ;
#2116 = ORIENTED_EDGE ( 'NONE', *, *, #579, .F. ) ;
#2117 = AXIS2_PLACEMENT_3D ( 'NONE', #2134, #83, #1980 ) ;
#2118 = EDGE_CURVE ( 'NONE', #2378, #623, #1346, .T. ) ;
#2119 = CARTESIAN_POINT ( 'NONE',  ( 0.000000000000000000, 0.05000000000000000278, 0.000000000000000000 ) ) ;
#2120 = EDGE_LOOP ( 'NONE', ( #2377, #2155, #1245, #456 ) ) ;
#2121 = EDGE_CURVE ( 'NONE', #2425, #2239, #522, .T. ) ;
#2122 = ORIENTED_EDGE ( 'NONE', *, *, #2026, .F. ) ;
#2123 = ORIENTED_EDGE ( 'NONE', *, *, #2066, .T. ) ;
#2124 = ORIENTED_EDGE ( 'NONE', *, *, #2208, .F. ) ;
#2125 = CARTESIAN_POINT ( 'NONE',  ( 1.100000000000000089, 0.2000000000000000111, -0.7500000000000000000 ) ) ;
#2126 = ORIENTED_EDGE ( 'NONE', *, *, #1067, .T. ) ;
#2127 = ADVANCED_FACE ( 'NONE', ( #2232 ), #1633, .F. ) ;
#2128 = ORIENTED_EDGE ( 'NONE', *, *, #1016, .F. ) ;
#2129 = CARTESIAN_POINT ( 'NONE',  ( -1.077994694398533904, 1.000000000000000000, -1.093674617226153778 ) ) ;
#2130 = ADVANCED_BREP_SHAPE_REPRESENTATION ( '506AH', ( #1524, #2494, #1685, #225, #2215, #576, #2318, #1882, #1779, #990 ), #1510 ) ;
#2131 = DIRECTION ( 'NONE',  ( 1.000000000000000000, 0.000000000000000000, -3.491481338843135327E-15 ) ) ;
#2132 = ORIENTED_EDGE ( 'NONE', *, *, #443, .F. ) ;
#2133 = ORIENTED_EDGE ( 'NONE', *, *, #2044, .T. ) ;
#2134 = CARTESIAN_POINT ( 'NONE',  ( -1.077994694398533904, 0.4301252699578245187, -1.093674617226153778 ) ) ;
#2135 = VERTEX_POINT ( 'NONE', #2086 ) ;
#2136 = VECTOR ( 'NONE', #490, 1000.000000000000000 ) ;
#2137 = ORIENTED_EDGE ( 'NONE', *, *, #137, .T. ) ;
#2138 = EDGE_CURVE ( 'NONE', #640, #2294, #1366, .T. ) ;
#2139 = CARTESIAN_POINT ( 'NONE',  ( -1.100000000000000089, 0.000000000000000000, -0.1999999999999955147 ) ) ;
#2140 = CARTESIAN_POINT ( 'NONE',  ( -1.100000000000000089, 0.2000000000000000111, 0.2000000000000045075 ) ) ;
#2141 = AXIS2_PLACEMENT_3D ( 'NONE', #2071, #197, #918 ) ;
#2142 = VECTOR ( 'NONE', #776, 1000.000000000000000 ) ;
#2143 = ORIENTED_EDGE ( 'NONE', *, *, #1307, .T. ) ;
#2144 = DIRECTION ( 'NONE',  ( 0.000000000000000000, -1.000000000000000000, 0.000000000000000000 ) ) ;
#2145 = LINE ( 'NONE', #2125, #454 ) ;
#2146 = ORIENTED_EDGE ( 'NONE', *, *, #78, .T. ) ;
#2147 = CARTESIAN_POINT ( 'NONE',  ( -1.100000000000000089, 0.05000000000000000278, -0.1999999999999955147 ) ) ;
#2148 = EDGE_CURVE ( 'NONE', #1672, #1421, #1372, .T. ) ;
#2149 = LINE ( 'NONE', #2068, #1360 ) ;
#2150 = VERTEX_POINT ( 'NONE', #1306 ) ;
#2151 = DIRECTION ( 'NONE',  ( 1.000000000000000000, 0.000000000000000000, -3.491481338843135327E-15 ) ) ;
#2152 = AXIS2_PLACEMENT_3D ( 'NONE', #353, #798, #24 ) ;
#2153 = EDGE_CURVE ( 'NONE', #614, #1682, #2236, .T. ) ;
#2154 = LINE ( 'NONE', #821, #2158 ) ;
#2155 = ORIENTED_EDGE ( 'NONE', *, *, #339, .T. ) ;
#2156 =( NAMED_UNIT ( * ) PLANE_ANGLE_UNIT ( ) SI_UNIT ( $, .RADIAN. ) );
#2157 = DIRECTION ( 'NONE',  ( -3.404745165044295367E-15, 0.000000000000000000, -1.000000000000000000 ) ) ;
#2158 = VECTOR ( 'NONE', #1166, 1000.000000000000000 ) ;
#2159 = ORIENTED_EDGE ( 'NONE', *, *, #1726, .F. ) ;
#2160 = CARTESIAN_POINT ( 'NONE',  ( -1.500000000000000000, 0.2000000000000000111, 0.7500000000000000000 ) ) ;
#2161 = CARTESIAN_POINT ( 'NONE',  ( 1.100000000000000089, 0.7656854249492389686, -0.7500000000000000000 ) ) ;
#2162 = LINE ( 'NONE', #567, #1363 ) ;
#2163 = ORIENTED_EDGE ( 'NONE', *, *, #938, .F. ) ;
#2164 = CARTESIAN_POINT ( 'NONE',  ( -1.500000000000000000, 0.05000000000000000278, -1.500000000000000000 ) ) ;
#2165 = CARTESIAN_POINT ( 'NONE',  ( 1.100000000000000089, 0.2000000000000000111, 0.7500000000000000000 ) ) ;
#2166 = PLANE ( 'NONE',  #1997 ) ;
#2167 = VECTOR ( 'NONE', #212, 1000.000000000000000 ) ;
#2168 = VERTEX_POINT ( 'NONE', #2432 ) ;
#2169 = CARTESIAN_POINT ( 'NONE',  ( 1.100000000000000089, 0.05000000000000000278, -5.033251862461499990E-15 ) ) ;
#2170 = AXIS2_PLACEMENT_3D ( 'NONE', #190, #1932, #1988 ) ;
#2171 = DIRECTION ( 'NONE',  ( -3.491481338843135327E-15, 0.000000000000000000, -1.000000000000000000 ) ) ;
#2172 = EDGE_CURVE ( 'NONE', #2354, #554, #1376, .T. ) ;
#2173 = ADVANCED_FACE ( 'NONE', ( #583 ), #112, .F. ) ;
#2174 = LINE ( 'NONE', #2470, #2136 ) ;
#2175 = ORIENTED_EDGE ( 'NONE', *, *, #332, .F. ) ;
#2176 = CARTESIAN_POINT ( 'NONE',  ( -1.500000000000000000, 0.2000000000000000111, 0.2000000000000060063 ) ) ;
#2177 =( GEOMETRIC_REPRESENTATION_CONTEXT ( 3 ) GLOBAL_UNCERTAINTY_ASSIGNED_CONTEXT ( ( #342 ) ) GLOBAL_UNIT_ASSIGNED_CONTEXT ( ( #2251, #487, #745 ) ) REPRESENTATION_CONTEXT ( 'NONE', 'WORKASPACE' ) );
#2178 = PLANE ( 'NONE',  #1471 ) ;
#2179 = DIRECTION ( 'NONE',  ( 0.000000000000000000, -1.000000000000000000, 0.000000000000000000 ) ) ;
#2180 = ORIENTED_EDGE ( 'NONE', *, *, #1215, .F. ) ;
#2181 = CARTESIAN_POINT ( 'NONE',  ( 1.100000000000000089, 0.05000000000000000278, -5.033251862461499990E-15 ) ) ;
#2182 = COLOUR_RGB ( '',0.7921568627450980005, 0.8196078431372548767, 0.9333333333333333481 ) ;
#2183 = ORIENTED_EDGE ( 'NONE', *, *, #1961, .F. ) ;
#2184 = EDGE_CURVE ( 'NONE', #2278, #2150, #2217, .T. ) ;
#2185 = DIRECTION ( 'NONE',  ( 1.000000000000000000, 0.000000000000000000, 0.000000000000000000 ) ) ;
#2186 = PRESENTATION_STYLE_ASSIGNMENT (( #1922 ) ) ;
#2187 = ORIENTED_EDGE ( 'NONE', *, *, #1532, .F. ) ;
#2188 = EDGE_CURVE ( 'NONE', #1494, #2060, #497, .T. ) ;
#2189 = VECTOR ( 'NONE', #1155, 1000.000000000000000 ) ;
#2190 = FACE_OUTER_BOUND ( 'NONE', #657, .T. ) ;
#2191 = ORIENTED_EDGE ( 'NONE', *, *, #558, .T. ) ;
#2192 = ADVANCED_FACE ( 'NONE', ( #488 ), #1061, .T. ) ;
#2193 = DIRECTION ( 'NONE',  ( 3.404745165044295367E-15, 0.000000000000000000, 1.000000000000000000 ) ) ;
#2194 = DIRECTION ( 'NONE',  ( 0.000000000000000000, 0.000000000000000000, 1.000000000000000000 ) ) ;
#2195 = DIRECTION ( 'NONE',  ( 0.000000000000000000, -1.000000000000000000, 0.000000000000000000 ) ) ;
#2196 = ADVANCED_FACE ( 'NONE', ( #544 ), #1209, .F. ) ;
#2197 = VECTOR ( 'NONE', #1951, 1000.000000000000000 ) ;
#2198 = LINE ( 'NONE', #2110, #1389 ) ;
#2199 = ORIENTED_EDGE ( 'NONE', *, *, #27, .T. ) ;
#2200 = LINE ( 'NONE', #1169, #494 ) ;
#2201 = FACE_OUTER_BOUND ( 'NONE', #608, .T. ) ;
#2202 = ORIENTED_EDGE ( 'NONE', *, *, #1143, .T. ) ;
#2203 = DIRECTION ( 'NONE',  ( 1.000000000000000000, 0.000000000000000000, -3.491481338843135327E-15 ) ) ;
#2204 = PRESENTATION_LAYER_ASSIGNMENT (  '', '', ( #2082 ) ) ;
#2205 = VECTOR ( 'NONE', #552, 1000.000000000000000 ) ;
#2206 = LINE ( 'NONE', #382, #1377 ) ;
#2207 = VERTEX_POINT ( 'NONE', #2147 ) ;
#2208 = EDGE_CURVE ( 'NONE', #701, #1550, #532, .T. ) ;
#2209 = VECTOR ( 'NONE', #806, 1000.000000000000000 ) ;
#2210 = LINE ( 'NONE', #1582, #472 ) ;
#2211 = ORIENTED_EDGE ( 'NONE', *, *, #1668, .F. ) ;
#2212 = CARTESIAN_POINT ( 'NONE',  ( -3.316907271900974715E-15, 0.2000000000000000111, -0.9499999999999999556 ) ) ;
#2213 = DIRECTION ( 'NONE',  ( 1.000000000000000000, 0.000000000000000000, -3.491481338843135327E-15 ) ) ;
#2214 = DIRECTION ( 'NONE',  ( 0.000000000000000000, -1.000000000000000000, 0.000000000000000000 ) ) ;
#2215 = MANIFOLD_SOLID_BREP ( 'NONE', #2361 ) ;
#2216 = ADVANCED_FACE ( 'NONE', ( #1436 ), #410, .T. ) ;
#2217 = LINE ( 'NONE', #1884, #589 ) ;
#2218 = LINE ( 'NONE', #910, #1351 ) ;
#2219 = ORIENTED_EDGE ( 'NONE', *, *, #696, .T. ) ;
#2220 = AXIS2_PLACEMENT_3D ( 'NONE', #2212, #2081, #2067 ) ;
#2221 = ADVANCED_FACE ( 'NONE', ( #1350 ), #1259, .T. ) ;
#2222 = FACE_OUTER_BOUND ( 'NONE', #1264, .T. ) ;
#2223 = LINE ( 'NONE', #1913, #1367 ) ;
#2224 = EDGE_LOOP ( 'NONE', ( #2137, #1504, #2115, #396 ) ) ;
#2225 = EDGE_CURVE ( 'NONE', #2150, #2378, #2264, .T. ) ;
#2226 = CARTESIAN_POINT ( 'NONE',  ( 1.100000000000000089, 0.2000000000000000111, -0.2000000000000035083 ) ) ;
#2227 = CARTESIAN_POINT ( 'NONE',  ( 1.100000000000000089, 0.000000000000000000, -1.149999999999999911 ) ) ;
#2228 = VECTOR ( 'NONE', #636, 1000.000000000000000 ) ;
#2229 = VECTOR ( 'NONE', #310, 1000.000000000000000 ) ;
#2230 = ORIENTED_EDGE ( 'NONE', *, *, #1972, .F. ) ;
#2231 = DIRECTION ( 'NONE',  ( -3.491481338843135327E-15, 0.000000000000000000, -1.000000000000000000 ) ) ;
#2232 = FACE_OUTER_BOUND ( 'NONE', #817, .T. ) ;
#2233 = ORIENTED_EDGE ( 'NONE', *, *, #2055, .T. ) ;
#2234 = SURFACE_STYLE_USAGE ( .BOTH. , #1457 ) ;
#2235 = DIRECTION ( 'NONE',  ( 3.491481338843135327E-15, 0.000000000000000000, 1.000000000000000000 ) ) ;
#2236 = LINE ( 'NONE', #1796, #2197 ) ;
#2237 = EDGE_LOOP ( 'NONE', ( #2423, #1598, #569, #740 ) ) ;
#2238 = EDGE_LOOP ( 'NONE', ( #2457, #1546, #467, #401, #720 ) ) ;
#2239 = VERTEX_POINT ( 'NONE', #174 ) ;
#2240 = VERTEX_POINT ( 'NONE', #317 ) ;
#2241 = CARTESIAN_POINT ( 'NONE',  ( 1.500000000000000000, 0.2000000000000000111, -0.7500000000000000000 ) ) ;
#2242 = PLANE ( 'NONE',  #989 ) ;
#2243 = VECTOR ( 'NONE', #889, 1000.000000000000000 ) ;
#2244 = VERTEX_POINT ( 'NONE', #481 ) ;
#2245 = DIRECTION ( 'NONE',  ( -4.575683511328640156E-15, 0.000000000000000000, -1.000000000000000000 ) ) ;
#2246 = CARTESIAN_POINT ( 'NONE',  ( -3.316907271900974715E-15, 0.000000000000000000, -0.9499999999999999556 ) ) ;
#2247 = DIRECTION ( 'NONE',  ( 3.636041628507870698E-15, 0.000000000000000000, 1.000000000000000000 ) ) ;
#2248 = EDGE_LOOP ( 'NONE', ( #2316, #566, #1781, #1805 ) ) ;
#2249 = PLANE ( 'NONE',  #267 ) ;
#2250 = CARTESIAN_POINT ( 'NONE',  ( -1.500000000000000000, 0.2000000000000000111, -0.1999999999999945155 ) ) ;
#2251 =( LENGTH_UNIT ( ) NAMED_UNIT ( * ) SI_UNIT ( .MILLI., .METRE. ) );
#2252 = VECTOR ( 'NONE', #1286, 1000.000000000000000 ) ;
#2253 = ORIENTED_EDGE ( 'NONE', *, *, #332, .T. ) ;
#2254 = DIRECTION ( 'NONE',  ( 4.575683511328640156E-15, 0.000000000000000000, 1.000000000000000000 ) ) ;
#2255 = AXIS2_PLACEMENT_3D ( 'NONE', #1962, #1170, #1158 ) ;
#2256 = EDGE_CURVE ( 'NONE', #1421, #1646, #565, .T. ) ;
#2257 = VECTOR ( 'NONE', #330, 1000.000000000000000 ) ;
#2258 = ORIENTED_EDGE ( 'NONE', *, *, #186, .F. ) ;
#2259 = CARTESIAN_POINT ( 'NONE',  ( 1.500000000000000000, 0.2000000000000000111, -1.149999999999999911 ) ) ;
#2260 = VECTOR ( 'NONE', #399, 1000.000000000000000 ) ;
#2261 = EDGE_LOOP ( 'NONE', ( #1518, #731, #118, #1600 ) ) ;
#2262 = DIRECTION ( 'NONE',  ( 4.575683511328640156E-15, 0.000000000000000000, 1.000000000000000000 ) ) ;
#2263 = PLANE ( 'NONE',  #848 ) ;
#2264 = LINE ( 'NONE', #2522, #2257 ) ;
#2265 = VERTEX_POINT ( 'NONE', #1276 ) ;
#2266 = DIRECTION ( 'NONE',  ( 3.491481338843135327E-15, 0.000000000000000000, 1.000000000000000000 ) ) ;
#2267 = CARTESIAN_POINT ( 'NONE',  ( 1.100000000000000089, 0.2000000000000000111, 0.1999999999999970135 ) ) ;
#2268 = LINE ( 'NONE', #1369, #1424 ) ;
#2269 = ORIENTED_EDGE ( 'NONE', *, *, #800, .T. ) ;
#2270 = DIRECTION ( 'NONE',  ( 0.000000000000000000, -1.000000000000000000, 0.000000000000000000 ) ) ;
#2271 = EDGE_CURVE ( 'NONE', #1450, #449, #1420, .T. ) ;
#2272 = CARTESIAN_POINT ( 'NONE',  ( 1.100000000000000089, 0.2000000000000000111, 0.7500000000000000000 ) ) ;
#2273 = MECHANICAL_DESIGN_GEOMETRIC_PRESENTATION_REPRESENTATION (  '', ( #333 ), #1237 ) ;
#2274 = LINE ( 'NONE', #841, #594 ) ;
#2275 = VERTEX_POINT ( 'NONE', #1201 ) ;
#2276 = DIRECTION ( 'NONE',  ( 1.000000000000000000, 0.000000000000000000, -2.407279166357630105E-15 ) ) ;
#2277 = FACE_OUTER_BOUND ( 'NONE', #2076, .T. ) ;
#2278 = VERTEX_POINT ( 'NONE', #2539 ) ;
#2279 = DIRECTION ( 'NONE',  ( 1.000000000000000000, 0.000000000000000000, -4.575683511328640156E-15 ) ) ;
#2280 = CARTESIAN_POINT ( 'NONE',  ( -1.100000000000000089, 0.2000000000000000111, 0.7500000000000000000 ) ) ;
#2281 = VERTEX_POINT ( 'NONE', #875 ) ;
#2282 = DIRECTION ( 'NONE',  ( 0.000000000000000000, 1.000000000000000000, 0.000000000000000000 ) ) ;
#2283 = VERTEX_POINT ( 'NONE', #1051 ) ;
#2284 = AXIS2_PLACEMENT_3D ( 'NONE', #949, #1928, #2194 ) ;
#2285 = ORIENTED_EDGE ( 'NONE', *, *, #38, .F. ) ;
#2286 = FACE_BOUND ( 'NONE', #1538, .T. ) ;
#2287 = EDGE_CURVE ( 'NONE', #615, #1450, #2268, .T. ) ;
#2288 = VERTEX_POINT ( 'NONE', #1005 ) ;
#2289 = PLANE ( 'NONE',  #178 ) ;
#2290 = ORIENTED_EDGE ( 'NONE', *, *, #14, .T. ) ;
#2291 = ORIENTED_EDGE ( 'NONE', *, *, #1938, .T. ) ;
#2292 = ORIENTED_EDGE ( 'NONE', *, *, #1235, .F. ) ;
#2293 = CARTESIAN_POINT ( 'NONE',  ( 1.100000000000000089, 0.2000000000000000111, -1.149999999999999911 ) ) ;
#2294 = VERTEX_POINT ( 'NONE', #1014 ) ;
#2295 = ORIENTED_EDGE ( 'NONE', *, *, #1902, .T. ) ;
#2296 = PRESENTATION_STYLE_ASSIGNMENT (( #1992 ) ) ;
#2297 = ORIENTED_EDGE ( 'NONE', *, *, #706, .T. ) ;
#2298 = CARTESIAN_POINT ( 'NONE',  ( -1.500000000000000000, 0.7656854249492389686, 0.2000000000000060063 ) ) ;
#2299 = DIRECTION ( 'NONE',  ( 0.000000000000000000, 0.000000000000000000, -1.000000000000000000 ) ) ;
#2300 = EDGE_LOOP ( 'NONE', ( #646, #1501, #655, #2126 ) ) ;
#2301 = ORIENTED_EDGE ( 'NONE', *, *, #44, .F. ) ;
#2302 = ORIENTED_EDGE ( 'NONE', *, *, #104, .T. ) ;
#2303 = VERTEX_POINT ( 'NONE', #53 ) ;
#2304 = MECHANICAL_DESIGN_GEOMETRIC_PRESENTATION_REPRESENTATION (  '', ( #1382 ), #265 ) ;
#2305 = PLANE ( 'NONE',  #2152 ) ;
#2306 = EDGE_CURVE ( 'NONE', #1242, #2057, #2407, .T. ) ;
#2307 = ORIENTED_EDGE ( 'NONE', *, *, #929, .T. ) ;
#2308 = ORIENTED_EDGE ( 'NONE', *, *, #1596, .T. ) ;
#2309 = CARTESIAN_POINT ( 'NONE',  ( -1.077994694398533904, 0.4301252699578245187, -0.9275488132656439788 ) ) ;
#2310 = PLANE ( 'NONE',  #1291 ) ;
#2311 = EDGE_CURVE ( 'NONE', #1461, #2381, #1486, .T. ) ;
#2312 = CARTESIAN_POINT ( 'NONE',  ( -0.8750000000000000000, 0.2000000000000000111, -0.8750000000000000000 ) ) ;
#2313 = CARTESIAN_POINT ( 'NONE',  ( -0.8000000000000000444, 0.000000000000000000, -0.9499999999999999556 ) ) ;
#2314 = ORIENTED_EDGE ( 'NONE', *, *, #1401, .F. ) ;
#2315 = VECTOR ( 'NONE', #1738, 1000.000000000000000 ) ;
#2316 = ORIENTED_EDGE ( 'NONE', *, *, #150, .T. ) ;
#2317 = DIRECTION ( 'NONE',  ( 0.000000000000000000, -1.000000000000000000, 0.000000000000000000 ) ) ;
#2318 = MANIFOLD_SOLID_BREP ( 'NONE', #1445 ) ;
#2319 = VERTEX_POINT ( 'NONE', #2139 ) ;
#2320 = COLOUR_RGB ( '',0.2509803921568627416, 0.2509803921568627416, 0.2509803921568627416 ) ;
#2321 = VERTEX_POINT ( 'NONE', #789 ) ;
#2322 = CARTESIAN_POINT ( 'NONE',  ( 1.500000000000000000, 0.05000000000000000278, 0.7500000000000000000 ) ) ;
#2323 = VERTEX_POINT ( 'NONE', #1620 ) ;
#2324 = ORIENTED_EDGE ( 'NONE', *, *, #2121, .F. ) ;
#2325 = EDGE_CURVE ( 'NONE', #1522, #365, #2327, .T. ) ;
#2326 = ORIENTED_EDGE ( 'NONE', *, *, #1902, .F. ) ;
#2327 = LINE ( 'NONE', #252, #1545 ) ;
#2328 = ORIENTED_EDGE ( 'NONE', *, *, #176, .F. ) ;
#2329 = EDGE_LOOP ( 'NONE', ( #628, #16, #1652, #1277, #2433 ) ) ;
#2330 = VERTEX_POINT ( 'NONE', #363 ) ;
#2331 = FACE_OUTER_BOUND ( 'NONE', #1425, .T. ) ;
#2332 = SURFACE_STYLE_USAGE ( .BOTH. , #1790 ) ;
#2333 = ORIENTED_EDGE ( 'NONE', *, *, #137, .F. ) ;
#2334 = DIRECTION ( 'NONE',  ( 2.407279166357630105E-15, 0.000000000000000000, 1.000000000000000000 ) ) ;
#2335 = CARTESIAN_POINT ( 'NONE',  ( 1.500000000000000000, 0.05000000000000000278, -1.500000000000000000 ) ) ;
#2336 = ORIENTED_EDGE ( 'NONE', *, *, #1972, .T. ) ;
#2337 = VECTOR ( 'NONE', #947, 1000.000000000000000 ) ;
#2338 = ORIENTED_EDGE ( 'NONE', *, *, #1198, .T. ) ;
#2339 = ORIENTED_EDGE ( 'NONE', *, *, #1432, .T. ) ;
#2340 = LINE ( 'NONE', #1931, #744 ) ;
#2341 = ORIENTED_EDGE ( 'NONE', *, *, #1419, .F. ) ;
#2342 = DIRECTION ( 'NONE',  ( 2.949380252600380349E-15, 0.000000000000000000, 1.000000000000000000 ) ) ;
#2343 = ADVANCED_FACE ( 'NONE', ( #1578 ), #1599, .T. ) ;
#2344 = PLANE ( 'NONE',  #1431 ) ;
#2345 = PLANE ( 'NONE',  #1037 ) ;
#2346 = ORIENTED_EDGE ( 'NONE', *, *, #1655, .F. ) ;
#2347 = EDGE_LOOP ( 'NONE', ( #2072, #46, #635, #2435 ) ) ;
#2348 = VERTEX_POINT ( 'NONE', #1853 ) ;
#2349 = EDGE_LOOP ( 'NONE', ( #116, #896, #1745, #366 ) ) ;
#2350 = VECTOR ( 'NONE', #1442, 1000.000000000000000 ) ;
#2351 = VERTEX_POINT ( 'NONE', #1161 ) ;
#2352 = ORIENTED_EDGE ( 'NONE', *, *, #2325, .T. ) ;
#2353 = LINE ( 'NONE', #237, #1455 ) ;
#2354 = VERTEX_POINT ( 'NONE', #2387 ) ;
#2355 = SURFACE_STYLE_USAGE ( .BOTH. , #851 ) ;
#2356 = LINE ( 'NONE', #861, #1506 ) ;
#2357 = ORIENTED_EDGE ( 'NONE', *, *, #2148, .T. ) ;
#2358 = ORIENTED_EDGE ( 'NONE', *, *, #2097, .F. ) ;
#2359 = ORIENTED_EDGE ( 'NONE', *, *, #2208, .T. ) ;
#2360 = VERTEX_POINT ( 'NONE', #2322 ) ;
#2361 = CLOSED_SHELL ( 'NONE', ( #1099, #228, #1023, #1427, #2089, #880 ) ) ;
#2362 = DIRECTION ( 'NONE',  ( 1.000000000000000000, 0.000000000000000000, -3.491481338843135327E-15 ) ) ;
#2363 = ORIENTED_EDGE ( 'NONE', *, *, #520, .T. ) ;
#2364 = EDGE_LOOP ( 'NONE', ( #1731, #2398, #2346, #1635 ) ) ;
#2365 = DIRECTION ( 'NONE',  ( 0.000000000000000000, -1.000000000000000000, 0.000000000000000000 ) ) ;
#2366 = AXIS2_PLACEMENT_3D ( 'NONE', #355, #551, #1019 ) ;
#2367 = VERTEX_POINT ( 'NONE', #1309 ) ;
#2368 = COLOUR_RGB ( '',1.000000000000000000, 1.000000000000000000, 1.000000000000000000 ) ;
#2369 = ORIENTED_EDGE ( 'NONE', *, *, #1820, .T. ) ;
#2370 = VERTEX_POINT ( 'NONE', #2090 ) ;
#2371 = EDGE_LOOP ( 'NONE', ( #697, #2084, #765, #2159 ) ) ;
#2372 = CIRCLE ( 'NONE', #1880, 0.1661258039605105208 ) ;
#2373 = ORIENTED_EDGE ( 'NONE', *, *, #1891, .F. ) ;
#2374 = CARTESIAN_POINT ( 'NONE',  ( -1.500000000000000000, 0.7656854249492389686, -0.7500000000000000000 ) ) ;
#2375 = ORIENTED_EDGE ( 'NONE', *, *, #2019, .T. ) ;
#2376 = LINE ( 'NONE', #1068, #2315 ) ;
#2377 = ORIENTED_EDGE ( 'NONE', *, *, #725, .F. ) ;
#2378 = VERTEX_POINT ( 'NONE', #1039 ) ;
#2379 = VECTOR ( 'NONE', #967, 1000.000000000000000 ) ;
#2380 = VERTEX_POINT ( 'NONE', #1024 ) ;
#2381 = VERTEX_POINT ( 'NONE', #1172 ) ;
#2382 = ADVANCED_FACE ( 'NONE', ( #1503 ), #1195, .F. ) ;
#2383 = AXIS2_PLACEMENT_3D ( 'NONE', #1955, #1162, #2299 ) ;
#2384 = ORIENTED_EDGE ( 'NONE', *, *, #2121, .T. ) ;
#2385 = LINE ( 'NONE', #375, #733 ) ;
#2386 = ORIENTED_EDGE ( 'NONE', *, *, #1307, .F. ) ;
#2387 = CARTESIAN_POINT ( 'NONE',  ( -1.500000000000000000, 1.000000000000000000, -1.500000000000000000 ) ) ;
#2388 = CARTESIAN_POINT ( 'NONE',  ( -1.500000000000000000, 0.000000000000000000, 0.2000000000000060063 ) ) ;
#2389 = FACE_OUTER_BOUND ( 'NONE', #1439, .T. ) ;
#2390 = EDGE_CURVE ( 'NONE', #1446, #1537, #1440, .T. ) ;
#2391 = ORIENTED_EDGE ( 'NONE', *, *, #2040, .T. ) ;
#2392 = ORIENTED_EDGE ( 'NONE', *, *, #1689, .F. ) ;
#2393 = EDGE_LOOP ( 'NONE', ( #421, #1643, #719, #887 ) ) ;
#2394 = CARTESIAN_POINT ( 'NONE',  ( -1.100000000000000089, 0.05000000000000000278, 3.840629472727445113E-15 ) ) ;
#2395 = ORIENTED_EDGE ( 'NONE', *, *, #725, .T. ) ;
#2396 = CARTESIAN_POINT ( 'NONE',  ( -1.500000000000000000, 0.2000000000000000111, -0.7500000000000000000 ) ) ;
#2397 = ORIENTED_EDGE ( 'NONE', *, *, #1275, .T. ) ;
#2398 = ORIENTED_EDGE ( 'NONE', *, *, #2040, .F. ) ;
#2399 = FACE_OUTER_BOUND ( 'NONE', #1851, .T. ) ;
#2400 = ORIENTED_EDGE ( 'NONE', *, *, #189, .F. ) ;
#2401 = ORIENTED_EDGE ( 'NONE', *, *, #901, .T. ) ;
#2402 = CIRCLE ( 'NONE', #1735, 0.1661258039605105208 ) ;
#2403 = ORIENTED_EDGE ( 'NONE', *, *, #1205, .F. ) ;
#2404 = FILL_AREA_STYLE_COLOUR ( '', #537 ) ;
#2405 = DIRECTION ( 'NONE',  ( 0.7071067811865465735, 0.000000000000000000, -0.7071067811865485719 ) ) ;
#2406 = EDGE_LOOP ( 'NONE', ( #1330, #2359, #1312, #1328 ) ) ;
#2407 = LINE ( 'NONE', #202, #698 ) ;
#2408 = VERTEX_POINT ( 'NONE', #1358 ) ;
#2409 = ORIENTED_EDGE ( 'NONE', *, *, #1526, .F. ) ;
#2410 = VECTOR ( 'NONE', #2474, 1000.000000000000000 ) ;
#2411 = ORIENTED_EDGE ( 'NONE', *, *, #78, .F. ) ;
#2412 = VERTEX_POINT ( 'NONE', #1973 ) ;
#2413 = EDGE_CURVE ( 'NONE', #853, #2061, #664, .T. ) ;
#2414 = EDGE_LOOP ( 'NONE', ( #763, #2427, #1592, #2326 ) ) ;
#2415 = VECTOR ( 'NONE', #2279, 1000.000000000000000 ) ;
#2416 = ORIENTED_EDGE ( 'NONE', *, *, #1266, .T. ) ;
#2417 = CARTESIAN_POINT ( 'NONE',  ( 0.000000000000000000, 0.2000000000000000111, 0.000000000000000000 ) ) ;
#2418 = ORIENTED_EDGE ( 'NONE', *, *, #176, .T. ) ;
#2419 = VECTOR ( 'NONE', #762, 1000.000000000000000 ) ;
#2420 = VERTEX_POINT ( 'NONE', #350 ) ;
#2421 = ADVANCED_FACE ( 'NONE', ( #2286, #2399 ), #542, .F. ) ;
#2422 = EDGE_CURVE ( 'NONE', #612, #2486, #2353, .T. ) ;
#2423 = ORIENTED_EDGE ( 'NONE', *, *, #2306, .T. ) ;
#2424 = ORIENTED_EDGE ( 'NONE', *, *, #2287, .T. ) ;
#2425 = VERTEX_POINT ( 'NONE', #391 ) ;
#2426 = FACE_OUTER_BOUND ( 'NONE', #2329, .T. ) ;
#2427 = ORIENTED_EDGE ( 'NONE', *, *, #2019, .F. ) ;
#2428 = ORIENTED_EDGE ( 'NONE', *, *, #1355, .F. ) ;
#2429 = DIRECTION ( 'NONE',  ( 2.407279166357630105E-15, 0.000000000000000000, 1.000000000000000000 ) ) ;
#2430 = EDGE_LOOP ( 'NONE', ( #2146, #2199, #406, #1230 ) ) ;
#2431 = VECTOR ( 'NONE', #974, 1000.000000000000000 ) ;
#2432 = CARTESIAN_POINT ( 'NONE',  ( -1.500000000000000000, 0.05000000000000000278, -1.149999999999999911 ) ) ;
#2433 = ORIENTED_EDGE ( 'NONE', *, *, #2538, .F. ) ;
#2434 = DIRECTION ( 'NONE',  ( 1.000000000000000000, 0.000000000000000000, -2.407279166357630105E-15 ) ) ;
#2435 = ORIENTED_EDGE ( 'NONE', *, *, #1961, .T. ) ;
#2436 = VERTEX_POINT ( 'NONE', #1292 ) ;
#2437 = FACE_OUTER_BOUND ( 'NONE', #809, .T. ) ;
#2438 = AXIS2_PLACEMENT_3D ( 'NONE', #645, #2171, #575 ) ;
#2439 = ORIENTED_EDGE ( 'NONE', *, *, #1708, .F. ) ;
#2440 = EDGE_CURVE ( 'NONE', #670, #1700, #2385, .T. ) ;
#2441 = ORIENTED_EDGE ( 'NONE', *, *, #201, .T. ) ;
#2442 = VECTOR ( 'NONE', #2038, 1000.000000000000000 ) ;
#2443 = ORIENTED_EDGE ( 'NONE', *, *, #665, .F. ) ;
#2444 = CARTESIAN_POINT ( 'NONE',  ( -1.077994694398533904, 0.9000000000000000222, -0.9275488132656439788 ) ) ;
#2445 = CARTESIAN_POINT ( 'NONE',  ( -1.100000000000000089, 0.2000000000000000111, 1.149999999999999911 ) ) ;
#2446 = CARTESIAN_POINT ( 'NONE',  ( 1.500000000000000000, 1.000000000000000000, 1.500000000000000000 ) ) ;
#2447 = CARTESIAN_POINT ( 'NONE',  ( 1.100000000000000089, 0.7656854249492389686, -0.7500000000000000000 ) ) ;
#2448 = CARTESIAN_POINT ( 'NONE',  ( -1.500000000000000000, 0.000000000000000000, 1.149999999999999911 ) ) ;
#2449 = ADVANCED_FACE ( 'NONE', ( #713 ), #1702, .T. ) ;
#2450 = ORIENTED_EDGE ( 'NONE', *, *, #201, .F. ) ;
#2451 = EDGE_LOOP ( 'NONE', ( #2191, #2128, #699, #2143 ) ) ;
#2452 = VECTOR ( 'NONE', #43, 1000.000000000000000 ) ;
#2453 = ADVANCED_FACE ( 'NONE', ( #637 ), #308, .F. ) ;
#2454 = ORIENTED_EDGE ( 'NONE', *, *, #2153, .F. ) ;
#2455 = DIRECTION ( 'NONE',  ( 0.000000000000000000, -1.000000000000000000, 0.000000000000000000 ) ) ;
#2456 = VECTOR ( 'NONE', #1100, 1000.000000000000000 ) ;
#2457 = ORIENTED_EDGE ( 'NONE', *, *, #2000, .T. ) ;
#2458 = FACE_OUTER_BOUND ( 'NONE', #1529, .T. ) ;
#2459 = PLANE ( 'NONE',  #101 ) ;
#2460 = CARTESIAN_POINT ( 'NONE',  ( 0.8000000000000000444, 3.168164415931164601, 1.250000000000000000 ) ) ;
#2461 = EDGE_LOOP ( 'NONE', ( #1815, #2202, #2424, #995 ) ) ;
#2462 = ORIENTED_EDGE ( 'NONE', *, *, #2044, .F. ) ;
#2463 = PRESENTATION_STYLE_ASSIGNMENT (( #2496 ) ) ;
#2464 = EDGE_CURVE ( 'NONE', #2060, #2109, #606, .T. ) ;
#2465 = MECHANICAL_DESIGN_GEOMETRIC_PRESENTATION_REPRESENTATION (  '', ( #1031 ), #94 ) ;
#2466 = ORIENTED_EDGE ( 'NONE', *, *, #1178, .F. ) ;
#2467 = DIRECTION ( 'NONE',  ( 0.7071067811865464625, 0.000000000000000000, 0.7071067811865485719 ) ) ;
#2468 = LINE ( 'NONE', #2226, #2410 ) ;
#2469 = PRODUCT_DEFINITION ( 'UNKNOWN', '', #30, #609 ) ;
#2470 = CARTESIAN_POINT ( 'NONE',  ( -1.100000000000000089, 0.7656854249492389686, 1.149999999999999911 ) ) ;
#2471 = ORIENTED_EDGE ( 'NONE', *, *, #1596, .F. ) ;
#2472 = LINE ( 'NONE', #1965, #864 ) ;
#2473 = ORIENTED_EDGE ( 'NONE', *, *, #1466, .F. ) ;
#2474 = DIRECTION ( 'NONE',  ( -4.575683511328640156E-15, 0.000000000000000000, -1.000000000000000000 ) ) ;
#2475 = ORIENTED_EDGE ( 'NONE', *, *, #249, .F. ) ;
#2476 = DIRECTION ( 'NONE',  ( -4.575683511328640156E-15, 0.000000000000000000, -1.000000000000000000 ) ) ;
#2477 = LINE ( 'NONE', #1567, #1675 ) ;
#2478 = EDGE_CURVE ( 'NONE', #2150, #2288, #1536, .T. ) ;
#2479 = VERTEX_POINT ( 'NONE', #153 ) ;
#2480 = DIRECTION ( 'NONE',  ( -4.575683511328640156E-15, 0.000000000000000000, -1.000000000000000000 ) ) ;
#2481 = ADVANCED_FACE ( 'NONE', ( #680 ), #613, .F. ) ;
#2482 = CARTESIAN_POINT ( 'NONE',  ( -1.100000000000000089, 0.2000000000000000111, -1.149999999999999911 ) ) ;
#2483 = EDGE_LOOP ( 'NONE', ( #1226, #2123, #383, #1269 ) ) ;
#2484 = EDGE_CURVE ( 'NONE', #1857, #912, #1520, .T. ) ;
#2485 = LINE ( 'NONE', #413, #845 ) ;
#2486 = VERTEX_POINT ( 'NONE', #1453 ) ;
#2487 = ORIENTED_EDGE ( 'NONE', *, *, #1153, .F. ) ;
#2488 = PLANE ( 'NONE',  #752 ) ;
#2489 = PLANE ( 'NONE',  #1728 ) ;
#2490 = VECTOR ( 'NONE', #1081, 1000.000000000000000 ) ;
#2491 = ORIENTED_EDGE ( 'NONE', *, *, #207, .F. ) ;
#2492 = ORIENTED_EDGE ( 'NONE', *, *, #1067, .F. ) ;
#2493 = LINE ( 'NONE', #432, #4 ) ;
#2494 = MANIFOLD_SOLID_BREP ( 'NONE', #634 ) ;
#2495 = EDGE_LOOP ( 'NONE', ( #429, #2297, #2065, #1412 ) ) ;
#2496 = SURFACE_STYLE_USAGE ( .BOTH. , #1651 ) ;
#2497 = ORIENTED_EDGE ( 'NONE', *, *, #755, .F. ) ;
#2498 = DIRECTION ( 'NONE',  ( 4.575683511328640156E-15, 0.000000000000000000, 1.000000000000000000 ) ) ;
#2499 = LINE ( 'NONE', #977, #850 ) ;
#2500 = CARTESIAN_POINT ( 'NONE',  ( 1.500000000000000000, 0.05000000000000000278, -0.7500000000000000000 ) ) ;
#2501 = STYLED_ITEM ( 'NONE', ( #2186 ), #2215 ) ;
#2502 = ADVANCED_FACE ( 'NONE', ( #1493 ), #626, .F. ) ;
#2503 = ORIENTED_EDGE ( 'NONE', *, *, #1241, .T. ) ;
#2504 = EDGE_CURVE ( 'NONE', #2319, #743, #2376, .T. ) ;
#2505 = FACE_OUTER_BOUND ( 'NONE', #648, .T. ) ;
#2506 = ADVANCED_FACE ( 'NONE', ( #1570 ), #2488, .F. ) ;
#2507 = ORIENTED_EDGE ( 'NONE', *, *, #268, .T. ) ;
#2508 = DIRECTION ( 'NONE',  ( 0.000000000000000000, -1.000000000000000000, 0.000000000000000000 ) ) ;
#2509 = CARTESIAN_POINT ( 'NONE',  ( -6.633814543801949431E-15, 0.000000000000000000, -1.899999999999999911 ) ) ;
#2510 =( LENGTH_UNIT ( ) NAMED_UNIT ( * ) SI_UNIT ( .MILLI., .METRE. ) );
#2511 = FACE_OUTER_BOUND ( 'NONE', #844, .T. ) ;
#2512 = PLANE ( 'NONE',  #869 ) ;
#2513 = ORIENTED_EDGE ( 'NONE', *, *, #2478, .F. ) ;
#2514 = VECTOR ( 'NONE', #486, 1000.000000000000000 ) ;
#2515 = UNCERTAINTY_MEASURE_WITH_UNIT (LENGTH_MEASURE( 1.000000000000000082E-05 ), #1196, 'distance_accuracy_value', 'NONE');
#2516 = EDGE_CURVE ( 'NONE', #682, #2348, #633, .T. ) ;
#2517 = CARTESIAN_POINT ( 'NONE',  ( -1.077994694398533904, 1.000000000000000000, -1.259800421186664021 ) ) ;
#2518 = CLOSED_SHELL ( 'NONE', ( #1043, #1649, #1375, #1971, #1848, #837 ) ) ;
#2519 = FACE_OUTER_BOUND ( 'NONE', #409, .T. ) ;
#2520 = CARTESIAN_POINT ( 'NONE',  ( 1.500000000000000000, 6.242640687119290099, -1.500000000000000000 ) ) ;
#2521 = EDGE_CURVE ( 'NONE', #599, #1393, #778, .T. ) ;
#2522 = CARTESIAN_POINT ( 'NONE',  ( 1.100000000000000089, 0.2000000000000000111, -1.149999999999999911 ) ) ;
#2523 = CARTESIAN_POINT ( 'NONE',  ( 1.500000000000000000, 0.2000000000000000111, 0.1999999999999949873 ) ) ;
#2524 = ORIENTED_EDGE ( 'NONE', *, *, #1451, .T. ) ;
#2525 = CARTESIAN_POINT ( 'NONE',  ( 0.8000000000000000444, 0.000000000000000000, -1.250000000000000000 ) ) ;
#2526 = VECTOR ( 'NONE', #2151, 1000.000000000000000 ) ;
#2527 = ADVANCED_FACE ( 'NONE', ( #846 ), #1681, .F. ) ;
#2528 = ORIENTED_EDGE ( 'NONE', *, *, #2118, .T. ) ;
#2529 = PLANE ( 'NONE',  #1305 ) ;
#2530 = APPLICATION_CONTEXT ( 'automotive_design' ) ;
#2531 = FACE_OUTER_BOUND ( 'NONE', #495, .T. ) ;
#2532 = CARTESIAN_POINT ( 'NONE',  ( 1.500000000000000000, 0.2000000000000000111, -0.2000000000000055067 ) ) ;
#2533 = ORIENTED_EDGE ( 'NONE', *, *, #816, .F. ) ;
#2534 = CYLINDRICAL_SURFACE ( 'NONE', #2117, 0.1661258039605105208 ) ;
#2535 = CARTESIAN_POINT ( 'NONE',  ( -1.100000000000000089, 0.05000000000000000278, 1.149999999999999911 ) ) ;
#2536 = ORIENTED_EDGE ( 'NONE', *, *, #1261, .T. ) ;
#2537 = VECTOR ( 'NONE', #1678, 1000.000000000000000 ) ;
#2538 = EDGE_CURVE ( 'NONE', #943, #2303, #1610, .T. ) ;
#2539 = CARTESIAN_POINT ( 'NONE',  ( 1.500000000000000000, 0.2000000000000000111, -0.7500000000000000000 ) ) ;
#2540 = DIRECTION ( 'NONE',  ( -1.000000000000000000, 0.000000000000000000, 5.117784597571390006E-15 ) ) ;
ENDSEC;
END-ISO-10303-21;
