ISO-10303-21;
HEADER;
FILE_DESCRIPTION (( 'STEP AP214' ),
    '1' );
FILE_NAME ('SOT1174-1.STEP',
    '2020-09-17T19:41:27',
    ( '' ),
    ( '' ),
    'SwSTEP 2.0',
    'SolidWorks 2017',
    '' );
FILE_SCHEMA (( 'AUTOMOTIVE_DESIGN' ));
ENDSEC;

DATA;
#1 = ADVANCED_FACE ( 'NONE', ( #2937 ), #3782, .T. ) ;
#2 = LINE ( 'NONE', #3374, #4200 ) ;
#3 = CARTESIAN_POINT ( 'NONE',  ( 0.4999999999999961100, 0.07699999999999997100, -1.000000000000001800 ) ) ;
#4 = CARTESIAN_POINT ( 'NONE',  ( -0.3500000000000030900, 0.1270000000000000000, -0.9999999999999986700 ) ) ;
#5 = ORIENTED_EDGE ( 'NONE', *, *, #2385, .F. ) ;
#6 = CARTESIAN_POINT ( 'NONE',  ( 0.8500000000000017500, 0.1269999999999999500, 0.4999999999999968900 ) ) ;
#7 = DIRECTION ( 'NONE',  ( -1.000000000000000000, 0.0000000000000000000, 3.491481338843133400E-015 ) ) ;
#8 = VERTEX_POINT ( 'NONE', #3798 ) ;
#9 = CIRCLE ( 'NONE', #3253, 0.08587978877417495900 ) ;
#10 = ORIENTED_EDGE ( 'NONE', *, *, #2797, .F. ) ;
#11 = ORIENTED_EDGE ( 'NONE', *, *, #3949, .T. ) ;
#12 = DIRECTION ( 'NONE',  ( -3.491481338843133400E-015, 0.0000000000000000000, -1.000000000000000000 ) ) ;
#13 = DIRECTION ( 'NONE',  ( 0.0000000000000000000, -1.000000000000000000, 0.0000000000000000000 ) ) ;
#14 = VECTOR ( 'NONE', #4301, 1000.000000000000000 ) ;
#15 = EDGE_CURVE ( 'NONE', #3196, #4088, #2995, .T. ) ;
#16 = ORIENTED_EDGE ( 'NONE', *, *, #3291, .T. ) ;
#17 = ORIENTED_EDGE ( 'NONE', *, *, #3982, .F. ) ;
#18 = DIRECTION ( 'NONE',  ( 0.0000000000000000000, -1.000000000000000000, 0.0000000000000000000 ) ) ;
#19 = PLANE ( 'NONE',  #1269 ) ;
#20 = LINE ( 'NONE', #2038, #600 ) ;
#21 = CARTESIAN_POINT ( 'NONE',  ( -0.4999999999999967800, 0.1269999999999999700, 0.7918861169915827300 ) ) ;
#22 = ORIENTED_EDGE ( 'NONE', *, *, #2298, .T. ) ;
#23 = DIRECTION ( 'NONE',  ( 1.000000000000000000, 0.0000000000000000000, -3.491481338843133400E-015 ) ) ;
#24 = LINE ( 'NONE', #1836, #3261 ) ;
#25 = VECTOR ( 'NONE', #2108, 1000.000000000000000 ) ;
#26 = DIRECTION ( 'NONE',  ( -3.491481338843133400E-015, 0.0000000000000000000, -1.000000000000000000 ) ) ;
#27 = ADVANCED_FACE ( 'NONE', ( #4143 ), #19, .F. ) ;
#28 = VERTEX_POINT ( 'NONE', #3088 ) ;
#29 = VECTOR ( 'NONE', #1545, 1000.000000000000000 ) ;
#30 =( NAMED_UNIT ( * ) PLANE_ANGLE_UNIT ( ) SI_UNIT ( $, .RADIAN. ) );
#31 = EDGE_CURVE ( 'NONE', #1805, #912, #3194, .T. ) ;
#32 = VERTEX_POINT ( 'NONE', #688 ) ;
#33 = VECTOR ( 'NONE', #2936, 1000.000000000000000 ) ;
#34 = DIRECTION ( 'NONE',  ( -1.000000000000000000, 0.0000000000000000000, 3.491481338843133400E-015 ) ) ;
#35 = DIRECTION ( 'NONE',  ( 1.000000000000000000, 0.0000000000000000000, -3.491481338843133400E-015 ) ) ;
#36 = CARTESIAN_POINT ( 'NONE',  ( 0.8500000000000040900, 0.05000000000000000300, 0.8999999999999968000 ) ) ;
#37 = EDGE_CURVE ( 'NONE', #1125, #414, #1381, .T. ) ;
#38 = VECTOR ( 'NONE', #3471, 1000.000000000000000 ) ;
#39 = CARTESIAN_POINT ( 'NONE',  ( -0.3499999999999963100, 0.1269999999999999500, 0.9500000000000011800 ) ) ;
#40 = FILL_AREA_STYLE ('',( #3159 ) ) ;
#41 =( NAMED_UNIT ( * ) PLANE_ANGLE_UNIT ( ) SI_UNIT ( $, .RADIAN. ) );
#42 = ORIENTED_EDGE ( 'NONE', *, *, #3232, .F. ) ;
#43 = ORIENTED_EDGE ( 'NONE', *, *, #341, .F. ) ;
#44 = EDGE_CURVE ( 'NONE', #1065, #2024, #1270, .T. ) ;
#45 = STYLED_ITEM ( 'NONE', ( #1024 ), #2456 ) ;
#46 = VERTEX_POINT ( 'NONE', #802 ) ;
#47 = CARTESIAN_POINT ( 'NONE',  ( 0.8499999999999983100, 0.0000000000000000000, -0.5000000000000033300 ) ) ;
#48 = CARTESIAN_POINT ( 'NONE',  ( -2.793185071074506700E-015, 0.0000000000000000000, -0.8000000000000000400 ) ) ;
#49 = VECTOR ( 'NONE', #4293, 1000.000000000000000 ) ;
#50 = CARTESIAN_POINT ( 'NONE',  ( 0.8500000000000012000, 0.1269999999999999500, 0.2999999999999966600 ) ) ;
#51 = LINE ( 'NONE', #2794, #2170 ) ;
#52 = ADVANCED_FACE ( 'NONE', ( #2890 ), #2848, .T. ) ;
#53 = DIRECTION ( 'NONE',  ( 3.491481338843133400E-015, 0.0000000000000000000, 1.000000000000000000 ) ) ;
#54 = ORIENTED_EDGE ( 'NONE', *, *, #1920, .F. ) ;
#55 = CARTESIAN_POINT ( 'NONE',  ( -0.8500000000000027500, 0.0000000000000000000, -0.8999999999999974700 ) ) ;
#56 = DIRECTION ( 'NONE',  ( 1.000000000000000000, 0.0000000000000000000, 0.0000000000000000000 ) ) ;
#57 = DIRECTION ( 'NONE',  ( -1.000000000000000000, 0.0000000000000000000, 3.491481338843133400E-015 ) ) ;
#58 = EDGE_CURVE ( 'NONE', #32, #272, #3102, .T. ) ;
#59 = DIRECTION ( 'NONE',  ( 0.0000000000000000000, 1.000000000000000000, 0.0000000000000000000 ) ) ;
#60 = SURFACE_STYLE_USAGE ( .BOTH. , #2075 ) ;
#61 = FACE_OUTER_BOUND ( 'NONE', #767, .T. ) ;
#62 = VERTEX_POINT ( 'NONE', #2163 ) ;
#63 = DIRECTION ( 'NONE',  ( -1.000000000000000000, 0.0000000000000000000, 3.491481338843133400E-015 ) ) ;
#64 = ORIENTED_EDGE ( 'NONE', *, *, #3200, .F. ) ;
#65 = VERTEX_POINT ( 'NONE', #140 ) ;
#66 = ORIENTED_EDGE ( 'NONE', *, *, #2070, .F. ) ;
#67 = LINE ( 'NONE', #363, #1741 ) ;
#68 = DIRECTION ( 'NONE',  ( 1.000000000000000000, 0.0000000000000000000, -3.491481338843133400E-015 ) ) ;
#69 = ORIENTED_EDGE ( 'NONE', *, *, #1716, .F. ) ;
#70 = DIRECTION ( 'NONE',  ( -3.491481338843133400E-015, 0.0000000000000000000, -1.000000000000000000 ) ) ;
#71 = DIRECTION ( 'NONE',  ( -0.0000000000000000000, -1.000000000000000000, 0.0000000000000000000 ) ) ;
#72 = ORIENTED_EDGE ( 'NONE', *, *, #1241, .F. ) ;
#73 = LINE ( 'NONE', #3995, #3563 ) ;
#74 = ADVANCED_FACE ( 'NONE', ( #1962 ), #2486, .T. ) ;
#75 = VERTEX_POINT ( 'NONE', #1729 ) ;
#76 = FILL_AREA_STYLE ('',( #1712 ) ) ;
#77 = CARTESIAN_POINT ( 'NONE',  ( -5.586370142149013400E-015, 0.1270000000000000000, -1.600000000000000100 ) ) ;
#78 = VECTOR ( 'NONE', #3195, 1000.000000000000000 ) ;
#79 = VECTOR ( 'NONE', #2685, 1000.000000000000000 ) ;
#80 = CARTESIAN_POINT ( 'NONE',  ( 0.8500000000000044200, 0.05000000000000000300, 0.9999999999999970000 ) ) ;
#81 = ORIENTED_EDGE ( 'NONE', *, *, #1412, .T. ) ;
#82 = CARTESIAN_POINT ( 'NONE',  ( -0.4999999999999961100, 0.1269999999999999700, 1.000000000000001800 ) ) ;
#83 = LINE ( 'NONE', #974, #2686 ) ;
#84 = ORIENTED_EDGE ( 'NONE', *, *, #2223, .F. ) ;
#85 = DIRECTION ( 'NONE',  ( 4.358843076831536900E-015, 0.0000000000000000000, 1.000000000000000000 ) ) ;
#86 = FACE_OUTER_BOUND ( 'NONE', #375, .T. ) ;
#87 = ORIENTED_EDGE ( 'NONE', *, *, #1183, .F. ) ;
#88 = VECTOR ( 'NONE', #1600, 1000.000000000000000 ) ;
#89 = VECTOR ( 'NONE', #2254, 1000.000000000000000 ) ;
#90 = EDGE_CURVE ( 'NONE', #1692, #488, #1062, .T. ) ;
#91 = ORIENTED_EDGE ( 'NONE', *, *, #3494, .F. ) ;
#92 = CARTESIAN_POINT ( 'NONE',  ( -0.8499999999999985300, 0.6655164807134507100, 0.3000000000000026500 ) ) ;
#93 = CARTESIAN_POINT ( 'NONE',  ( -3.491481338843133400E-015, 0.0000000000000000000, -1.000000000000000000 ) ) ;
#94 = ADVANCED_FACE ( 'NONE', ( #271 ), #413, .F. ) ;
#96 = EDGE_CURVE ( 'NONE', #1805, #3463, #1731, .T. ) ;
#95 = CARTESIAN_POINT ( 'NONE',  ( -0.8499999999999999800, 0.1270000000000000000, -0.09999999999999739700 ) ) ;
#97 = LINE ( 'NONE', #813, #1047 ) ;
#98 = SURFACE_SIDE_STYLE ('',( #2859 ) ) ;
#99 = ORIENTED_EDGE ( 'NONE', *, *, #2910, .T. ) ;
#100 = CIRCLE ( 'NONE', #3448, 0.08587978877417495900 ) ;
#101 = CARTESIAN_POINT ( 'NONE',  ( 0.4999999999999961100, 0.1269999999999999700, -1.000000000000001800 ) ) ;
#102 = PLANE ( 'NONE',  #1170 ) ;
#103 = VECTOR ( 'NONE', #3391, 1000.000000000000000 ) ;
#104 = PLANE ( 'NONE',  #3395 ) ;
#105 = CARTESIAN_POINT ( 'NONE',  ( 0.8499999999999969800, 0.05000000000000000300, -1.000000000000003100 ) ) ;
#106 = EDGE_LOOP ( 'NONE', ( #2770, #4186, #3446, #614 ) ) ;
#107 = CARTESIAN_POINT ( 'NONE',  ( -0.5000000000000030000, 0.1270000000000000000, -0.9999999999999983300 ) ) ;
#108 = COLOUR_RGB ( '',0.7921568627450980000, 0.8196078431372548800, 0.9333333333333333500 ) ;
#109 = DIRECTION ( 'NONE',  ( 0.0000000000000000000, -1.000000000000000000, 0.0000000000000000000 ) ) ;
#110 = CARTESIAN_POINT ( 'NONE',  ( 0.3500000000000008700, 0.6655164807134507100, 0.2999999999999988200 ) ) ;
#111 = CARTESIAN_POINT ( 'NONE',  ( -0.3499999999999999200, 0.6655164807134507100, -0.09999999999999871500 ) ) ;
#112 = EDGE_CURVE ( 'NONE', #4364, #1514, #2884, .T. ) ;
#113 = LINE ( 'NONE', #1999, #1957 ) ;
#114 = EDGE_CURVE ( 'NONE', #2379, #1007, #3975, .T. ) ;
#115 = ADVANCED_FACE ( 'NONE', ( #2602 ), #234, .F. ) ;
#116 = ORIENTED_EDGE ( 'NONE', *, *, #1679, .F. ) ;
#117 = DIRECTION ( 'NONE',  ( 1.000000000000000000, 0.0000000000000000000, -2.624119600854729800E-015 ) ) ;
#118 = ORIENTED_EDGE ( 'NONE', *, *, #2234, .T. ) ;
#119 = LINE ( 'NONE', #840, #3302 ) ;
#120 = EDGE_LOOP ( 'NONE', ( #2397, #2943, #669, #4194 ) ) ;
#121 = ORIENTED_EDGE ( 'NONE', *, *, #2690, .F. ) ;
#122 = EDGE_CURVE ( 'NONE', #990, #2379, #3191, .T. ) ;
#123 = CARTESIAN_POINT ( 'NONE',  ( 3.316907271900976700E-015, 0.0000000000000000000, 0.9499999999999999600 ) ) ;
#124 = EDGE_LOOP ( 'NONE', ( #2028, #3403, #162, #222 ) ) ;
#125 = CARTESIAN_POINT ( 'NONE',  ( -0.4999999999999962300, 0.1269999999999999700, 0.9500000000000017300 ) ) ;
#126 = CLOSED_SHELL ( 'NONE', ( #2842, #2471, #1048, #3953, #374, #290 ) ) ;
#127 = EDGE_LOOP ( 'NONE', ( #3853, #3664, #225, #1484 ) ) ;
#128 = DIRECTION ( 'NONE',  ( 1.000000000000000000, 0.0000000000000000000, -3.491481338843133400E-015 ) ) ;
#129 = FACE_OUTER_BOUND ( 'NONE', #120, .T. ) ;
#130 = CARTESIAN_POINT ( 'NONE',  ( 0.3500000000000008700, 0.6655164807134507100, 0.2999999999999988200 ) ) ;
#131 = AXIS2_PLACEMENT_3D ( 'NONE', #2035, #4110, #2413 ) ;
#132 = ORIENTED_EDGE ( 'NONE', *, *, #2086, .T. ) ;
#133 = FACE_OUTER_BOUND ( 'NONE', #3606, .T. ) ;
#134 = FACE_OUTER_BOUND ( 'NONE', #1882, .T. ) ;
#135 = DIRECTION ( 'NONE',  ( 3.491481338843133400E-015, 0.0000000000000000000, 1.000000000000000000 ) ) ;
#136 = DIRECTION ( 'NONE',  ( -3.491481338843133400E-015, 0.0000000000000000000, -1.000000000000000000 ) ) ;
#137 = CARTESIAN_POINT ( 'NONE',  ( 0.3500000000000015900, 0.6655164807134507100, 0.4999999999999986100 ) ) ;
#138 = FACE_OUTER_BOUND ( 'NONE', #3192, .T. ) ;
#139 = PRODUCT_DEFINITION_CONTEXT ( 'detailed design', #384, 'design' ) ;
#140 = CARTESIAN_POINT ( 'NONE',  ( -0.3499999999999964800, 0.04999999999999999600, 0.9000000000000009100 ) ) ;
#141 = ADVANCED_FACE ( 'NONE', ( #2717 ), #205, .F. ) ;
#142 = FACE_OUTER_BOUND ( 'NONE', #3123, .T. ) ;
#143 = FILL_AREA_STYLE ('',( #2102 ) ) ;
#144 = PLANE ( 'NONE',  #2654 ) ;
#145 = DIRECTION ( 'NONE',  ( -0.0000000000000000000, -1.000000000000000000, 0.0000000000000000000 ) ) ;
#146 = LINE ( 'NONE', #329, #1508 ) ;
#147 = VERTEX_POINT ( 'NONE', #2944 ) ;
#148 = CARTESIAN_POINT ( 'NONE',  ( -0.8499999999999999800, 0.1269999999999999500, -0.09999999999999739700 ) ) ;
#149 = CARTESIAN_POINT ( 'NONE',  ( -0.8499999999999957600, 3.624880949681338600, 1.000000000000003100 ) ) ;
#150 = FACE_OUTER_BOUND ( 'NONE', #2661, .T. ) ;
#151 = AXIS2_PLACEMENT_3D ( 'NONE', #123, #2804, #1092 ) ;
#152 = VERTEX_POINT ( 'NONE', #3304 ) ;
#153 = ORIENTED_EDGE ( 'NONE', *, *, #4063, .T. ) ;
#154 = VECTOR ( 'NONE', #1549, 1000.000000000000000 ) ;
#155 = EDGE_CURVE ( 'NONE', #2664, #1041, #843, .T. ) ;
#156 =( GEOMETRIC_REPRESENTATION_CONTEXT ( 3 ) GLOBAL_UNCERTAINTY_ASSIGNED_CONTEXT ( ( #3248 ) ) GLOBAL_UNIT_ASSIGNED_CONTEXT ( ( #3793, #2058, #2412 ) ) REPRESENTATION_CONTEXT ( 'NONE', 'WORKASPACE' ) );
#157 = PLANE ( 'NONE',  #1953 ) ;
#158 = ORIENTED_EDGE ( 'NONE', *, *, #1046, .F. ) ;
#159 = DIRECTION ( 'NONE',  ( 1.000000000000000000, 0.0000000000000000000, -2.624119600854729800E-015 ) ) ;
#160 = COLOUR_RGB ( '',0.7921568627450980000, 0.8196078431372548800, 0.9333333333333333500 ) ;
#161 = CARTESIAN_POINT ( 'NONE',  ( 0.3500000000000023600, 0.07699999999999997100, 0.7918861169915798500 ) ) ;
#162 = ORIENTED_EDGE ( 'NONE', *, *, #930, .F. ) ;
#163 = AXIS2_PLACEMENT_3D ( 'NONE', #1395, #3767, #56 ) ;
#164 = CARTESIAN_POINT ( 'NONE',  ( -0.8499999999999985300, 0.1270000000000000000, 0.3000000000000026500 ) ) ;
#165 = DIRECTION ( 'NONE',  ( 3.491481338843133400E-015, 0.0000000000000000000, 1.000000000000000000 ) ) ;
#166 = VECTOR ( 'NONE', #2437, 1000.000000000000000 ) ;
#167 = EDGE_CURVE ( 'NONE', #3532, #4219, #803, .T. ) ;
#168 = VERTEX_POINT ( 'NONE', #1610 ) ;
#169 = CARTESIAN_POINT ( 'NONE',  ( 0.3499999999999988100, 0.0000000000000000000, -0.3000000000000016000 ) ) ;
#170 = ORIENTED_EDGE ( 'NONE', *, *, #1212, .T. ) ;
#171 = CARTESIAN_POINT ( 'NONE',  ( 0.8499999999999969800, 0.05000000000000000300, -1.000000000000003100 ) ) ;
#172 = EDGE_LOOP ( 'NONE', ( #754, #3671, #3047, #2530 ) ) ;
#173 = EDGE_CURVE ( 'NONE', #1224, #4350, #1376, .T. ) ;
#174 = FACE_OUTER_BOUND ( 'NONE', #1619, .T. ) ;
#175 = VERTEX_POINT ( 'NONE', #3631 ) ;
#176 = CARTESIAN_POINT ( 'NONE',  ( -2.793185071074506700E-015, 0.1270000000000000000, -0.8000000000000000400 ) ) ;
#177 = ORIENTED_EDGE ( 'NONE', *, *, #2139, .F. ) ;
#178 = DIRECTION ( 'NONE',  ( 1.000000000000000000, 0.0000000000000000000, -3.787394640675466200E-015 ) ) ;
#179 = ORIENTED_EDGE ( 'NONE', *, *, #371, .T. ) ;
#180 = VECTOR ( 'NONE', #4026, 1000.000000000000000 ) ;
#181 = EDGE_CURVE ( 'NONE', #1007, #3786, #696, .T. ) ;
#182 = ORIENTED_EDGE ( 'NONE', *, *, #114, .F. ) ;
#183 = CARTESIAN_POINT ( 'NONE',  ( -0.8500000000000013100, 0.1269999999999999500, -0.4999999999999975000 ) ) ;
#184 = ORIENTED_EDGE ( 'NONE', *, *, #2330, .T. ) ;
#185 = CARTESIAN_POINT ( 'NONE',  ( 0.5000000000000024400, 0.1269999999999999700, 0.7918861169915792900 ) ) ;
#186 = VECTOR ( 'NONE', #2031, 1000.000000000000000 ) ;
#187 = CARTESIAN_POINT ( 'NONE',  ( 0.3499999999999988100, 0.1270000000000000000, -0.3000000000000016000 ) ) ;
#188 = CARTESIAN_POINT ( 'NONE',  ( -0.5000000000000021100, 0.1270000000000000000, -0.6999999999999986200 ) ) ;
#189 = ORIENTED_EDGE ( 'NONE', *, *, #3673, .F. ) ;
#190 = AXIS2_PLACEMENT_3D ( 'NONE', #389, #738, #1045 ) ;
#191 = VECTOR ( 'NONE', #863, 1000.000000000000000 ) ;
#192 = SURFACE_SIDE_STYLE ('',( #1196 ) ) ;
#193 = VECTOR ( 'NONE', #3079, 1000.000000000000000 ) ;
#194 = ORIENTED_EDGE ( 'NONE', *, *, #2690, .T. ) ;
#195 = VECTOR ( 'NONE', #2083, 1000.000000000000000 ) ;
#196 = VECTOR ( 'NONE', #2197, 1000.000000000000000 ) ;
#197 = CARTESIAN_POINT ( 'NONE',  ( -0.6990214479611996900, 0.4500000000000000100, -0.7897957293225819100 ) ) ;
#198 = CARTESIAN_POINT ( 'NONE',  ( 3.316907271900976700E-015, 0.0000000000000000000, 0.9499999999999999600 ) ) ;
#199 = EDGE_CURVE ( 'NONE', #4101, #779, #1845, .T. ) ;
#200 = FACE_OUTER_BOUND ( 'NONE', #2525, .T. ) ;
#201 = DIRECTION ( 'NONE',  ( 0.0000000000000000000, -1.000000000000000000, 0.0000000000000000000 ) ) ;
#202 = EDGE_CURVE ( 'NONE', #433, #3778, #4356, .T. ) ;
#203 = VERTEX_POINT ( 'NONE', #902 ) ;
#204 = ADVANCED_FACE ( 'NONE', ( #637 ), #3600, .F. ) ;
#205 = PLANE ( 'NONE',  #2096 ) ;
#206 = DIRECTION ( 'NONE',  ( -3.491481338843133400E-015, 0.0000000000000000000, -1.000000000000000000 ) ) ;
#207 = DIRECTION ( 'NONE',  ( -1.000000000000000000, -0.0000000000000000000, 4.358843076831536900E-015 ) ) ;
#208 = AXIS2_PLACEMENT_3D ( 'NONE', #3855, #4154, #3869 ) ;
#209 = ORIENTED_EDGE ( 'NONE', *, *, #1371, .F. ) ;
#210 = LINE ( 'NONE', #778, #3543 ) ;
#211 = CARTESIAN_POINT ( 'NONE',  ( 0.3500000000000008700, 0.04999999999999999600, 0.2999999999999988200 ) ) ;
#212 = CARTESIAN_POINT ( 'NONE',  ( 0.3499999999999973700, 0.1270000000000000000, -0.7000000000000015100 ) ) ;
#213 = LINE ( 'NONE', #2306, #3038 ) ;
#214 = CARTESIAN_POINT ( 'NONE',  ( 0.4999999999999962300, 0.07699999999999997100, -0.9500000000000017300 ) ) ;
#215 = CARTESIAN_POINT ( 'NONE',  ( -0.4999999999999961100, 0.07699999999999997100, 1.000000000000001800 ) ) ;
#216 = CARTESIAN_POINT ( 'NONE',  ( -0.6131416591870246800, 0.5000000000000000000, -0.7897957293225821300 ) ) ;
#217 = PRESENTATION_LAYER_ASSIGNMENT (  '', '', ( #1429 ) ) ;
#218 = ORIENTED_EDGE ( 'NONE', *, *, #2577, .F. ) ;
#219 = CARTESIAN_POINT ( 'NONE',  ( 0.8499999999999980900, 0.05000000000000000300, -0.7000000000000032900 ) ) ;
#220 = DIRECTION ( 'NONE',  ( 3.491481338843133400E-015, 0.0000000000000000000, 1.000000000000000000 ) ) ;
#221 = ORIENTED_EDGE ( 'NONE', *, *, #3913, .F. ) ;
#222 = ORIENTED_EDGE ( 'NONE', *, *, #796, .F. ) ;
#223 = VECTOR ( 'NONE', #2462, 1000.000000000000000 ) ;
#224 = DIRECTION ( 'NONE',  ( 1.000000000000000000, 0.0000000000000000000, -3.491481338843133400E-015 ) ) ;
#225 = ORIENTED_EDGE ( 'NONE', *, *, #4351, .F. ) ;
#226 = ORIENTED_EDGE ( 'NONE', *, *, #1161, .T. ) ;
#227 = DIRECTION ( 'NONE',  ( -3.491481338843133400E-015, 0.0000000000000000000, -1.000000000000000000 ) ) ;
#228 = LINE ( 'NONE', #3239, #283 ) ;
#229 = DIRECTION ( 'NONE',  ( 1.000000000000000000, 0.0000000000000000000, -3.491481338843133400E-015 ) ) ;
#230 = VERTEX_POINT ( 'NONE', #1583 ) ;
#231 = EDGE_LOOP ( 'NONE', ( #3509, #3411, #1535, #3642 ) ) ;
#232 = EDGE_CURVE ( 'NONE', #883, #1434, #3652, .T. ) ;
#233 = FACE_OUTER_BOUND ( 'NONE', #3112, .T. ) ;
#234 = PLANE ( 'NONE',  #1811 ) ;
#235 = FILL_AREA_STYLE ('',( #3341 ) ) ;
#236 = FACE_OUTER_BOUND ( 'NONE', #4204, .T. ) ;
#237 = LINE ( 'NONE', #2715, #1550 ) ;
#238 = AXIS2_PLACEMENT_3D ( 'NONE', #3730, #3101, #3383 ) ;
#239 = CARTESIAN_POINT ( 'NONE',  ( 0.4999999999999961100, 0.07699999999999981900, -1.000000000000001800 ) ) ;
#240 = CARTESIAN_POINT ( 'NONE',  ( 0.3499999999999995300, 0.0000000000000000000, -0.1000000000000011600 ) ) ;
#241 = VECTOR ( 'NONE', #4318, 1000.000000000000000 ) ;
#242 = CARTESIAN_POINT ( 'NONE',  ( -0.3500000000000013700, 0.0000000000000000000, -0.4999999999999988300 ) ) ;
#243 = DIRECTION ( 'NONE',  ( 1.000000000000000000, 0.0000000000000000000, -2.624119600854729800E-015 ) ) ;
#244 =( LENGTH_UNIT ( ) NAMED_UNIT ( * ) SI_UNIT ( .MILLI., .METRE. ) );
#245 = EDGE_CURVE ( 'NONE', #4077, #3890, #2059, .T. ) ;
#246 = STYLED_ITEM ( 'NONE', ( #1474 ), #3380 ) ;
#247 = LINE ( 'NONE', #214, #4387 ) ;
#248 = ADVANCED_FACE ( 'NONE', ( #1428 ), #4311, .T. ) ;
#249 = PLANE ( 'NONE',  #670 ) ;
#250 = CARTESIAN_POINT ( 'NONE',  ( -0.8499999999999970900, 0.1270000000000000000, 0.7000000000000026200 ) ) ;
#251 = ORIENTED_EDGE ( 'NONE', *, *, #3357, .F. ) ;
#252 = VECTOR ( 'NONE', #2684, 1000.000000000000000 ) ;
#253 = ORIENTED_EDGE ( 'NONE', *, *, #3968, .T. ) ;
#254 = VECTOR ( 'NONE', #4396, 1000.000000000000000 ) ;
#255 =( NAMED_UNIT ( * ) SI_UNIT ( $, .STERADIAN. ) SOLID_ANGLE_UNIT ( ) );
#256 = ORIENTED_EDGE ( 'NONE', *, *, #2910, .F. ) ;
#257 = VECTOR ( 'NONE', #495, 1000.000000000000000 ) ;
#258 = EDGE_CURVE ( 'NONE', #2024, #605, #2391, .T. ) ;
#259 = VECTOR ( 'NONE', #2395, 1000.000000000000000 ) ;
#260 =( NAMED_UNIT ( * ) SI_UNIT ( $, .STERADIAN. ) SOLID_ANGLE_UNIT ( ) );
#261 = CARTESIAN_POINT ( 'NONE',  ( 0.5000000000000024400, 0.07699999999999997100, 0.7918861169915792900 ) ) ;
#262 = DIRECTION ( 'NONE',  ( 3.491481338843133400E-015, 0.0000000000000000000, 1.000000000000000000 ) ) ;
#263 = VERTEX_POINT ( 'NONE', #2243 ) ;
#264 = ORIENTED_EDGE ( 'NONE', *, *, #4123, .T. ) ;
#265 = CARTESIAN_POINT ( 'NONE',  ( 0.3499999999999995300, 0.04999999999999999600, -0.1000000000000011600 ) ) ;
#266 = DIRECTION ( 'NONE',  ( -3.491481338843133700E-015, 0.0000000000000000000, -1.000000000000000000 ) ) ;
#267 = EDGE_CURVE ( 'NONE', #2473, #901, #3451, .T. ) ;
#268 = VECTOR ( 'NONE', #1896, 1000.000000000000000 ) ;
#269 = SURFACE_STYLE_USAGE ( .BOTH. , #1938 ) ;
#270 = ORIENTED_EDGE ( 'NONE', *, *, #2151, .T. ) ;
#271 = FACE_OUTER_BOUND ( 'NONE', #3537, .T. ) ;
#272 = VERTEX_POINT ( 'NONE', #219 ) ;
#273 = CARTESIAN_POINT ( 'NONE',  ( -0.3499999999999961500, 0.1269999999999999500, 1.000000000000001300 ) ) ;
#274 = EDGE_LOOP ( 'NONE', ( #1809, #3902, #677, #4258 ) ) ;
#275 = CARTESIAN_POINT ( 'NONE',  ( -0.5000000000000021100, 0.0000000000000000000, -0.6999999999999986200 ) ) ;
#276 = DIRECTION ( 'NONE',  ( -1.000000000000000000, 0.0000000000000000000, 2.624119600854729800E-015 ) ) ;
#277 = FACE_OUTER_BOUND ( 'NONE', #3842, .T. ) ;
#278 = ORIENTED_EDGE ( 'NONE', *, *, #2211, .F. ) ;
#279 = ORIENTED_EDGE ( 'NONE', *, *, #462, .T. ) ;
#280 = DIRECTION ( 'NONE',  ( 0.0000000000000000000, -1.000000000000000000, -0.0000000000000000000 ) ) ;
#281 = UNCERTAINTY_MEASURE_WITH_UNIT (LENGTH_MEASURE( 1.000000000000000100E-005 ), #1096, 'distance_accuracy_value', 'NONE');
#282 = EDGE_CURVE ( 'NONE', #3786, #1434, #1527, .T. ) ;
#283 = VECTOR ( 'NONE', #1528, 1000.000000000000000 ) ;
#284 = ORIENTED_EDGE ( 'NONE', *, *, #292, .F. ) ;
#285 = VERTEX_POINT ( 'NONE', #964 ) ;
#286 = FILL_AREA_STYLE ('',( #4306 ) ) ;
#287 = LINE ( 'NONE', #4192, #78 ) ;
#288 = SURFACE_STYLE_FILL_AREA ( #1612 ) ;
#289 = FACE_OUTER_BOUND ( 'NONE', #1356, .T. ) ;
#290 = ADVANCED_FACE ( 'NONE', ( #2544 ), #4282, .F. ) ;
#291 = VERTEX_POINT ( 'NONE', #3587 ) ;
#292 = EDGE_CURVE ( 'NONE', #1301, #1065, #1163, .T. ) ;
#293 = VECTOR ( 'NONE', #1782, 1000.000000000000000 ) ;
#294 = LINE ( 'NONE', #1435, #38 ) ;
#295 = COLOUR_RGB ( '',0.7921568627450980000, 0.8196078431372548800, 0.9333333333333333500 ) ;
#296 = PRESENTATION_LAYER_ASSIGNMENT (  '', '', ( #2484 ) ) ;
#297 = CARTESIAN_POINT ( 'NONE',  ( -0.3499999999999963100, 0.07699999999999997100, 0.9500000000000011800 ) ) ;
#298 = ORIENTED_EDGE ( 'NONE', *, *, #1134, .T. ) ;
#299 = DIRECTION ( 'NONE',  ( 2.624119600854729800E-015, 0.0000000000000000000, 1.000000000000000000 ) ) ;
#300 = PLANE ( 'NONE',  #3619 ) ;
#301 = CARTESIAN_POINT ( 'NONE',  ( -0.3499999999999972000, 0.1270000000000000000, 0.7000000000000012900 ) ) ;
#302 = DIRECTION ( 'NONE',  ( -1.807003620809174900E-016, 1.000000000000000000, 6.309119421277207300E-031 ) ) ;
#303 = ORIENTED_EDGE ( 'NONE', *, *, #1798, .T. ) ;
#304 = VECTOR ( 'NONE', #2120, 1000.000000000000000 ) ;
#305 = CARTESIAN_POINT ( 'NONE',  ( -0.4999999999999967800, 0.1269999999999999700, 0.7918861169915827300 ) ) ;
#306 = LINE ( 'NONE', #3173, #1949 ) ;
#307 = EDGE_CURVE ( 'NONE', #519, #990, #3298, .T. ) ;
#308 = LINE ( 'NONE', #2365, #3443 ) ;
#309 = ADVANCED_FACE ( 'NONE', ( #1014 ), #3677, .F. ) ;
#310 = DIRECTION ( 'NONE',  ( 3.491481338843133700E-015, 0.0000000000000000000, 1.000000000000000000 ) ) ;
#311 = CARTESIAN_POINT ( 'NONE',  ( -0.3500000000000006400, 0.6655164807134507100, -0.2999999999999991000 ) ) ;
#312 = DIRECTION ( 'NONE',  ( 1.000000000000000000, 0.0000000000000000000, -3.491481338843133400E-015 ) ) ;
#313 = PLANE ( 'NONE',  #2133 ) ;
#314 = PLANE ( 'NONE',  #3727 ) ;
#315 = AXIS2_PLACEMENT_3D ( 'NONE', #3584, #2926, #3926 ) ;
#316 = VECTOR ( 'NONE', #3871, 1000.000000000000000 ) ;
#317 = ORIENTED_EDGE ( 'NONE', *, *, #2939, .F. ) ;
#318 = EDGE_CURVE ( 'NONE', #3774, #763, #1628, .T. ) ;
#319 =( GEOMETRIC_REPRESENTATION_CONTEXT ( 3 ) GLOBAL_UNCERTAINTY_ASSIGNED_CONTEXT ( ( #1254 ) ) GLOBAL_UNIT_ASSIGNED_CONTEXT ( ( #3788, #41, #692 ) ) REPRESENTATION_CONTEXT ( 'NONE', 'WORKASPACE' ) );
#320 = ORIENTED_EDGE ( 'NONE', *, *, #3076, .T. ) ;
#321 = CARTESIAN_POINT ( 'NONE',  ( -0.8500000000000020900, 0.1269999999999999500, -0.6999999999999974000 ) ) ;
#322 = VECTOR ( 'NONE', #3904, 1000.000000000000000 ) ;
#323 = CARTESIAN_POINT ( 'NONE',  ( -0.3500000000000013700, 0.6655164807134507100, -0.4999999999999988300 ) ) ;
#324 = ORIENTED_EDGE ( 'NONE', *, *, #1904, .T. ) ;
#325 = CARTESIAN_POINT ( 'NONE',  ( 0.5000000000000024400, 0.07699999999999997100, 0.7918861169915792900 ) ) ;
#326 = ORIENTED_EDGE ( 'NONE', *, *, #1904, .F. ) ;
#327 = FACE_OUTER_BOUND ( 'NONE', #1738, .T. ) ;
#328 = VERTEX_POINT ( 'NONE', #2662 ) ;
#329 = CARTESIAN_POINT ( 'NONE',  ( 0.8500000000000025300, 0.1269999999999999500, 0.6999999999999967400 ) ) ;
#330 = DIRECTION ( 'NONE',  ( 0.0000000000000000000, 1.000000000000000000, 0.0000000000000000000 ) ) ;
#331 = VERTEX_POINT ( 'NONE', #4055 ) ;
#332 = VECTOR ( 'NONE', #759, 1000.000000000000000 ) ;
#333 = ADVANCED_FACE ( 'NONE', ( #61 ), #1059, .T. ) ;
#334 = ORIENTED_EDGE ( 'NONE', *, *, #3603, .F. ) ;
#335 = ORIENTED_EDGE ( 'NONE', *, *, #4374, .T. ) ;
#336 = EDGE_CURVE ( 'NONE', #3716, #2138, #113, .T. ) ;
#337 = LINE ( 'NONE', #866, #3840 ) ;
#338 = VECTOR ( 'NONE', #3963, 1000.000000000000000 ) ;
#339 = SURFACE_SIDE_STYLE ('',( #3061 ) ) ;
#340 = LINE ( 'NONE', #2080, #555 ) ;
#341 = EDGE_CURVE ( 'NONE', #925, #75, #1794, .T. ) ;
#342 = CARTESIAN_POINT ( 'NONE',  ( -0.8499999999999997600, 0.05000000000000000300, -0.09999999999999739700 ) ) ;
#343 = CARTESIAN_POINT ( 'NONE',  ( 0.3499999999999980900, 0.6655164807134507100, -0.5000000000000012200 ) ) ;
#344 = CARTESIAN_POINT ( 'NONE',  ( 0.4999999999999967800, 0.1269999999999999700, -0.7918861169915827300 ) ) ;
#345 = DIRECTION ( 'NONE',  ( 3.491481338843133400E-015, -0.0000000000000000000, 1.000000000000000000 ) ) ;
#346 = VERTEX_POINT ( 'NONE', #4018 ) ;
#347 = MECHANICAL_DESIGN_GEOMETRIC_PRESENTATION_REPRESENTATION (  '', ( #45 ), #3472 ) ;
#348 = ORIENTED_EDGE ( 'NONE', *, *, #4144, .T. ) ;
#349 = VECTOR ( 'NONE', #4056, 1000.000000000000000 ) ;
#350 = CARTESIAN_POINT ( 'NONE',  ( -0.3500000000000020300, 0.4624101966249681800, -0.6999999999999991800 ) ) ;
#351 = CARTESIAN_POINT ( 'NONE',  ( -0.3499999999999993100, 0.1270000000000000000, 0.1000000000000009400 ) ) ;
#352 = ORIENTED_EDGE ( 'NONE', *, *, #1401, .T. ) ;
#353 = DIRECTION ( 'NONE',  ( 0.0000000000000000000, -1.000000000000000000, 0.0000000000000000000 ) ) ;
#354 = VECTOR ( 'NONE', #3492, 1000.000000000000000 ) ;
#355 = ORIENTED_EDGE ( 'NONE', *, *, #2548, .T. ) ;
#356 = ADVANCED_FACE ( 'NONE', ( #2177 ), #2683, .T. ) ;
#357 = ORIENTED_EDGE ( 'NONE', *, *, #3576, .F. ) ;
#358 = COLOUR_RGB ( '',0.7921568627450980000, 0.8196078431372548800, 0.9333333333333333500 ) ;
#359 =( NAMED_UNIT ( * ) SI_UNIT ( $, .STERADIAN. ) SOLID_ANGLE_UNIT ( ) );
#360 = CARTESIAN_POINT ( 'NONE',  ( 0.3499999999999967000, 0.0000000000000000000, -0.9000000000000011300 ) ) ;
#361 = DIRECTION ( 'NONE',  ( 1.000000000000000000, 0.0000000000000000000, -3.491481338843133400E-015 ) ) ;
#362 = FACE_OUTER_BOUND ( 'NONE', #2500, .T. ) ;
#363 = CARTESIAN_POINT ( 'NONE',  ( -3.922958769148381600E-015, 0.05000000000000000300, -0.8999999999999996900 ) ) ;
#364 = MECHANICAL_DESIGN_GEOMETRIC_PRESENTATION_REPRESENTATION (  '', ( #3548 ), #1581 ) ;
#365 = DIRECTION ( 'NONE',  ( 0.0000000000000000000, -1.000000000000000000, -0.0000000000000000000 ) ) ;
#366 = VECTOR ( 'NONE', #2127, 1000.000000000000000 ) ;
#367 = EDGE_CURVE ( 'NONE', #4189, #1065, #3549, .T. ) ;
#368 = FILL_AREA_STYLE_COLOUR ( '', #108 ) ;
#369 = SURFACE_STYLE_USAGE ( .BOTH. , #2409 ) ;
#370 = EDGE_LOOP ( 'NONE', ( #4012, #3278, #1666, #11 ) ) ;
#371 = EDGE_CURVE ( 'NONE', #62, #285, #2, .T. ) ;
#372 =( GEOMETRIC_REPRESENTATION_CONTEXT ( 3 ) GLOBAL_UNCERTAINTY_ASSIGNED_CONTEXT ( ( #2587 ) ) GLOBAL_UNIT_ASSIGNED_CONTEXT ( ( #3358, #1637, #1317 ) ) REPRESENTATION_CONTEXT ( 'NONE', 'WORKASPACE' ) );
#373 = VECTOR ( 'NONE', #4174, 1000.000000000000000 ) ;
#374 = ADVANCED_FACE ( 'NONE', ( #3501 ), #2011, .F. ) ;
#375 = EDGE_LOOP ( 'NONE', ( #99, #189, #3249, #4208 ) ) ;
#376 = PLANE ( 'NONE',  #1503 ) ;
#377 = CARTESIAN_POINT ( 'NONE',  ( -0.8499999999999999800, 0.0000000000000000000, -0.09999999999999739700 ) ) ;
#378 = ORIENTED_EDGE ( 'NONE', *, *, #3394, .T. ) ;
#379 = ORIENTED_EDGE ( 'NONE', *, *, #634, .F. ) ;
#380 = DIRECTION ( 'NONE',  ( 3.491481338843133400E-015, 0.0000000000000000000, 1.000000000000000000 ) ) ;
#381 = VECTOR ( 'NONE', #3453, 1000.000000000000000 ) ;
#382 = DIRECTION ( 'NONE',  ( 1.000000000000000000, 0.0000000000000000000, -4.358843076831536900E-015 ) ) ;
#383 = ORIENTED_EDGE ( 'NONE', *, *, #2342, .F. ) ;
#384 = APPLICATION_CONTEXT ( 'automotive_design' ) ;
#385 = VECTOR ( 'NONE', #3829, 1000.000000000000000 ) ;
#386 = EDGE_CURVE ( 'NONE', #4317, #2448, #4304, .T. ) ;
#387 = DIRECTION ( 'NONE',  ( -3.491481338843133400E-015, 0.0000000000000000000, -1.000000000000000000 ) ) ;
#388 = VECTOR ( 'NONE', #4375, 1000.000000000000000 ) ;
#389 = CARTESIAN_POINT ( 'NONE',  ( 3.491481338843133400E-015, 0.0000000000000000000, 1.000000000000000000 ) ) ;
#390 = ORIENTED_EDGE ( 'NONE', *, *, #3747, .F. ) ;
#391 = VECTOR ( 'NONE', #1839, 1000.000000000000000 ) ;
#392 = DIRECTION ( 'NONE',  ( 0.0000000000000000000, -1.000000000000000000, 0.0000000000000000000 ) ) ;
#393 = CARTESIAN_POINT ( 'NONE',  ( -0.3499999999999972000, 0.6655164807134507100, 0.7000000000000012900 ) ) ;
#394 = EDGE_CURVE ( 'NONE', #291, #1946, #894, .T. ) ;
#395 = PRESENTATION_STYLE_ASSIGNMENT (( #998 ) ) ;
#396 = CARTESIAN_POINT ( 'NONE',  ( -4.358843076831521100E-016, 0.05000000000000000300, -0.09999999999999964500 ) ) ;
#397 = ADVANCED_FACE ( 'NONE', ( #1479 ), #617, .T. ) ;
#398 = PLANE ( 'NONE',  #3578 ) ;
#399 = ORIENTED_EDGE ( 'NONE', *, *, #1352, .F. ) ;
#400 = LINE ( 'NONE', #1031, #3577 ) ;
#401 = AXIS2_PLACEMENT_3D ( 'NONE', #3870, #4201, #3513 ) ;
#402 =( LENGTH_UNIT ( ) NAMED_UNIT ( * ) SI_UNIT ( .MILLI., .METRE. ) );
#403 = PRODUCT_CONTEXT ( 'NONE', #419, 'mechanical' ) ;
#404 = EDGE_LOOP ( 'NONE', ( #2727, #730 ) ) ;
#405 = FACE_OUTER_BOUND ( 'NONE', #1591, .T. ) ;
#406 = EDGE_CURVE ( 'NONE', #3613, #3774, #2280, .T. ) ;
#407 = STYLED_ITEM ( 'NONE', ( #4291 ), #3754 ) ;
#408 = ORIENTED_EDGE ( 'NONE', *, *, #3913, .T. ) ;
#409 = VECTOR ( 'NONE', #770, 1000.000000000000000 ) ;
#410 = ORIENTED_EDGE ( 'NONE', *, *, #3087, .F. ) ;
#411 = ORIENTED_EDGE ( 'NONE', *, *, #3394, .F. ) ;
#412 = CARTESIAN_POINT ( 'NONE',  ( -0.3499999999999999200, 0.6655164807134507100, -0.09999999999999871500 ) ) ;
#413 = PLANE ( 'NONE',  #151 ) ;
#414 = VERTEX_POINT ( 'NONE', #342 ) ;
#415 = UNCERTAINTY_MEASURE_WITH_UNIT (LENGTH_MEASURE( 1.000000000000000100E-005 ), #838, 'distance_accuracy_value', 'NONE');
#416 = FACE_OUTER_BOUND ( 'NONE', #4267, .T. ) ;
#417 = DIRECTION ( 'NONE',  ( -3.491481338843133400E-015, 0.0000000000000000000, -1.000000000000000000 ) ) ;
#418 = VERTEX_POINT ( 'NONE', #1349 ) ;
#419 = APPLICATION_CONTEXT ( 'automotive_design' ) ;
#420 = LINE ( 'NONE', #2015, #1951 ) ;
#421 = CARTESIAN_POINT ( 'NONE',  ( 0.3499999999999998100, 0.05000000000000000300, -1.222018468595096100E-015 ) ) ;
#422 = EDGE_CURVE ( 'NONE', #2323, #1865, #1211, .T. ) ;
#423 = EDGE_CURVE ( 'NONE', #3485, #2529, #2830, .T. ) ;
#424 = ADVANCED_FACE ( 'NONE', ( #1900 ), #3094, .T. ) ;
#425 = DIRECTION ( 'NONE',  ( -1.000000000000000000, -1.807003620809174600E-016, 3.491481338843133400E-015 ) ) ;
#426 = CARTESIAN_POINT ( 'NONE',  ( -0.3499999999999993100, 0.6655164807134507100, 0.1000000000000009400 ) ) ;
#427 = LINE ( 'NONE', #2392, #3142 ) ;
#428 = DIRECTION ( 'NONE',  ( 0.0000000000000000000, 1.000000000000000000, 0.0000000000000000000 ) ) ;
#429 = VERTEX_POINT ( 'NONE', #1394 ) ;
#430 = PLANE ( 'NONE',  #1838 ) ;
#431 = ORIENTED_EDGE ( 'NONE', *, *, #3447, .F. ) ;
#432 = VECTOR ( 'NONE', #1713, 1000.000000000000000 ) ;
#433 = VERTEX_POINT ( 'NONE', #39 ) ;
#434 = CARTESIAN_POINT ( 'NONE',  ( 0.3500000000000015900, 0.0000000000000000000, 0.4999999999999986100 ) ) ;
#435 = CARTESIAN_POINT ( 'NONE',  ( -1.312059800427363900E-015, 0.05000000000000000300, -0.4999999999999996700 ) ) ;
#436 = EDGE_LOOP ( 'NONE', ( #3010, #3272, #4054, #1970 ) ) ;
#437 = VECTOR ( 'NONE', #1607, 1000.000000000000000 ) ;
#438 = ORIENTED_EDGE ( 'NONE', *, *, #3726, .T. ) ;
#439 = DIRECTION ( 'NONE',  ( -1.000000000000000000, 0.0000000000000000000, 2.624119600854729800E-015 ) ) ;
#440 = VERTEX_POINT ( 'NONE', #2408 ) ;
#441 = CARTESIAN_POINT ( 'NONE',  ( -0.8500000000000013100, 0.0000000000000000000, -0.4999999999999975000 ) ) ;
#442 = CARTESIAN_POINT ( 'NONE',  ( -0.3500000000000020300, 0.1270000000000000000, -0.6999999999999991800 ) ) ;
#443 = AXIS2_PLACEMENT_3D ( 'NONE', #2932, #1552, #3931 ) ;
#444 = LINE ( 'NONE', #978, #4218 ) ;
#445 = FACE_OUTER_BOUND ( 'NONE', #3618, .T. ) ;
#446 = CARTESIAN_POINT ( 'NONE',  ( -0.3499999999999985900, 0.0000000000000000000, 0.3000000000000013200 ) ) ;
#447 = EDGE_LOOP ( 'NONE', ( #84, #3773, #2078, #577 ) ) ;
#448 = DIRECTION ( 'NONE',  ( -1.000000000000000000, 0.0000000000000000000, 3.491481338843133400E-015 ) ) ;
#449 = ADVANCED_FACE ( 'NONE', ( #1010 ), #722, .T. ) ;
#450 = CARTESIAN_POINT ( 'NONE',  ( -0.3499999999999963100, 0.1269999999999999500, 0.9500000000000011800 ) ) ;
#451 = VECTOR ( 'NONE', #4057, 1000.000000000000000 ) ;
#452 = LINE ( 'NONE', #554, #3944 ) ;
#453 = ORIENTED_EDGE ( 'NONE', *, *, #3808, .T. ) ;
#454 = CARTESIAN_POINT ( 'NONE',  ( -0.3499999999999985900, 0.0000000000000000000, 0.3000000000000013200 ) ) ;
#455 = DIRECTION ( 'NONE',  ( 0.0000000000000000000, -1.000000000000000000, -0.0000000000000000000 ) ) ;
#456 = DIRECTION ( 'NONE',  ( 0.0000000000000000000, 1.000000000000000000, 0.0000000000000000000 ) ) ;
#457 = VECTOR ( 'NONE', #3354, 1000.000000000000000 ) ;
#458 = DIRECTION ( 'NONE',  ( 1.000000000000000000, 0.0000000000000000000, -3.787394640675466200E-015 ) ) ;
#459 = PLANE ( 'NONE',  #2982 ) ;
#460 = FACE_OUTER_BOUND ( 'NONE', #2834, .T. ) ;
#461 = CARTESIAN_POINT ( 'NONE',  ( -0.3499999999999985900, 0.04999999999999999600, 0.3000000000000013200 ) ) ;
#462 = EDGE_CURVE ( 'NONE', #605, #4189, #427, .T. ) ;
#463 = LINE ( 'NONE', #4, #3685 ) ;
#464 = AXIS2_PLACEMENT_3D ( 'NONE', #1359, #3809, #4152 ) ;
#465 = VECTOR ( 'NONE', #425, 1000.000000000000000 ) ;
#466 = DIRECTION ( 'NONE',  ( -1.000000000000000000, 0.0000000000000000000, 3.491481338843133400E-015 ) ) ;
#467 = CYLINDRICAL_SURFACE ( 'NONE', #3586, 0.08587978877417495900 ) ;
#468 = ADVANCED_FACE ( 'NONE', ( #3497 ), #4089, .T. ) ;
#469 = EDGE_CURVE ( 'NONE', #962, #2064, #2489, .T. ) ;
#470 = AXIS2_PLACEMENT_3D ( 'NONE', #1127, #145, #3488 ) ;
#471 = CARTESIAN_POINT ( 'NONE',  ( 0.4999999999999962300, 0.1269999999999999700, -0.9500000000000017300 ) ) ;
#472 = CARTESIAN_POINT ( 'NONE',  ( -0.6131416591870246800, 0.4500000000000000100, -0.7897957293225821300 ) ) ;
#473 = ORIENTED_EDGE ( 'NONE', *, *, #1797, .F. ) ;
#474 = MANIFOLD_SOLID_BREP ( 'Body-Move/Copy1[6]', #698 ) ;
#475 = LINE ( 'NONE', #752, #581 ) ;
#476 = DIRECTION ( 'NONE',  ( 1.000000000000000000, 0.0000000000000000000, -3.491481338843133400E-015 ) ) ;
#477 = CARTESIAN_POINT ( 'NONE',  ( -0.8499999999999985300, 0.1270000000000000000, 0.3000000000000026500 ) ) ;
#478 = ORIENTED_EDGE ( 'NONE', *, *, #2773, .T. ) ;
#479 = DIRECTION ( 'NONE',  ( 1.000000000000000000, 0.0000000000000000000, -4.358843076831536900E-015 ) ) ;
#480 = VECTOR ( 'NONE', #109, 1000.000000000000000 ) ;
#481 = EDGE_CURVE ( 'NONE', #2227, #3719, #4028, .T. ) ;
#482 = ORIENTED_EDGE ( 'NONE', *, *, #3326, .F. ) ;
#483 = CARTESIAN_POINT ( 'NONE',  ( 0.3499999999999963100, 0.07699999999999997100, -0.9500000000000011800 ) ) ;
#484 = VECTOR ( 'NONE', #1389, 1000.000000000000000 ) ;
#485 = ORIENTED_EDGE ( 'NONE', *, *, #1771, .F. ) ;
#486 = ORIENTED_EDGE ( 'NONE', *, *, #2088, .F. ) ;
#487 = AXIS2_PLACEMENT_3D ( 'NONE', #1815, #1448, #476 ) ;
#488 = VERTEX_POINT ( 'NONE', #1720 ) ;
#489 = CIRCLE ( 'NONE', #943, 0.08587978877417495900 ) ;
#490 = CARTESIAN_POINT ( 'NONE',  ( -0.3499999999999999200, 0.1269999999999999500, -0.09999999999999871500 ) ) ;
#491 = ORIENTED_EDGE ( 'NONE', *, *, #1979, .T. ) ;
#492 = VERTEX_POINT ( 'NONE', #2792 ) ;
#493 = CARTESIAN_POINT ( 'NONE',  ( -0.8500000000000020900, 0.1270000000000000000, -0.6999999999999974000 ) ) ;
#494 = LINE ( 'NONE', #1936, #4373 ) ;
#495 = DIRECTION ( 'NONE',  ( -3.491481338843133700E-015, 0.0000000000000000000, -1.000000000000000000 ) ) ;
#496 = EDGE_CURVE ( 'NONE', #3301, #2049, #2224, .T. ) ;
#497 = AXIS2_PLACEMENT_3D ( 'NONE', #2121, #1415, #3149 ) ;
#498 = EDGE_LOOP ( 'NONE', ( #4015, #1228, #4068, #673 ) ) ;
#499 = VERTEX_POINT ( 'NONE', #1056 ) ;
#500 = VECTOR ( 'NONE', #3542, 1000.000000000000000 ) ;
#501 = LINE ( 'NONE', #483, #1398 ) ;
#502 = FILL_AREA_STYLE_COLOUR ( '', #3481 ) ;
#503 = ORIENTED_EDGE ( 'NONE', *, *, #2914, .T. ) ;
#504 = LINE ( 'NONE', #518, #391 ) ;
#505 = EDGE_CURVE ( 'NONE', #4369, #2806, #4299, .T. ) ;
#506 = CARTESIAN_POINT ( 'NONE',  ( 0.4999999999999962300, 0.07699999999999997100, -0.9500000000000017300 ) ) ;
#507 = LINE ( 'NONE', #2350, #3948 ) ;
#508 = CARTESIAN_POINT ( 'NONE',  ( 0.3499999999999973700, 0.6655164807134507100, -0.7000000000000015100 ) ) ;
#509 = CARTESIAN_POINT ( 'NONE',  ( 0.8500000000000004200, 0.1270000000000000000, 0.09999999999999675800 ) ) ;
#510 = EDGE_CURVE ( 'NONE', #1917, #1777, #3820, .T. ) ;
#511 = EDGE_CURVE ( 'NONE', #963, #2719, #2344, .T. ) ;
#512 = CARTESIAN_POINT ( 'NONE',  ( 0.3500000000000029800, 0.1270000000000000000, 0.8999999999999985800 ) ) ;
#513 = DIRECTION ( 'NONE',  ( -3.491481338843133400E-015, 0.0000000000000000000, -1.000000000000000000 ) ) ;
#514 = VERTEX_POINT ( 'NONE', #454 ) ;
#515 = LINE ( 'NONE', #602, #3127 ) ;
#516 = AXIS2_PLACEMENT_3D ( 'NONE', #1518, #2879, #546 ) ;
#517 = ORIENTED_EDGE ( 'NONE', *, *, #1993, .T. ) ;
#518 = CARTESIAN_POINT ( 'NONE',  ( 0.8500000000000025300, 0.0000000000000000000, 0.6999999999999967400 ) ) ;
#519 = VERTEX_POINT ( 'NONE', #1108 ) ;
#520 = AXIS2_PLACEMENT_3D ( 'NONE', #2255, #2609, #2565 ) ;
#521 = PLANE ( 'NONE',  #4039 ) ;
#522 = VECTOR ( 'NONE', #7, 1000.000000000000000 ) ;
#523 = DIRECTION ( 'NONE',  ( -1.000000000000000000, -0.0000000000000000000, 3.491481338843133400E-015 ) ) ;
#524 = EDGE_LOOP ( 'NONE', ( #3823, #1393, #2231, #2429 ) ) ;
#525 = AXIS2_PLACEMENT_3D ( 'NONE', #823, #1102, #135 ) ;
#526 = LINE ( 'NONE', #3990, #3651 ) ;
#527 =( NAMED_UNIT ( * ) PLANE_ANGLE_UNIT ( ) SI_UNIT ( $, .RADIAN. ) );
#528 = DIRECTION ( 'NONE',  ( 3.708321773340234200E-015, 0.0000000000000000000, 1.000000000000000000 ) ) ;
#529 = ORIENTED_EDGE ( 'NONE', *, *, #2161, .F. ) ;
#530 = DIRECTION ( 'NONE',  ( 1.000000000000000000, 0.0000000000000000000, -2.624119600854729800E-015 ) ) ;
#531 = CARTESIAN_POINT ( 'NONE',  ( 0.3499999999999967000, 0.1269999999999999500, -0.9000000000000011300 ) ) ;
#532 = PLANE ( 'NONE',  #3867 ) ;
#533 = ORIENTED_EDGE ( 'NONE', *, *, #3290, .T. ) ;
#534 = ORIENTED_EDGE ( 'NONE', *, *, #3544, .F. ) ;
#535 = EDGE_CURVE ( 'NONE', #4350, #1917, #3344, .T. ) ;
#536 = LINE ( 'NONE', #2343, #3558 ) ;
#537 = VERTEX_POINT ( 'NONE', #791 ) ;
#538 = DIRECTION ( 'NONE',  ( -1.000000000000000000, -0.0000000000000000000, 4.358843076831536900E-015 ) ) ;
#539 = ORIENTED_EDGE ( 'NONE', *, *, #2532, .T. ) ;
#540 = VERTEX_POINT ( 'NONE', #2168 ) ;
#541 = ORIENTED_EDGE ( 'NONE', *, *, #2857, .T. ) ;
#542 = CARTESIAN_POINT ( 'NONE',  ( -0.3500000000000013700, 0.0000000000000000000, -0.4999999999999988300 ) ) ;
#543 = FACE_OUTER_BOUND ( 'NONE', #3610, .T. ) ;
#544 = LINE ( 'NONE', #618, #1339 ) ;
#545 = EDGE_LOOP ( 'NONE', ( #814, #2757, #3430, #1763 ) ) ;
#546 = DIRECTION ( 'NONE',  ( 1.000000000000000000, 0.0000000000000000000, -2.624119600854729800E-015 ) ) ;
#547 = CARTESIAN_POINT ( 'NONE',  ( 0.3499999999999995300, 0.1270000000000000000, -0.1000000000000011600 ) ) ;
#548 = MANIFOLD_SOLID_BREP ( 'Body-Move/Copy1[13]', #1060 ) ;
#549 = EDGE_CURVE ( 'NONE', #263, #704, #3738, .T. ) ;
#550 = MECHANICAL_DESIGN_GEOMETRIC_PRESENTATION_REPRESENTATION (  '', ( #407 ), #1229 ) ;
#551 = LINE ( 'NONE', #3493, #2517 ) ;
#552 = ADVANCED_FACE ( 'NONE', ( #142 ), #3183, .F. ) ;
#553 = PLANE ( 'NONE',  #1878 ) ;
#554 = CARTESIAN_POINT ( 'NONE',  ( 0.8499999999999989800, 0.6655164807134507100, -0.3000000000000033200 ) ) ;
#555 = VECTOR ( 'NONE', #1420, 1000.000000000000000 ) ;
#556 = DIRECTION ( 'NONE',  ( -3.491481338843133400E-015, 0.0000000000000000000, -1.000000000000000000 ) ) ;
#557 = VECTOR ( 'NONE', #1800, 1000.000000000000000 ) ;
#558 = CARTESIAN_POINT ( 'NONE',  ( 0.4999999999999962300, 0.1269999999999999700, -0.9500000000000017300 ) ) ;
#559 = CARTESIAN_POINT ( 'NONE',  ( 0.8499999999999983100, 0.6655164807134507100, -0.5000000000000033300 ) ) ;
#560 = EDGE_CURVE ( 'NONE', #3180, #1374, #1710, .T. ) ;
#561 = ORIENTED_EDGE ( 'NONE', *, *, #1074, .F. ) ;
#562 = VECTOR ( 'NONE', #3021, 1000.000000000000000 ) ;
#563 = DIRECTION ( 'NONE',  ( -3.491481338843133400E-015, 0.0000000000000000000, -1.000000000000000000 ) ) ;
#564 = EDGE_CURVE ( 'NONE', #4316, #1907, #825, .T. ) ;
#565 = ORIENTED_EDGE ( 'NONE', *, *, #1919, .T. ) ;
#566 = CARTESIAN_POINT ( 'NONE',  ( -0.3499999999999993100, 0.1269999999999999500, 0.1000000000000009400 ) ) ;
#567 = LINE ( 'NONE', #3534, #2371 ) ;
#568 = ORIENTED_EDGE ( 'NONE', *, *, #3381, .F. ) ;
#569 = ORIENTED_EDGE ( 'NONE', *, *, #2341, .F. ) ;
#570 = DIRECTION ( 'NONE',  ( 0.0000000000000000000, 1.000000000000000000, 0.0000000000000000000 ) ) ;
#571 = DIRECTION ( 'NONE',  ( 1.000000000000000000, 0.0000000000000000000, -4.358843076831536900E-015 ) ) ;
#572 = CARTESIAN_POINT ( 'NONE',  ( 0.4999999999999962300, 0.07699999999999997100, -0.9500000000000017300 ) ) ;
#573 = CARTESIAN_POINT ( 'NONE',  ( -0.3499999999999985900, 0.6655164807134507100, 0.3000000000000013200 ) ) ;
#574 = AXIS2_PLACEMENT_3D ( 'NONE', #1618, #4346, #3624 ) ;
#575 = ORIENTED_EDGE ( 'NONE', *, *, #714, .F. ) ;
#576 = FACE_OUTER_BOUND ( 'NONE', #3881, .T. ) ;
#577 = ORIENTED_EDGE ( 'NONE', *, *, #4184, .T. ) ;
#578 = ADVANCED_FACE ( 'NONE', ( #3077 ), #2451, .T. ) ;
#579 = DIRECTION ( 'NONE',  ( 0.0000000000000000000, -1.000000000000000000, -0.0000000000000000000 ) ) ;
#580 = CARTESIAN_POINT ( 'NONE',  ( -0.4999999999999962300, 0.1269999999999999700, 0.9500000000000017300 ) ) ;
#581 = VECTOR ( 'NONE', #3751, 1000.000000000000000 ) ;
#582 = STYLED_ITEM ( 'NONE', ( #1852 ), #2738 ) ;
#583 = CARTESIAN_POINT ( 'NONE',  ( 0.3500000000000030900, 0.1269999999999999500, 0.9999999999999986700 ) ) ;
#584 = DIRECTION ( 'NONE',  ( 0.0000000000000000000, -1.000000000000000000, -0.0000000000000000000 ) ) ;
#585 = DIRECTION ( 'NONE',  ( 1.000000000000000000, 1.807003620809174600E-016, -3.491481338843133400E-015 ) ) ;
#586 = CARTESIAN_POINT ( 'NONE',  ( -0.4999999999999967800, 0.1269999999999999700, 0.7918861169915827300 ) ) ;
#587 = VECTOR ( 'NONE', #1623, 1000.000000000000000 ) ;
#588 = ORIENTED_EDGE ( 'NONE', *, *, #4190, .T. ) ;
#589 = LINE ( 'NONE', #1880, #3607 ) ;
#590 =( NAMED_UNIT ( * ) SI_UNIT ( $, .STERADIAN. ) SOLID_ANGLE_UNIT ( ) );
#591 = VERTEX_POINT ( 'NONE', #1152 ) ;
#592 = ORIENTED_EDGE ( 'NONE', *, *, #4302, .F. ) ;
#593 = EDGE_LOOP ( 'NONE', ( #2965, #4323, #486, #2360 ) ) ;
#594 = EDGE_LOOP ( 'NONE', ( #91, #1330, #653, #3130 ) ) ;
#595 = FACE_OUTER_BOUND ( 'NONE', #436, .T. ) ;
#596 = DIRECTION ( 'NONE',  ( -1.000000000000000000, 0.0000000000000000000, 3.491481338843133400E-015 ) ) ;
#597 = ORIENTED_EDGE ( 'NONE', *, *, #4078, .T. ) ;
#598 = EDGE_LOOP ( 'NONE', ( #2501, #856, #1204, #847, #2357, #3126, #3862, #3052, #3666, #851, #2230, #3306, #3640, #4185, #904, #2603, #3286, #2656, #3527, #72, #2185, #2131, #182, #694, #2973, #735, #1964, #2573, #1807, #3961, #2160, #3366, #2749, #256, #3206, #473, #2949, #1334, #3413, #4007, #3821, #2279 ) ) ;
#599 = EDGE_CURVE ( 'NONE', #787, #1805, #3629, .T. ) ;
#600 = VECTOR ( 'NONE', #18, 1000.000000000000000 ) ;
#601 = DIRECTION ( 'NONE',  ( 0.0000000000000000000, 1.000000000000000000, 0.0000000000000000000 ) ) ;
#602 = CARTESIAN_POINT ( 'NONE',  ( 0.8499999999999969800, 3.624880949681338600, -1.000000000000003100 ) ) ;
#603 = DIRECTION ( 'NONE',  ( -1.000000000000000000, 0.0000000000000000000, 3.491481338843133400E-015 ) ) ;
#604 = DIRECTION ( 'NONE',  ( 0.0000000000000000000, -1.000000000000000000, 0.0000000000000000000 ) ) ;
#605 = VERTEX_POINT ( 'NONE', #3143 ) ;
#606 = VERTEX_POINT ( 'NONE', #3843 ) ;
#607 = LINE ( 'NONE', #3529, #3067 ) ;
#608 = ADVANCED_FACE ( 'NONE', ( #870 ), #3813, .F. ) ;
#609 = UNCERTAINTY_MEASURE_WITH_UNIT (LENGTH_MEASURE( 1.000000000000000100E-005 ), #2716, 'distance_accuracy_value', 'NONE');
#610 = ORIENTED_EDGE ( 'NONE', *, *, #199, .T. ) ;
#611 = CARTESIAN_POINT ( 'NONE',  ( 0.3500000000000029800, 0.0000000000000000000, 0.8999999999999985800 ) ) ;
#612 = DIRECTION ( 'NONE',  ( -1.000000000000000000, 0.0000000000000000000, 3.787394640675466200E-015 ) ) ;
#613 = PRODUCT_DEFINITION ( 'UNKNOWN', '', #1965, #139 ) ;
#614 = ORIENTED_EDGE ( 'NONE', *, *, #957, .F. ) ;
#615 = LINE ( 'NONE', #3429, #3220 ) ;
#616 = ORIENTED_EDGE ( 'NONE', *, *, #307, .T. ) ;
#617 = PLANE ( 'NONE',  #657 ) ;
#618 = CARTESIAN_POINT ( 'NONE',  ( -0.8499999999999999800, 0.0000000000000000000, -0.09999999999999739700 ) ) ;
#619 = CARTESIAN_POINT ( 'NONE',  ( 0.4999999999999962300, 0.1269999999999999700, -0.9500000000000017300 ) ) ;
#620 = FACE_OUTER_BOUND ( 'NONE', #2607, .T. ) ;
#621 = ORIENTED_EDGE ( 'NONE', *, *, #367, .T. ) ;
#622 = VECTOR ( 'NONE', #1273, 1000.000000000000000 ) ;
#623 = CARTESIAN_POINT ( 'NONE',  ( 0.3500000000000015900, 0.1270000000000000000, 0.4999999999999986100 ) ) ;
#624 = DIRECTION ( 'NONE',  ( 3.708321773340234200E-015, 0.0000000000000000000, 1.000000000000000000 ) ) ;
#625 = VECTOR ( 'NONE', #931, 1000.000000000000000 ) ;
#626 = EDGE_CURVE ( 'NONE', #647, #1158, #2751, .T. ) ;
#627 = SURFACE_STYLE_USAGE ( .BOTH. , #1242 ) ;
#628 = ORIENTED_EDGE ( 'NONE', *, *, #3461, .T. ) ;
#629 = SURFACE_STYLE_FILL_AREA ( #1070 ) ;
#630 = DIRECTION ( 'NONE',  ( 3.491481338843133700E-015, 0.0000000000000000000, 1.000000000000000000 ) ) ;
#631 = LINE ( 'NONE', #4386, #1423 ) ;
#632 = DIRECTION ( 'NONE',  ( 3.491481338843133700E-015, 0.0000000000000000000, 1.000000000000000000 ) ) ;
#633 = CARTESIAN_POINT ( 'NONE',  ( 0.8499999999999969800, 3.624880949681338600, -1.000000000000003100 ) ) ;
#634 = EDGE_CURVE ( 'NONE', #1494, #4126, #3800, .T. ) ;
#635 = ORIENTED_EDGE ( 'NONE', *, *, #1580, .F. ) ;
#636 = AXIS2_PLACEMENT_3D ( 'NONE', #961, #229, #1923 ) ;
#637 = FACE_OUTER_BOUND ( 'NONE', #2902, .T. ) ;
#638 = CARTESIAN_POINT ( 'NONE',  ( -0.8499999999999965400, 0.0000000000000000000, 0.9000000000000026900 ) ) ;
#639 = ORIENTED_EDGE ( 'NONE', *, *, #2988, .T. ) ;
#640 = PLANE ( 'NONE',  #2162 ) ;
#641 = VERTEX_POINT ( 'NONE', #2535 ) ;
#642 = DIRECTION ( 'NONE',  ( -1.000000000000000000, 0.0000000000000000000, 3.491481338843133400E-015 ) ) ;
#643 = DIRECTION ( 'NONE',  ( 0.0000000000000000000, 1.000000000000000000, 0.0000000000000000000 ) ) ;
#644 = ORIENTED_EDGE ( 'NONE', *, *, #44, .T. ) ;
#645 = CARTESIAN_POINT ( 'NONE',  ( -0.4999999999999961100, 0.1269999999999999700, 1.000000000000001800 ) ) ;
#646 = LINE ( 'NONE', #4081, #2998 ) ;
#647 = VERTEX_POINT ( 'NONE', #777 ) ;
#648 = ADVANCED_FACE ( 'NONE', ( #3171 ), #4281, .F. ) ;
#649 = VERTEX_POINT ( 'NONE', #2546 ) ;
#650 = EDGE_CURVE ( 'NONE', #862, #1995, #3528, .T. ) ;
#651 = LINE ( 'NONE', #2935, #1122 ) ;
#652 = ORIENTED_EDGE ( 'NONE', *, *, #1533, .T. ) ;
#653 = ORIENTED_EDGE ( 'NONE', *, *, #2954, .T. ) ;
#654 = CARTESIAN_POINT ( 'NONE',  ( -5.586370142149013400E-015, 0.1270000000000000000, -1.600000000000000100 ) ) ;
#655 = CARTESIAN_POINT ( 'NONE',  ( 0.5000000000000028900, 0.1269999999999999700, 0.9499999999999982900 ) ) ;
#656 = LINE ( 'NONE', #301, #1233 ) ;
#657 = AXIS2_PLACEMENT_3D ( 'NONE', #983, #2055, #2082 ) ;
#658 = ORIENTED_EDGE ( 'NONE', *, *, #844, .F. ) ;
#659 = CARTESIAN_POINT ( 'NONE',  ( 0.5000000000000030000, 0.1269999999999999700, 0.9999999999999983300 ) ) ;
#660 = DIRECTION ( 'NONE',  ( 0.0000000000000000000, -1.000000000000000000, -0.0000000000000000000 ) ) ;
#661 = DIRECTION ( 'NONE',  ( 0.0000000000000000000, -1.000000000000000000, -0.0000000000000000000 ) ) ;
#662 = LINE ( 'NONE', #4169, #1817 ) ;
#663 = DIRECTION ( 'NONE',  ( 0.0000000000000000000, -1.000000000000000000, 0.0000000000000000000 ) ) ;
#664 = VERTEX_POINT ( 'NONE', #3595 ) ;
#665 = AXIS2_PLACEMENT_3D ( 'NONE', #1341, #3379, #3113 ) ;
#666 = VECTOR ( 'NONE', #382, 1000.000000000000000 ) ;
#667 = CARTESIAN_POINT ( 'NONE',  ( -0.8500000000000027500, 0.1270000000000000000, -0.8999999999999974700 ) ) ;
#668 = ORIENTED_EDGE ( 'NONE', *, *, #155, .T. ) ;
#669 = ORIENTED_EDGE ( 'NONE', *, *, #2173, .T. ) ;
#670 = AXIS2_PLACEMENT_3D ( 'NONE', #586, #921, #3305 ) ;
#671 = ADVANCED_FACE ( 'NONE', ( #1353 ), #842, .T. ) ;
#672 = DIRECTION ( 'NONE',  ( -1.000000000000000000, 0.0000000000000000000, 3.491481338843133400E-015 ) ) ;
#673 = ORIENTED_EDGE ( 'NONE', *, *, #4351, .T. ) ;
#674 = EDGE_CURVE ( 'NONE', #2503, #2678, #1877, .T. ) ;
#675 = FACE_OUTER_BOUND ( 'NONE', #1141, .T. ) ;
#676 = ORIENTED_EDGE ( 'NONE', *, *, #423, .T. ) ;
#677 = ORIENTED_EDGE ( 'NONE', *, *, #3880, .T. ) ;
#678 = CARTESIAN_POINT ( 'NONE',  ( 0.3499999999999998100, 0.05000000000000000300, -1.222018468595096100E-015 ) ) ;
#679 = CARTESIAN_POINT ( 'NONE',  ( 0.3499999999999980900, 0.1269999999999999500, -0.5000000000000012200 ) ) ;
#680 = LINE ( 'NONE', #1808, #409 ) ;
#681 = VERTEX_POINT ( 'NONE', #2564 ) ;
#682 = DIRECTION ( 'NONE',  ( 1.000000000000000000, 0.0000000000000000000, -3.491481338843133400E-015 ) ) ;
#683 = DIRECTION ( 'NONE',  ( -3.491481338843133400E-015, 0.0000000000000000000, -1.000000000000000000 ) ) ;
#684 = VECTOR ( 'NONE', #456, 1000.000000000000000 ) ;
#685 = ORIENTED_EDGE ( 'NONE', *, *, #2298, .F. ) ;
#686 =( LENGTH_UNIT ( ) NAMED_UNIT ( * ) SI_UNIT ( .MILLI., .METRE. ) );
#687 = EDGE_CURVE ( 'NONE', #1468, #272, #2808, .T. ) ;
#688 = CARTESIAN_POINT ( 'NONE',  ( 0.8499999999999983100, 0.04999999999999999600, -0.5000000000000033300 ) ) ;
#689 = LINE ( 'NONE', #1217, #2332 ) ;
#690 = DIRECTION ( 'NONE',  ( 3.491481338843133400E-015, 0.0000000000000000000, 1.000000000000000000 ) ) ;
#691 = DIRECTION ( 'NONE',  ( 0.0000000000000000000, -1.000000000000000000, -0.0000000000000000000 ) ) ;
#692 =( NAMED_UNIT ( * ) SI_UNIT ( $, .STERADIAN. ) SOLID_ANGLE_UNIT ( ) );
#693 = ADVANCED_FACE ( 'NONE', ( #2475 ), #532, .T. ) ;
#694 = ORIENTED_EDGE ( 'NONE', *, *, #122, .F. ) ;
#695 = CARTESIAN_POINT ( 'NONE',  ( -0.3499999999999964800, 0.6655164807134507100, 0.9000000000000009100 ) ) ;
#696 = LINE ( 'NONE', #3648, #1585 ) ;
#697 = EDGE_CURVE ( 'NONE', #1543, #65, #2148, .T. ) ;
#698 = CLOSED_SHELL ( 'NONE', ( #3708, #1789, #3687, #2362, #1761, #1480 ) ) ;
#699 = DIRECTION ( 'NONE',  ( 0.0000000000000000000, -1.000000000000000000, -0.0000000000000000000 ) ) ;
#700 = FACE_OUTER_BOUND ( 'NONE', #976, .T. ) ;
#701 = EDGE_LOOP ( 'NONE', ( #1308, #3470, #2614, #4032 ) ) ;
#702 = CARTESIAN_POINT ( 'NONE',  ( -0.8499999999999999800, 0.1269999999999999500, -0.09999999999999739700 ) ) ;
#703 = VERTEX_POINT ( 'NONE', #2180 ) ;
#704 = VERTEX_POINT ( 'NONE', #1197 ) ;
#705 = VECTOR ( 'NONE', #3135, 1000.000000000000000 ) ;
#706 = CARTESIAN_POINT ( 'NONE',  ( 0.8500000000000017500, 0.1270000000000000000, 0.4999999999999968900 ) ) ;
#707 = EDGE_LOOP ( 'NONE', ( #753, #1086, #3552, #3117 ) ) ;
#708 = CARTESIAN_POINT ( 'NONE',  ( -1.047444401652941200E-015, 0.05000000000000000300, -0.3000000000000003800 ) ) ;
#709 = CARTESIAN_POINT ( 'NONE',  ( -0.4999999999999962300, 0.07699999999999997100, 0.9500000000000017300 ) ) ;
#710 = ORIENTED_EDGE ( 'NONE', *, *, #2440, .F. ) ;
#711 = LINE ( 'NONE', #92, #2241 ) ;
#712 = ORIENTED_EDGE ( 'NONE', *, *, #2538, .F. ) ;
#713 = CARTESIAN_POINT ( 'NONE',  ( 0.8500000000000012000, 0.1270000000000000000, 0.2999999999999966600 ) ) ;
#714 = EDGE_CURVE ( 'NONE', #3180, #1875, #1655, .T. ) ;
#715 = FACE_OUTER_BOUND ( 'NONE', #2840, .T. ) ;
#716 = VECTOR ( 'NONE', #3849, 1000.000000000000000 ) ;
#717 = CARTESIAN_POINT ( 'NONE',  ( 0.8499999999999968700, 0.6655164807134507100, -0.9000000000000033500 ) ) ;
#718 = ADVANCED_FACE ( 'NONE', ( #1557 ), #157, .F. ) ;
#719 = DIRECTION ( 'NONE',  ( 2.624119600854729800E-015, -0.0000000000000000000, 1.000000000000000000 ) ) ;
#720 =( GEOMETRIC_REPRESENTATION_CONTEXT ( 3 ) GLOBAL_UNCERTAINTY_ASSIGNED_CONTEXT ( ( #2182 ) ) GLOBAL_UNIT_ASSIGNED_CONTEXT ( ( #4368, #1658, #4067 ) ) REPRESENTATION_CONTEXT ( 'NONE', 'WORKASPACE' ) );
#721 = ORIENTED_EDGE ( 'NONE', *, *, #1960, .T. ) ;
#722 = PLANE ( 'NONE',  #3691 ) ;
#723 =( LENGTH_UNIT ( ) NAMED_UNIT ( * ) SI_UNIT ( .MILLI., .METRE. ) );
#724 = CARTESIAN_POINT ( 'NONE',  ( -4.189777606611760000E-015, 0.1270000000000000000, -1.200000000000000200 ) ) ;
#725 = VERTEX_POINT ( 'NONE', #3212 ) ;
#726 = LINE ( 'NONE', #3857, #4000 ) ;
#727 = AXIS2_PLACEMENT_3D ( 'NONE', #1239, #864, #3937 ) ;
#728 = VECTOR ( 'NONE', #1941, 1000.000000000000000 ) ;
#729 = PLANE ( 'NONE',  #665 ) ;
#730 = ORIENTED_EDGE ( 'NONE', *, *, #1450, .F. ) ;
#731 = CARTESIAN_POINT ( 'NONE',  ( 0.3499999999999980900, 0.6655164807134507100, -0.5000000000000012200 ) ) ;
#732 = ORIENTED_EDGE ( 'NONE', *, *, #2003, .T. ) ;
#733 = CARTESIAN_POINT ( 'NONE',  ( -0.3500000000000013700, 0.1270000000000000000, -0.4999999999999988300 ) ) ;
#734 = VERTEX_POINT ( 'NONE', #169 ) ;
#735 = ORIENTED_EDGE ( 'NONE', *, *, #4135, .F. ) ;
#736 = LINE ( 'NONE', #435, #2431 ) ;
#737 = DIRECTION ( 'NONE',  ( -3.491481338843133400E-015, 0.0000000000000000000, -1.000000000000000000 ) ) ;
#738 = DIRECTION ( 'NONE',  ( 3.491481338843133400E-015, 0.0000000000000000000, 1.000000000000000000 ) ) ;
#739 = EDGE_LOOP ( 'NONE', ( #979, #2457, #2557, #1221 ) ) ;
#740 = VECTOR ( 'NONE', #2421, 1000.000000000000000 ) ;
#741 = EDGE_CURVE ( 'NONE', #704, #2821, #3850, .T. ) ;
#742 = ADVANCED_FACE ( 'NONE', ( #989 ), #2924, .T. ) ;
#743 = SURFACE_SIDE_STYLE ('',( #2962 ) ) ;
#744 = CARTESIAN_POINT ( 'NONE',  ( 3.491481338843123500E-016, 0.05000000000000000300, 0.09999999999999971400 ) ) ;
#745 = VERTEX_POINT ( 'NONE', #1842 ) ;
#746 = FACE_OUTER_BOUND ( 'NONE', #2249, .T. ) ;
#747 = CARTESIAN_POINT ( 'NONE',  ( 0.8499999999999968700, 0.1269999999999999500, -0.9000000000000033500 ) ) ;
#748 = DIRECTION ( 'NONE',  ( -1.000000000000000000, 0.0000000000000000000, 3.491481338843133400E-015 ) ) ;
#749 = VECTOR ( 'NONE', #4296, 1000.000000000000000 ) ;
#750 = CARTESIAN_POINT ( 'NONE',  ( 0.3499999999999980900, 0.1270000000000000000, -0.5000000000000012200 ) ) ;
#751 =( NAMED_UNIT ( * ) SI_UNIT ( $, .STERADIAN. ) SOLID_ANGLE_UNIT ( ) );
#752 = CARTESIAN_POINT ( 'NONE',  ( -0.8499999999999965400, 0.1270000000000000000, 0.9000000000000026900 ) ) ;
#753 = ORIENTED_EDGE ( 'NONE', *, *, #697, .T. ) ;
#754 = ORIENTED_EDGE ( 'NONE', *, *, #1355, .F. ) ;
#755 = ORIENTED_EDGE ( 'NONE', *, *, #1740, .T. ) ;
#756 = ORIENTED_EDGE ( 'NONE', *, *, #3360, .F. ) ;
#757 = AXIS2_PLACEMENT_3D ( 'NONE', #2679, #4408, #1645 ) ;
#758 = VERTEX_POINT ( 'NONE', #4238 ) ;
#759 = DIRECTION ( 'NONE',  ( 0.0000000000000000000, -1.000000000000000000, -0.0000000000000000000 ) ) ;
#760 = VERTEX_POINT ( 'NONE', #493 ) ;
#761 = ADVANCED_FACE ( 'NONE', ( #460 ), #4251, .F. ) ;
#762 = CARTESIAN_POINT ( 'NONE',  ( 0.8499999999999989800, 0.1269999999999999500, -0.3000000000000033200 ) ) ;
#763 = VERTEX_POINT ( 'NONE', #1505 ) ;
#764 = DIRECTION ( 'NONE',  ( -3.491481338843133400E-015, 0.0000000000000000000, -1.000000000000000000 ) ) ;
#765 = CARTESIAN_POINT ( 'NONE',  ( 0.3500000000000008700, 0.1270000000000000000, 0.2999999999999988200 ) ) ;
#766 = CARTESIAN_POINT ( 'NONE',  ( -0.3499999999999999200, 0.6655164807134507100, -0.09999999999999871500 ) ) ;
#767 = EDGE_LOOP ( 'NONE', ( #1927, #17, #1906, #1937 ) ) ;
#768 = VERTEX_POINT ( 'NONE', #187 ) ;
#769 = LINE ( 'NONE', #344, #3019 ) ;
#770 = DIRECTION ( 'NONE',  ( 1.000000000000000000, 0.0000000000000000000, -2.624119600854729800E-015 ) ) ;
#771 = DIRECTION ( 'NONE',  ( 1.000000000000000000, 0.0000000000000000000, -3.787394640675466200E-015 ) ) ;
#772 = EDGE_CURVE ( 'NONE', #1410, #2568, #247, .T. ) ;
#773 = ORIENTED_EDGE ( 'NONE', *, *, #2361, .F. ) ;
#774 = LINE ( 'NONE', #1476, #4276 ) ;
#775 = DIRECTION ( 'NONE',  ( -3.491481338843133400E-015, 0.0000000000000000000, -1.000000000000000000 ) ) ;
#776 = FACE_OUTER_BOUND ( 'NONE', #3489, .T. ) ;
#777 = CARTESIAN_POINT ( 'NONE',  ( 0.3500000000000015900, 0.04999999999999999600, 0.4999999999999986100 ) ) ;
#778 = CARTESIAN_POINT ( 'NONE',  ( -2.444036937190194500E-015, 0.05000000000000000300, -0.7000000000000002900 ) ) ;
#779 = VERTEX_POINT ( 'NONE', #297 ) ;
#780 = ADVANCED_FACE ( 'NONE', ( #776 ), #2696, .F. ) ;
#781 = EDGE_CURVE ( 'NONE', #1777, #3457, #927, .T. ) ;
#782 = DIRECTION ( 'NONE',  ( -3.491481338843133700E-015, 0.0000000000000000000, -1.000000000000000000 ) ) ;
#783 = PLANE ( 'NONE',  #2398 ) ;
#784 = VECTOR ( 'NONE', #2347, 1000.000000000000000 ) ;
#785 = ORIENTED_EDGE ( 'NONE', *, *, #916, .T. ) ;
#786 = ORIENTED_EDGE ( 'NONE', *, *, #2583, .T. ) ;
#787 = VERTEX_POINT ( 'NONE', #1347 ) ;
#788 = CARTESIAN_POINT ( 'NONE',  ( 0.3499999999999995300, 0.1269999999999999500, -0.1000000000000011600 ) ) ;
#789 = SURFACE_STYLE_FILL_AREA ( #3289 ) ;
#790 = DIRECTION ( 'NONE',  ( 1.000000000000000000, 0.0000000000000000000, -3.491481338843133400E-015 ) ) ;
#791 = CARTESIAN_POINT ( 'NONE',  ( 0.4999999999999961100, 0.1269999999999999700, -1.000000000000001800 ) ) ;
#792 = DIRECTION ( 'NONE',  ( 2.624119600854729800E-015, -0.0000000000000000000, 1.000000000000000000 ) ) ;
#793 = VECTOR ( 'NONE', #3964, 1000.000000000000000 ) ;
#794 = CARTESIAN_POINT ( 'NONE',  ( 1.745740669421565900E-015, 0.05000000000000000300, 0.4999999999999997800 ) ) ;
#795 = EDGE_CURVE ( 'NONE', #2866, #3355, #2970, .T. ) ;
#796 = EDGE_CURVE ( 'NONE', #4095, #2403, #1135, .T. ) ;
#797 = DIRECTION ( 'NONE',  ( 1.000000000000000000, 0.0000000000000000000, -3.491481338843133400E-015 ) ) ;
#798 = DIRECTION ( 'NONE',  ( -1.000000000000000000, 0.0000000000000000000, 3.491481338843133400E-015 ) ) ;
#799 = CARTESIAN_POINT ( 'NONE',  ( 0.3499999999999967000, 0.1270000000000000000, -0.9000000000000011300 ) ) ;
#800 = EDGE_CURVE ( 'NONE', #883, #1219, #3952, .T. ) ;
#801 = AXIS2_PLACEMENT_3D ( 'NONE', #350, #4147, #1414 ) ;
#802 = CARTESIAN_POINT ( 'NONE',  ( 0.8499999999999969800, 0.05000000000000000300, -1.000000000000003100 ) ) ;
#803 = LINE ( 'NONE', #1599, #4254 ) ;
#804 = ADVANCED_FACE ( 'NONE', ( #3477 ), #2363, .T. ) ;
#805 = DIRECTION ( 'NONE',  ( 1.000000000000000000, 0.0000000000000000000, -3.491481338843133400E-015 ) ) ;
#806 = ORIENTED_EDGE ( 'NONE', *, *, #1675, .F. ) ;
#807 = FACE_OUTER_BOUND ( 'NONE', #3950, .T. ) ;
#808 = ORIENTED_EDGE ( 'NONE', *, *, #844, .T. ) ;
#809 = CARTESIAN_POINT ( 'NONE',  ( 0.3499999999999995300, 0.1269999999999999500, -0.1000000000000011600 ) ) ;
#810 = ORIENTED_EDGE ( 'NONE', *, *, #1425, .F. ) ;
#811 = VECTOR ( 'NONE', #3325, 1000.000000000000000 ) ;
#812 = ORIENTED_EDGE ( 'NONE', *, *, #4377, .T. ) ;
#813 = CARTESIAN_POINT ( 'NONE',  ( -0.3500000000000030900, 0.0000000000000000000, -0.9999999999999986700 ) ) ;
#814 = ORIENTED_EDGE ( 'NONE', *, *, #4209, .T. ) ;
#815 = DIRECTION ( 'NONE',  ( 0.0000000000000000000, 1.000000000000000000, 0.0000000000000000000 ) ) ;
#816 = DIRECTION ( 'NONE',  ( 1.000000000000000000, 0.0000000000000000000, -3.491481338843133400E-015 ) ) ;
#817 = FACE_OUTER_BOUND ( 'NONE', #2589, .T. ) ;
#818 = DIRECTION ( 'NONE',  ( 0.0000000000000000000, -1.000000000000000000, -0.0000000000000000000 ) ) ;
#819 = VECTOR ( 'NONE', #4224, 1000.000000000000000 ) ;
#820 = FACE_OUTER_BOUND ( 'NONE', #1916, .T. ) ;
#821 = PLANE ( 'NONE',  #1587 ) ;
#822 = DIRECTION ( 'NONE',  ( 0.0000000000000000000, -1.000000000000000000, 0.0000000000000000000 ) ) ;
#823 = CARTESIAN_POINT ( 'NONE',  ( -0.3500000000000013700, 0.6655164807134507100, -0.4999999999999988300 ) ) ;
#824 = CARTESIAN_POINT ( 'NONE',  ( -0.3500000000000006400, 0.0000000000000000000, -0.2999999999999991000 ) ) ;
#825 = LINE ( 'NONE', #3516, #4334 ) ;
#826 = EDGE_CURVE ( 'NONE', #3312, #2460, #3579, .T. ) ;
#827 = ORIENTED_EDGE ( 'NONE', *, *, #898, .T. ) ;
#828 = AXIS2_PLACEMENT_3D ( 'NONE', #3721, #3736, #3431 ) ;
#829 = ORIENTED_EDGE ( 'NONE', *, *, #496, .F. ) ;
#830 = COLOUR_RGB ( '',0.7921568627450980000, 0.8196078431372548800, 0.9333333333333333500 ) ;
#831 = DIRECTION ( 'NONE',  ( 1.000000000000000000, 0.0000000000000000000, -3.491481338843133400E-015 ) ) ;
#832 = CARTESIAN_POINT ( 'NONE',  ( -0.3499999999999999200, 0.1270000000000000000, -0.09999999999999871500 ) ) ;
#833 = ORIENTED_EDGE ( 'NONE', *, *, #318, .F. ) ;
#834 = PLANE ( 'NONE',  #2071 ) ;
#835 = ORIENTED_EDGE ( 'NONE', *, *, #511, .F. ) ;
#836 = VECTOR ( 'NONE', #2612, 1000.000000000000000 ) ;
#837 = MECHANICAL_DESIGN_GEOMETRIC_PRESENTATION_REPRESENTATION (  '', ( #1429 ), #3178 ) ;
#838 =( LENGTH_UNIT ( ) NAMED_UNIT ( * ) SI_UNIT ( .MILLI., .METRE. ) );
#839 = PLANE ( 'NONE',  #1723 ) ;
#840 = CARTESIAN_POINT ( 'NONE',  ( -0.8500000000000030900, 0.05000000000000000300, -0.9999999999999970000 ) ) ;
#841 = EDGE_CURVE ( 'NONE', #2320, #4189, #3796, .T. ) ;
#842 = PLANE ( 'NONE',  #516 ) ;
#843 = LINE ( 'NONE', #1243, #749 ) ;
#844 = EDGE_CURVE ( 'NONE', #488, #3668, #3683, .T. ) ;
#845 = EDGE_LOOP ( 'NONE', ( #2667, #1796, #1841, #1966 ) ) ;
#846 = CARTESIAN_POINT ( 'NONE',  ( 0.3499999999999968700, 0.1269999999999999500, -0.7918861169915821800 ) ) ;
#847 = ORIENTED_EDGE ( 'NONE', *, *, #2769, .F. ) ;
#848 = ORIENTED_EDGE ( 'NONE', *, *, #3007, .T. ) ;
#849 = AXIS2_PLACEMENT_3D ( 'NONE', #3977, #1975, #1293 ) ;
#850 = FACE_OUTER_BOUND ( 'NONE', #127, .T. ) ;
#851 = ORIENTED_EDGE ( 'NONE', *, *, #1869, .F. ) ;
#852 = ORIENTED_EDGE ( 'NONE', *, *, #3945, .F. ) ;
#853 = EDGE_LOOP ( 'NONE', ( #2353, #1769, #1506, #926 ) ) ;
#854 = FACE_OUTER_BOUND ( 'NONE', #1153, .T. ) ;
#855 = EDGE_CURVE ( 'NONE', #2826, #3414, #1348, .T. ) ;
#856 = ORIENTED_EDGE ( 'NONE', *, *, #3424, .F. ) ;
#857 = ADVANCED_FACE ( 'NONE', ( #4229 ), #640, .F. ) ;
#858 = COLOUR_RGB ( '',0.7921568627450980000, 0.8196078431372548800, 0.9333333333333333500 ) ;
#859 = CARTESIAN_POINT ( 'NONE',  ( 0.3499999999999988100, 0.1270000000000000000, -0.3000000000000016000 ) ) ;
#860 = CARTESIAN_POINT ( 'NONE',  ( -0.3500000000000013700, 0.0000000000000000000, -0.4999999999999988300 ) ) ;
#861 = LINE ( 'NONE', #2217, #191 ) ;
#862 = VERTEX_POINT ( 'NONE', #1013 ) ;
#863 = DIRECTION ( 'NONE',  ( 0.0000000000000000000, -1.000000000000000000, -0.0000000000000000000 ) ) ;
#864 = DIRECTION ( 'NONE',  ( -0.0000000000000000000, -1.000000000000000000, 0.0000000000000000000 ) ) ;
#865 = FACE_OUTER_BOUND ( 'NONE', #3370, .T. ) ;
#866 = CARTESIAN_POINT ( 'NONE',  ( -0.3500000000000006400, 0.6655164807134507100, -0.2999999999999991000 ) ) ;
#867 = MANIFOLD_SOLID_BREP ( 'Body-Move/Copy1[15]', #2531 ) ;
#868 = EDGE_CURVE ( 'NONE', #2821, #2779, #2571, .T. ) ;
#869 = DIRECTION ( 'NONE',  ( 0.0000000000000000000, 1.000000000000000000, 0.0000000000000000000 ) ) ;
#870 = FACE_OUTER_BOUND ( 'NONE', #1948, .T. ) ;
#871 = DIRECTION ( 'NONE',  ( -3.491481338843133700E-015, 0.0000000000000000000, -1.000000000000000000 ) ) ;
#872 = CARTESIAN_POINT ( 'NONE',  ( 0.3499999999999967000, 0.1269999999999999500, -0.9000000000000011300 ) ) ;
#873 = PLANE ( 'NONE',  #3503 ) ;
#874 = VERTEX_POINT ( 'NONE', #2726 ) ;
#875 = VECTOR ( 'NONE', #948, 1000.000000000000000 ) ;
#876 = AXIS2_PLACEMENT_3D ( 'NONE', #750, #3419, #737 ) ;
#877 = LINE ( 'NONE', #2814, #1465 ) ;
#878 = ADVANCED_FACE ( 'NONE', ( #86 ), #893, .T. ) ;
#879 = CARTESIAN_POINT ( 'NONE',  ( -0.3499999999999968700, 0.07699999999999997100, 0.7918861169915821800 ) ) ;
#880 = ORIENTED_EDGE ( 'NONE', *, *, #3140, .T. ) ;
#881 = DIRECTION ( 'NONE',  ( -1.000000000000000000, 0.0000000000000000000, 2.624119600854729800E-015 ) ) ;
#882 = STYLED_ITEM ( 'NONE', ( #918 ), #3075 ) ;
#883 = VERTEX_POINT ( 'NONE', #2957 ) ;
#884 = CARTESIAN_POINT ( 'NONE',  ( -0.4999999999999962300, 0.07699999999999997100, 0.9500000000000017300 ) ) ;
#885 = VECTOR ( 'NONE', #2269, 1000.000000000000000 ) ;
#886 = DIRECTION ( 'NONE',  ( -3.491481338843133400E-015, 0.0000000000000000000, -1.000000000000000000 ) ) ;
#887 = AXIS2_PLACEMENT_3D ( 'NONE', #1482, #2459, #458 ) ;
#888 = VECTOR ( 'NONE', #3265, 1000.000000000000000 ) ;
#889 = CARTESIAN_POINT ( 'NONE',  ( 0.3499999999999980900, 0.6655164807134507100, -0.5000000000000012200 ) ) ;
#890 = CARTESIAN_POINT ( 'NONE',  ( -0.3499999999999978700, 0.1270000000000000000, 0.5000000000000010000 ) ) ;
#891 = CARTESIAN_POINT ( 'NONE',  ( -0.3500000000000030900, 0.1270000000000000000, -0.9999999999999986700 ) ) ;
#892 = PLANE ( 'NONE',  #727 ) ;
#893 = PLANE ( 'NONE',  #2919 ) ;
#894 = LINE ( 'NONE', #2711, #1678 ) ;
#895 =( NAMED_UNIT ( * ) SI_UNIT ( $, .STERADIAN. ) SOLID_ANGLE_UNIT ( ) );
#896 = ORIENTED_EDGE ( 'NONE', *, *, #2574, .T. ) ;
#897 = EDGE_LOOP ( 'NONE', ( #1861, #914, #326, #1328 ) ) ;
#898 = EDGE_CURVE ( 'NONE', #1055, #1007, #1654, .T. ) ;
#899 = LINE ( 'NONE', #1775, #1588 ) ;
#900 = ADVANCED_FACE ( 'NONE', ( #3846, #3574 ), #2099, .T. ) ;
#901 = VERTEX_POINT ( 'NONE', #3688 ) ;
#902 = CARTESIAN_POINT ( 'NONE',  ( 0.3499999999999967000, 0.04999999999999999600, -0.9000000000000011300 ) ) ;
#903 = CARTESIAN_POINT ( 'NONE',  ( 0.4999999999999962300, 0.1269999999999999700, -0.9500000000000017300 ) ) ;
#904 = ORIENTED_EDGE ( 'NONE', *, *, #3596, .F. ) ;
#905 =( LENGTH_UNIT ( ) NAMED_UNIT ( * ) SI_UNIT ( .MILLI., .METRE. ) );
#906 = LINE ( 'NONE', #212, #1280 ) ;
#907 = ORIENTED_EDGE ( 'NONE', *, *, #4298, .T. ) ;
#908 = EDGE_CURVE ( 'NONE', #4307, #2297, #507, .T. ) ;
#909 = AXIS2_PLACEMENT_3D ( 'NONE', #2496, #3524, #165 ) ;
#910 = ORIENTED_EDGE ( 'NONE', *, *, #4332, .F. ) ;
#911 = PLANE ( 'NONE',  #1475 ) ;
#912 = VERTEX_POINT ( 'NONE', #4113 ) ;
#913 = LINE ( 'NONE', #1516, #332 ) ;
#914 = ORIENTED_EDGE ( 'NONE', *, *, #2619, .F. ) ;
#915 = CARTESIAN_POINT ( 'NONE',  ( 0.3500000000000022500, 0.0000000000000000000, 0.6999999999999989600 ) ) ;
#916 = EDGE_CURVE ( 'NONE', #4202, #959, #3073, .T. ) ;
#917 = AXIS2_PLACEMENT_3D ( 'NONE', #3845, #3861, #479 ) ;
#918 = PRESENTATION_STYLE_ASSIGNMENT (( #3633 ) ) ;
#919 = LINE ( 'NONE', #3030, #3069 ) ;
#920 = DIRECTION ( 'NONE',  ( 1.000000000000000000, 0.0000000000000000000, -3.491481338843133400E-015 ) ) ;
#921 = DIRECTION ( 'NONE',  ( 1.807003620809174600E-016, 1.000000000000000000, -6.309119421277206400E-031 ) ) ;
#922 = CARTESIAN_POINT ( 'NONE',  ( 0.8500000000000044200, 0.5000000000000000000, 0.9999999999999970000 ) ) ;
#923 = LINE ( 'NONE', #3592, #2567 ) ;
#924 = CARTESIAN_POINT ( 'NONE',  ( -0.8499999999999985300, 0.0000000000000000000, 0.3000000000000026500 ) ) ;
#925 = VERTEX_POINT ( 'NONE', #1718 ) ;
#926 = ORIENTED_EDGE ( 'NONE', *, *, #3185, .T. ) ;
#927 = LINE ( 'NONE', #4290, #89 ) ;
#928 = PLANE ( 'NONE',  #849 ) ;
#929 = LINE ( 'NONE', #1316, #1191 ) ;
#930 = EDGE_CURVE ( 'NONE', #2403, #1043, #1240, .T. ) ;
#931 = DIRECTION ( 'NONE',  ( -3.491481338843133400E-015, 0.0000000000000000000, -1.000000000000000000 ) ) ;
#932 = ADVANCED_FACE ( 'NONE', ( #2144 ), #2435, .T. ) ;
#933 = VERTEX_POINT ( 'NONE', #2406 ) ;
#934 = FACE_OUTER_BOUND ( 'NONE', #2179, .T. ) ;
#935 = VERTEX_POINT ( 'NONE', #1683 ) ;
#936 = DIRECTION ( 'NONE',  ( 0.0000000000000000000, -1.000000000000000000, -0.0000000000000000000 ) ) ;
#937 = ORIENTED_EDGE ( 'NONE', *, *, #4195, .T. ) ;
#938 = CARTESIAN_POINT ( 'NONE',  ( 3.491481338843133400E-015, 0.0000000000000000000, 1.000000000000000000 ) ) ;
#939 = EDGE_CURVE ( 'NONE', #2897, #1158, #340, .T. ) ;
#940 = CARTESIAN_POINT ( 'NONE',  ( -0.8500000000000013100, 0.6655164807134507100, -0.4999999999999975000 ) ) ;
#941 = DIRECTION ( 'NONE',  ( -1.000000000000000000, 0.0000000000000000000, 3.491481338843133400E-015 ) ) ;
#942 = LINE ( 'NONE', #4179, #1998 ) ;
#943 = AXIS2_PLACEMENT_3D ( 'NONE', #3851, #4199, #2158 ) ;
#944 = ORIENTED_EDGE ( 'NONE', *, *, #1898, .T. ) ;
#945 = CARTESIAN_POINT ( 'NONE',  ( 0.3500000000000029800, 0.04999999999999999600, 0.8999999999999985800 ) ) ;
#946 = LINE ( 'NONE', #2032, #1728 ) ;
#947 = CARTESIAN_POINT ( 'NONE',  ( -0.6131416591870246800, 0.7429047240363497700, -0.7897957293225821300 ) ) ;
#948 = DIRECTION ( 'NONE',  ( 0.0000000000000000000, -1.000000000000000000, 0.0000000000000000000 ) ) ;
#949 = CARTESIAN_POINT ( 'NONE',  ( 0.5000000000000028900, 0.1269999999999999700, 0.9499999999999982900 ) ) ;
#950 = DIRECTION ( 'NONE',  ( 3.491481338843133400E-015, -0.0000000000000000000, 1.000000000000000000 ) ) ;
#951 = VECTOR ( 'NONE', #3389, 1000.000000000000000 ) ;
#952 = ADVANCED_FACE ( 'NONE', ( #2469 ), #4087, .T. ) ;
#953 = ORIENTED_EDGE ( 'NONE', *, *, #4245, .F. ) ;
#954 = DIRECTION ( 'NONE',  ( -3.491481338843133400E-015, 0.0000000000000000000, -1.000000000000000000 ) ) ;
#955 = DIRECTION ( 'NONE',  ( 3.491481338843133400E-015, 0.0000000000000000000, 1.000000000000000000 ) ) ;
#956 = VERTEX_POINT ( 'NONE', #762 ) ;
#957 = EDGE_CURVE ( 'NONE', #2864, #745, #4172, .T. ) ;
#958 = ORIENTED_EDGE ( 'NONE', *, *, #4195, .F. ) ;
#959 = VERTEX_POINT ( 'NONE', #1064 ) ;
#960 = VECTOR ( 'NONE', #683, 1000.000000000000000 ) ;
#961 = CARTESIAN_POINT ( 'NONE',  ( 0.5000000000000024400, 0.1269999999999999700, 0.7918861169915792900 ) ) ;
#962 = VERTEX_POINT ( 'NONE', #3103 ) ;
#963 = VERTEX_POINT ( 'NONE', #702 ) ;
#964 = CARTESIAN_POINT ( 'NONE',  ( 0.8500000000000004200, 0.0000000000000000000, 0.09999999999999675800 ) ) ;
#965 = DIRECTION ( 'NONE',  ( 0.0000000000000000000, -1.000000000000000000, 0.0000000000000000000 ) ) ;
#966 = CARTESIAN_POINT ( 'NONE',  ( -0.3500000000000013700, 0.1270000000000000000, -0.4999999999999988300 ) ) ;
#967 = DIRECTION ( 'NONE',  ( -1.000000000000000000, 0.0000000000000000000, 2.624119600854729800E-015 ) ) ;
#968 = ORIENTED_EDGE ( 'NONE', *, *, #2154, .T. ) ;
#969 = ORIENTED_EDGE ( 'NONE', *, *, #15, .F. ) ;
#970 = VECTOR ( 'NONE', #1783, 1000.000000000000000 ) ;
#971 = LINE ( 'NONE', #922, #3939 ) ;
#972 = PRESENTATION_LAYER_ASSIGNMENT (  '', '', ( #582 ) ) ;
#973 = VERTEX_POINT ( 'NONE', #2805 ) ;
#974 = CARTESIAN_POINT ( 'NONE',  ( 0.8499999999999997600, 0.0000000000000000000, -0.1000000000000033400 ) ) ;
#975 = CARTESIAN_POINT ( 'NONE',  ( 0.3500000000000029800, 0.1269999999999999500, 0.8999999999999985800 ) ) ;
#976 = EDGE_LOOP ( 'NONE', ( #3434, #2506, #2312, #4207 ) ) ;
#977 = LINE ( 'NONE', #1177, #3215 ) ;
#978 = CARTESIAN_POINT ( 'NONE',  ( -0.3499999999999985900, 0.6655164807134507100, 0.3000000000000013200 ) ) ;
#979 = ORIENTED_EDGE ( 'NONE', *, *, #3057, .F. ) ;
#980 = ADVANCED_FACE ( 'NONE', ( #1553 ), #398, .F. ) ;
#981 = CARTESIAN_POINT ( 'NONE',  ( 0.8500000000000032000, 0.1270000000000000000, 0.8999999999999968000 ) ) ;
#982 = ORIENTED_EDGE ( 'NONE', *, *, #2577, .T. ) ;
#983 = CARTESIAN_POINT ( 'NONE',  ( 0.3499999999999967000, 0.1270000000000000000, -0.9000000000000011300 ) ) ;
#984 = CARTESIAN_POINT ( 'NONE',  ( -0.3499999999999964800, 0.1269999999999999500, 0.9000000000000009100 ) ) ;
#985 = DIRECTION ( 'NONE',  ( 0.0000000000000000000, 1.000000000000000000, 0.0000000000000000000 ) ) ;
#986 = DIRECTION ( 'NONE',  ( 1.000000000000000000, 1.807003620809174900E-016, -3.491481338843133400E-015 ) ) ;
#987 = ORIENTED_EDGE ( 'NONE', *, *, #4362, .F. ) ;
#988 = VECTOR ( 'NONE', #660, 1000.000000000000000 ) ;
#989 = FACE_OUTER_BOUND ( 'NONE', #1829, .T. ) ;
#990 = VERTEX_POINT ( 'NONE', #3799 ) ;
#991 = CARTESIAN_POINT ( 'NONE',  ( 0.3500000000000023600, 0.1269999999999999500, 0.7918861169915798500 ) ) ;
#992 = ORIENTED_EDGE ( 'NONE', *, *, #406, .T. ) ;
#993 = CARTESIAN_POINT ( 'NONE',  ( 0.8500000000000032000, 0.6655164807134507100, 0.8999999999999968000 ) ) ;
#994 = CIRCLE ( 'NONE', #887, 0.08587978877417495900 ) ;
#995 = EDGE_CURVE ( 'NONE', #3353, #2650, #1760, .T. ) ;
#996 = PLANE ( 'NONE',  #3701 ) ;
#997 = EDGE_LOOP ( 'NONE', ( #3970, #958, #2400, #4232 ) ) ;
#998 = SURFACE_STYLE_USAGE ( .BOTH. , #2374 ) ;
#999 = VECTOR ( 'NONE', #1874, 1000.000000000000000 ) ;
#1000 = DIRECTION ( 'NONE',  ( -3.491481338843133400E-015, 0.0000000000000000000, -1.000000000000000000 ) ) ;
#1001 = CARTESIAN_POINT ( 'NONE',  ( -0.5000000000000021100, 0.1270000000000000000, -0.6999999999999986200 ) ) ;
#1002 = CARTESIAN_POINT ( 'NONE',  ( 0.8500000000000025300, 0.05000000000000000300, 0.4999999999999968900 ) ) ;
#1003 = DIRECTION ( 'NONE',  ( 1.807003620809174900E-016, -1.000000000000000000, -6.309119421277207300E-031 ) ) ;
#1004 = FACE_OUTER_BOUND ( 'NONE', #707, .T. ) ;
#1005 = ADVANCED_FACE ( 'NONE', ( #2968 ), #4100, .T. ) ;
#1006 = DIRECTION ( 'NONE',  ( 1.000000000000000000, 0.0000000000000000000, -3.491481338843133400E-015 ) ) ;
#1007 = VERTEX_POINT ( 'NONE', #36 ) ;
#1008 = EDGE_CURVE ( 'NONE', #2731, #2897, #3269, .T. ) ;
#1009 = MECHANICAL_DESIGN_GEOMETRIC_PRESENTATION_REPRESENTATION (  '', ( #3901 ), #3367 ) ;
#1010 = FACE_OUTER_BOUND ( 'NONE', #1421, .T. ) ;
#1011 = CARTESIAN_POINT ( 'NONE',  ( -0.3499999999999999200, 0.1270000000000000000, -0.09999999999999871500 ) ) ;
#1012 = CARTESIAN_POINT ( 'NONE',  ( -0.8500000000000007500, 0.0000000000000000000, -0.2999999999999973800 ) ) ;
#1013 = CARTESIAN_POINT ( 'NONE',  ( 0.3499999999999973700, 0.1269999999999999500, -0.7000000000000015100 ) ) ;
#1014 = FACE_OUTER_BOUND ( 'NONE', #498, .T. ) ;
#1015 = DIRECTION ( 'NONE',  ( 0.0000000000000000000, -1.000000000000000000, 0.0000000000000000000 ) ) ;
#1016 = VERTEX_POINT ( 'NONE', #1093 ) ;
#1017 = PLANE ( 'NONE',  #828 ) ;
#1018 = DIRECTION ( 'NONE',  ( -1.000000000000000000, 0.0000000000000000000, 3.491481338843133400E-015 ) ) ;
#1019 = CLOSED_SHELL ( 'NONE', ( #2819, #4188, #309, #3111, #4344, #780 ) ) ;
#1020 = LINE ( 'NONE', #1145, #4203 ) ;
#1021 = ORIENTED_EDGE ( 'NONE', *, *, #1706, .T. ) ;
#1022 = ORIENTED_EDGE ( 'NONE', *, *, #908, .T. ) ;
#1023 = EDGE_CURVE ( 'NONE', #2013, #1410, #615, .T. ) ;
#1024 = PRESENTATION_STYLE_ASSIGNMENT (( #1932 ) ) ;
#1025 = ORIENTED_EDGE ( 'NONE', *, *, #2056, .F. ) ;
#1026 = ORIENTED_EDGE ( 'NONE', *, *, #3711, .F. ) ;
#1027 = CARTESIAN_POINT ( 'NONE',  ( -0.6990214479611996900, 0.5000000000000000000, -0.7897957293225819100 ) ) ;
#1028 = ADVANCED_FACE ( 'NONE', ( #1453 ), #1375, .T. ) ;
#1029 = DIRECTION ( 'NONE',  ( 1.000000000000000000, 0.0000000000000000000, -3.491481338843133400E-015 ) ) ;
#1030 = DIRECTION ( 'NONE',  ( -1.000000000000000000, 0.0000000000000000000, 3.491481338843133400E-015 ) ) ;
#1031 = CARTESIAN_POINT ( 'NONE',  ( 0.4999999999999962300, 0.1269999999999999700, -0.9500000000000017300 ) ) ;
#1032 = VECTOR ( 'NONE', #563, 1000.000000000000000 ) ;
#1033 = VECTOR ( 'NONE', #3276, 1000.000000000000000 ) ;
#1034 = ORIENTED_EDGE ( 'NONE', *, *, #4298, .F. ) ;
#1035 = AXIS2_PLACEMENT_3D ( 'NONE', #4138, #2909, #2094 ) ;
#1036 = VECTOR ( 'NONE', #4260, 1000.000000000000000 ) ;
#1037 = DIRECTION ( 'NONE',  ( -1.000000000000000000, 0.0000000000000000000, 3.491481338843133400E-015 ) ) ;
#1038 = DIRECTION ( 'NONE',  ( 0.0000000000000000000, -1.000000000000000000, 0.0000000000000000000 ) ) ;
#1039 = DIRECTION ( 'NONE',  ( -1.000000000000000000, -1.807003620809174600E-016, 3.491481338843133400E-015 ) ) ;
#1040 = CARTESIAN_POINT ( 'NONE',  ( 0.5000000000000030000, 0.07699999999999997100, 0.9999999999999983300 ) ) ;
#1041 = VERTEX_POINT ( 'NONE', #1040 ) ;
#1042 = LINE ( 'NONE', #4328, #1826 ) ;
#1043 = VERTEX_POINT ( 'NONE', #1828 ) ;
#1044 = DIRECTION ( 'NONE',  ( -1.000000000000000000, 0.0000000000000000000, 3.491481338843133400E-015 ) ) ;
#1045 = DIRECTION ( 'NONE',  ( 1.000000000000000000, 0.0000000000000000000, -3.491481338843133400E-015 ) ) ;
#1046 = EDGE_CURVE ( 'NONE', #433, #641, #4382, .T. ) ;
#1047 = VECTOR ( 'NONE', #797, 1000.000000000000000 ) ;
#1048 = ADVANCED_FACE ( 'NONE', ( #865 ), #3207, .F. ) ;
#1049 = ORIENTED_EDGE ( 'NONE', *, *, #1858, .F. ) ;
#1050 = ORIENTED_EDGE ( 'NONE', *, *, #2526, .F. ) ;
#1051 = CARTESIAN_POINT ( 'NONE',  ( -0.3500000000000006400, 0.0000000000000000000, -0.2999999999999991000 ) ) ;
#1052 = ORIENTED_EDGE ( 'NONE', *, *, #4332, .T. ) ;
#1053 = DIRECTION ( 'NONE',  ( 0.0000000000000000000, -1.000000000000000000, -0.0000000000000000000 ) ) ;
#1054 = CARTESIAN_POINT ( 'NONE',  ( 0.5000000000000030000, 0.1269999999999999700, 0.9999999999999983300 ) ) ;
#1055 = VERTEX_POINT ( 'NONE', #1107 ) ;
#1056 = CARTESIAN_POINT ( 'NONE',  ( -0.5000000000000030000, 0.05000000000000012800, -0.9999999999999983300 ) ) ;
#1057 =( NAMED_UNIT ( * ) SI_UNIT ( $, .STERADIAN. ) SOLID_ANGLE_UNIT ( ) );
#1058 = CARTESIAN_POINT ( 'NONE',  ( 0.3499999999999988100, 0.1269999999999999500, -0.3000000000000016000 ) ) ;
#1059 = CYLINDRICAL_SURFACE ( 'NONE', #2556, 0.08587978877417495900 ) ;
#1060 = CLOSED_SHELL ( 'NONE', ( #1028, #2106, #718, #1997, #1567, #2057 ) ) ;
#1061 = DIRECTION ( 'NONE',  ( -1.807003620809174600E-016, 1.000000000000000000, 6.309119421277206400E-031 ) ) ;
#1062 = LINE ( 'NONE', #3190, #3656 ) ;
#1063 = ADVANCED_FACE ( 'NONE', ( #2087 ), #1795, .F. ) ;
#1064 = CARTESIAN_POINT ( 'NONE',  ( 0.8500000000000025300, 0.1269999999999999500, 0.6999999999999967400 ) ) ;
#1065 = VERTEX_POINT ( 'NONE', #2835 ) ;
#1066 = EDGE_LOOP ( 'NONE', ( #2147, #1282, #2367, #2714 ) ) ;
#1067 = LINE ( 'NONE', #2673, #4040 ) ;
#1068 =( NAMED_UNIT ( * ) PLANE_ANGLE_UNIT ( ) SI_UNIT ( $, .RADIAN. ) );
#1069 = ORIENTED_EDGE ( 'NONE', *, *, #3772, .T. ) ;
#1070 = FILL_AREA_STYLE ('',( #1709 ) ) ;
#1071 = ORIENTED_EDGE ( 'NONE', *, *, #4123, .F. ) ;
#1072 = ORIENTED_EDGE ( 'NONE', *, *, #781, .F. ) ;
#1073 = CARTESIAN_POINT ( 'NONE',  ( 0.4999999999999961100, 0.1269999999999999700, -1.000000000000001800 ) ) ;
#1074 = EDGE_CURVE ( 'NONE', #1301, #2320, #726, .T. ) ;
#1075 = VECTOR ( 'NONE', #3229, 1000.000000000000000 ) ;
#1076 = LINE ( 'NONE', #1650, #4162 ) ;
#1077 = CARTESIAN_POINT ( 'NONE',  ( 0.3499999999999967000, 0.1270000000000000000, -0.9000000000000011300 ) ) ;
#1078 = VERTEX_POINT ( 'NONE', #490 ) ;
#1079 = LINE ( 'NONE', #3283, #1651 ) ;
#1080 = EDGE_CURVE ( 'NONE', #4398, #973, #1981, .T. ) ;
#1081 = AXIS2_PLACEMENT_3D ( 'NONE', #2041, #3417, #2447 ) ;
#1082 = CARTESIAN_POINT ( 'NONE',  ( -0.3499999999999999200, 0.1270000000000000000, -0.09999999999999871500 ) ) ;
#1083 = DIRECTION ( 'NONE',  ( -1.000000000000000000, 0.0000000000000000000, 3.491481338843133400E-015 ) ) ;
#1084 = VECTOR ( 'NONE', #690, 1000.000000000000000 ) ;
#1085 = ADVANCED_FACE ( 'NONE', ( #1186 ), #2849, .F. ) ;
#1086 = ORIENTED_EDGE ( 'NONE', *, *, #3097, .F. ) ;
#1087 = LINE ( 'NONE', #2354, #2313 ) ;
#1088 = CARTESIAN_POINT ( 'NONE',  ( -0.8499999999999970900, 0.1269999999999999500, 0.7000000000000026200 ) ) ;
#1089 = VECTOR ( 'NONE', #4329, 1000.000000000000000 ) ;
#1090 = ORIENTED_EDGE ( 'NONE', *, *, #1366, .F. ) ;
#1091 = CARTESIAN_POINT ( 'NONE',  ( 0.3499999999999988100, 0.1270000000000000000, -0.3000000000000016000 ) ) ;
#1092 = DIRECTION ( 'NONE',  ( -1.000000000000000000, 0.0000000000000000000, 3.491481338843133400E-015 ) ) ;
#1093 = CARTESIAN_POINT ( 'NONE',  ( 0.3500000000000008700, 0.0000000000000000000, 0.2999999999999988200 ) ) ;
#1094 = LINE ( 'NONE', #3523, #354 ) ;
#1095 = EDGE_LOOP ( 'NONE', ( #2992, #3510, #4105, #2930 ) ) ;
#1096 =( LENGTH_UNIT ( ) NAMED_UNIT ( * ) SI_UNIT ( .MILLI., .METRE. ) );
#1097 = EDGE_CURVE ( 'NONE', #346, #499, #3473, .T. ) ;
#1098 = CARTESIAN_POINT ( 'NONE',  ( 0.3500000000000030900, 0.1269999999999999500, 0.9999999999999986700 ) ) ;
#1099 = EDGE_CURVE ( 'NONE', #2448, #32, #774, .T. ) ;
#1100 = FACE_OUTER_BOUND ( 'NONE', #1507, .T. ) ;
#1101 = EDGE_CURVE ( 'NONE', #2152, #147, #1757, .T. ) ;
#1102 = DIRECTION ( 'NONE',  ( -1.000000000000000000, 0.0000000000000000000, 3.491481338843133400E-015 ) ) ;
#1103 = DIRECTION ( 'NONE',  ( 1.000000000000000000, 0.0000000000000000000, -3.491481338843133400E-015 ) ) ;
#1104 = DIRECTION ( 'NONE',  ( 0.0000000000000000000, -1.000000000000000000, 0.0000000000000000000 ) ) ;
#1105 = EDGE_LOOP ( 'NONE', ( #2608, #2786, #3382, #3980 ) ) ;
#1106 = ADVANCED_FACE ( 'NONE', ( #3121 ), #3539, .F. ) ;
#1107 = CARTESIAN_POINT ( 'NONE',  ( 0.8500000000000032000, 0.1270000000000000000, 0.8999999999999968000 ) ) ;
#1108 = CARTESIAN_POINT ( 'NONE',  ( -0.8499999999999965400, 0.04999999999999999600, 0.9000000000000026900 ) ) ;
#1109 =( NAMED_UNIT ( * ) PLANE_ANGLE_UNIT ( ) SI_UNIT ( $, .RADIAN. ) );
#1110 = DIRECTION ( 'NONE',  ( 0.0000000000000000000, -1.000000000000000000, -0.0000000000000000000 ) ) ;
#1111 = AXIS2_PLACEMENT_3D ( 'NONE', #3879, #2274, #1929 ) ;
#1112 = ORIENTED_EDGE ( 'NONE', *, *, #3357, .T. ) ;
#1113 = EDGE_LOOP ( 'NONE', ( #3309, #221, #575, #1486 ) ) ;
#1114 = PLANE ( 'NONE',  #2816 ) ;
#1115 = DIRECTION ( 'NONE',  ( -3.491481338843133400E-015, 0.0000000000000000000, -1.000000000000000000 ) ) ;
#1116 = DIRECTION ( 'NONE',  ( 1.000000000000000000, 0.0000000000000000000, -3.491481338843133400E-015 ) ) ;
#1117 = LINE ( 'NONE', #744, #2016 ) ;
#1118 = ORIENTED_EDGE ( 'NONE', *, *, #3174, .F. ) ;
#1119 = AXIS2_PLACEMENT_3D ( 'NONE', #176, #3263, #1215 ) ;
#1120 = ORIENTED_EDGE ( 'NONE', *, *, #1099, .T. ) ;
#1121 =( NAMED_UNIT ( * ) SI_UNIT ( $, .STERADIAN. ) SOLID_ANGLE_UNIT ( ) );
#1122 = VECTOR ( 'NONE', #881, 1000.000000000000000 ) ;
#1123 = ORIENTED_EDGE ( 'NONE', *, *, #2644, .T. ) ;
#1124 = EDGE_LOOP ( 'NONE', ( #621, #644, #2876, #279 ) ) ;
#1125 = VERTEX_POINT ( 'NONE', #95 ) ;
#1126 = LINE ( 'NONE', #1372, #4269 ) ;
#1127 = CARTESIAN_POINT ( 'NONE',  ( 0.4999999999999967800, 0.07699999999999997100, -0.7918861169915827300 ) ) ;
#1128 = ADVANCED_FACE ( 'NONE', ( #1705 ), #430, .F. ) ;
#1129 = FACE_OUTER_BOUND ( 'NONE', #2020, .T. ) ;
#1130 = LINE ( 'NONE', #3759, #3211 ) ;
#1131 = DIRECTION ( 'NONE',  ( 1.000000000000000000, 0.0000000000000000000, -3.491481338843133400E-015 ) ) ;
#1132 =( GEOMETRIC_REPRESENTATION_CONTEXT ( 3 ) GLOBAL_UNCERTAINTY_ASSIGNED_CONTEXT ( ( #4305 ) ) GLOBAL_UNIT_ASSIGNED_CONTEXT ( ( #402, #1068, #359 ) ) REPRESENTATION_CONTEXT ( 'NONE', 'WORKASPACE' ) );
#1133 = LINE ( 'NONE', #3923, #3018 ) ;
#1134 = EDGE_CURVE ( 'NONE', #2417, #2780, #923, .T. ) ;
#1135 = LINE ( 'NONE', #1529, #3686 ) ;
#1136 = CARTESIAN_POINT ( 'NONE',  ( 0.3499999999999967000, 0.6655164807134507100, -0.9000000000000011300 ) ) ;
#1137 = DIRECTION ( 'NONE',  ( 1.000000000000000000, 0.0000000000000000000, -3.491481338843133400E-015 ) ) ;
#1138 = CARTESIAN_POINT ( 'NONE',  ( 0.4999999999999961100, 0.1269999999999999700, -1.000000000000001800 ) ) ;
#1139 = ORIENTED_EDGE ( 'NONE', *, *, #4127, .T. ) ;
#1140 = COLOUR_RGB ( '',0.7921568627450980000, 0.8196078431372548800, 0.9333333333333333500 ) ;
#1141 = EDGE_LOOP ( 'NONE', ( #1441, #3918, #2753, #3710 ) ) ;
#1142 = EDGE_CURVE ( 'NONE', #331, #1171, #4114, .T. ) ;
#1143 = CARTESIAN_POINT ( 'NONE',  ( 0.3500000000000029800, 0.0000000000000000000, 0.8999999999999985800 ) ) ;
#1144 = DIRECTION ( 'NONE',  ( 4.358843076831536900E-015, 0.0000000000000000000, 1.000000000000000000 ) ) ;
#1145 = CARTESIAN_POINT ( 'NONE',  ( 0.4999999999999962300, 0.07699999999999997100, -0.9500000000000017300 ) ) ;
#1146 = ORIENTED_EDGE ( 'NONE', *, *, #4377, .F. ) ;
#1147 = VERTEX_POINT ( 'NONE', #2229 ) ;
#1148 = CARTESIAN_POINT ( 'NONE',  ( 0.8500000000000044200, 0.05000000000000000300, 0.9999999999999970000 ) ) ;
#1149 = LINE ( 'NONE', #566, #49 ) ;
#1150 = CARTESIAN_POINT ( 'NONE',  ( 0.8499999999999997600, 0.1269999999999999500, -0.1000000000000033400 ) ) ;
#1151 = ORIENTED_EDGE ( 'NONE', *, *, #2861, .T. ) ;
#1152 = CARTESIAN_POINT ( 'NONE',  ( -0.8499999999999993100, 0.1269999999999999500, 0.1000000000000026800 ) ) ;
#1153 = EDGE_LOOP ( 'NONE', ( #3817, #2036, #4080, #2340 ) ) ;
#1154 = DIRECTION ( 'NONE',  ( -3.491481338843133400E-015, 0.0000000000000000000, -1.000000000000000000 ) ) ;
#1155 = LINE ( 'NONE', #2778, #740 ) ;
#1156 = CARTESIAN_POINT ( 'NONE',  ( 0.8500000000000025300, 0.1270000000000000000, 0.6999999999999967400 ) ) ;
#1157 = EDGE_CURVE ( 'NONE', #703, #1331, #2305, .T. ) ;
#1158 = VERTEX_POINT ( 'NONE', #211 ) ;
#1159 = PLANE ( 'NONE',  #525 ) ;
#1160 = DIRECTION ( 'NONE',  ( -1.000000000000000000, 0.0000000000000000000, 3.491481338843133400E-015 ) ) ;
#1161 = EDGE_CURVE ( 'NONE', #3414, #291, #1977, .T. ) ;
#1162 = AXIS2_PLACEMENT_3D ( 'NONE', #4156, #775, #3170 ) ;
#1163 = LINE ( 'NONE', #1551, #1266 ) ;
#1164 = ORIENTED_EDGE ( 'NONE', *, *, #1986, .F. ) ;
#1165 = DIRECTION ( 'NONE',  ( 2.624119600854729800E-015, 0.0000000000000000000, 1.000000000000000000 ) ) ;
#1166 = VERTEX_POINT ( 'NONE', #1902 ) ;
#1167 = CARTESIAN_POINT ( 'NONE',  ( -0.4999999999999961100, 0.1269999999999999700, 1.000000000000001800 ) ) ;
#1168 = PLANE ( 'NONE',  #4363 ) ;
#1169 = ORIENTED_EDGE ( 'NONE', *, *, #1101, .F. ) ;
#1170 = AXIS2_PLACEMENT_3D ( 'NONE', #1864, #2176, #3237 ) ;
#1171 = VERTEX_POINT ( 'NONE', #4288 ) ;
#1172 = VECTOR ( 'NONE', #1810, 1000.000000000000000 ) ;
#1173 = ORIENTED_EDGE ( 'NONE', *, *, #2653, .F. ) ;
#1174 = EDGE_LOOP ( 'NONE', ( #1825, #226, #4395, #4011 ) ) ;
#1175 = LINE ( 'NONE', #240, #1332 ) ;
#1176 = EDGE_LOOP ( 'NONE', ( #352, #658, #1021, #3217 ) ) ;
#1177 = CARTESIAN_POINT ( 'NONE',  ( 3.051190153782077400E-015, 0.05000000000000000300, 0.7000000000000004000 ) ) ;
#1178 = LINE ( 'NONE', #4177, #4324 ) ;
#1179 = FACE_OUTER_BOUND ( 'NONE', #2134, .T. ) ;
#1180 = ORIENTED_EDGE ( 'NONE', *, *, #3611, .F. ) ;
#1181 = CARTESIAN_POINT ( 'NONE',  ( -0.3499999999999996400, 0.05000000000000000300, 1.222018468595095300E-015 ) ) ;
#1182 = CARTESIAN_POINT ( 'NONE',  ( -3.316907271900976700E-015, 0.0000000000000000000, -0.9499999999999999600 ) ) ;
#1183 = EDGE_CURVE ( 'NONE', #779, #440, #3680, .T. ) ;
#1184 = VECTOR ( 'NONE', #632, 1000.000000000000000 ) ;
#1185 = ORIENTED_EDGE ( 'NONE', *, *, #535, .F. ) ;
#1186 = FACE_OUTER_BOUND ( 'NONE', #1249, .T. ) ;
#1187 = DIRECTION ( 'NONE',  ( -3.491481338843133400E-015, 0.0000000000000000000, -1.000000000000000000 ) ) ;
#1188 = AXIS2_PLACEMENT_3D ( 'NONE', #311, #1000, #4401 ) ;
#1189 = VERTEX_POINT ( 'NONE', #197 ) ;
#1190 = ORIENTED_EDGE ( 'NONE', *, *, #112, .T. ) ;
#1191 = VECTOR ( 'NONE', #3046, 1000.000000000000000 ) ;
#1192 = VECTOR ( 'NONE', #2467, 1000.000000000000000 ) ;
#1193 = ADVANCED_FACE ( 'NONE', ( #289 ), #1884, .F. ) ;
#1194 = EDGE_CURVE ( 'NONE', #2503, #1268, #861, .T. ) ;
#1195 = ORIENTED_EDGE ( 'NONE', *, *, #1869, .T. ) ;
#1196 = SURFACE_STYLE_FILL_AREA ( #2887 ) ;
#1197 = CARTESIAN_POINT ( 'NONE',  ( -0.8499999999999982000, 0.05000000000000000300, 0.3000000000000027100 ) ) ;
#1198 = EDGE_LOOP ( 'NONE', ( #3337, #1696, #320, #3491 ) ) ;
#1199 = CARTESIAN_POINT ( 'NONE',  ( -0.3500000000000030900, 0.1270000000000000000, -0.9999999999999986700 ) ) ;
#1200 = LINE ( 'NONE', #4197, #304 ) ;
#1201 = AXIS2_PLACEMENT_3D ( 'NONE', #2746, #643, #1672 ) ;
#1202 = DIRECTION ( 'NONE',  ( -1.000000000000000000, 0.0000000000000000000, 3.491481338843133400E-015 ) ) ;
#1203 = CARTESIAN_POINT ( 'NONE',  ( -0.3499999999999972000, 0.1269999999999999500, 0.7000000000000012900 ) ) ;
#1204 = ORIENTED_EDGE ( 'NONE', *, *, #3772, .F. ) ;
#1205 = FACE_OUTER_BOUND ( 'NONE', #1711, .T. ) ;
#1206 = CARTESIAN_POINT ( 'NONE',  ( -0.3499999999999985900, 0.1269999999999999500, 0.3000000000000013200 ) ) ;
#1207 = FACE_OUTER_BOUND ( 'NONE', #3538, .T. ) ;
#1208 = CARTESIAN_POINT ( 'NONE',  ( 0.8499999999999975400, 0.1270000000000000000, -0.7000000000000032900 ) ) ;
#1209 = DIRECTION ( 'NONE',  ( 1.000000000000000000, 0.0000000000000000000, -3.787394640675466200E-015 ) ) ;
#1210 = EDGE_CURVE ( 'NONE', #2550, #935, #1079, .T. ) ;
#1211 = LINE ( 'NONE', #706, #3397 ) ;
#1212 = EDGE_CURVE ( 'NONE', #3463, #956, #1133, .T. ) ;
#1213 = EDGE_LOOP ( 'NONE', ( #2445, #132, #2068, #4216 ) ) ;
#1214 = DIRECTION ( 'NONE',  ( 0.0000000000000000000, -1.000000000000000000, -0.0000000000000000000 ) ) ;
#1215 = DIRECTION ( 'NONE',  ( -1.000000000000000000, 0.0000000000000000000, 3.491481338843133400E-015 ) ) ;
#1216 = CARTESIAN_POINT ( 'NONE',  ( -0.3500000000000027500, 0.1270000000000000000, -0.8999999999999988000 ) ) ;
#1217 = CARTESIAN_POINT ( 'NONE',  ( -0.3499999999999996400, 0.05000000000000000300, 1.222018468595095300E-015 ) ) ;
#1218 = ORIENTED_EDGE ( 'NONE', *, *, #3789, .T. ) ;
#1219 = VERTEX_POINT ( 'NONE', #2591 ) ;
#1220 = EDGE_CURVE ( 'NONE', #901, #2417, #2799, .T. ) ;
#1221 = ORIENTED_EDGE ( 'NONE', *, *, #2583, .F. ) ;
#1222 = VECTOR ( 'NONE', #3125, 1000.000000000000000 ) ;
#1223 = DIRECTION ( 'NONE',  ( 1.000000000000000000, 0.0000000000000000000, -3.787394640675466200E-015 ) ) ;
#1224 = VERTEX_POINT ( 'NONE', #558 ) ;
#1225 = ORIENTED_EDGE ( 'NONE', *, *, #826, .F. ) ;
#1226 = VECTOR ( 'NONE', #3910, 1000.000000000000000 ) ;
#1227 = EDGE_CURVE ( 'NONE', #3660, #2635, #504, .T. ) ;
#1228 = ORIENTED_EDGE ( 'NONE', *, *, #855, .T. ) ;
#1229 =( GEOMETRIC_REPRESENTATION_CONTEXT ( 3 ) GLOBAL_UNCERTAINTY_ASSIGNED_CONTEXT ( ( #2796 ) ) GLOBAL_UNIT_ASSIGNED_CONTEXT ( ( #244, #3958, #2256 ) ) REPRESENTATION_CONTEXT ( 'NONE', 'WORKASPACE' ) );
#1230 = VERTEX_POINT ( 'NONE', #1501 ) ;
#1231 = ORIENTED_EDGE ( 'NONE', *, *, #3912, .F. ) ;
#1232 = LINE ( 'NONE', #2062, #4108 ) ;
#1233 = VECTOR ( 'NONE', #2336, 1000.000000000000000 ) ;
#1234 = DIRECTION ( 'NONE',  ( 0.0000000000000000000, -1.000000000000000000, -0.0000000000000000000 ) ) ;
#1235 = PLANE ( 'NONE',  #3042 ) ;
#1236 = LINE ( 'NONE', #215, #1699 ) ;
#1237 = LINE ( 'NONE', #250, #338 ) ;
#1238 = ADVANCED_FACE ( 'NONE', ( #1866 ), #3423, .F. ) ;
#1239 = CARTESIAN_POINT ( 'NONE',  ( -4.189777606611760000E-015, 0.1270000000000000000, -1.200000000000000200 ) ) ;
#1240 = LINE ( 'NONE', #3764, #2689 ) ;
#1241 = EDGE_CURVE ( 'NONE', #1434, #1387, #977, .T. ) ;
#1242 = SURFACE_SIDE_STYLE ('',( #2268 ) ) ;
#1243 = CARTESIAN_POINT ( 'NONE',  ( 0.5000000000000030000, 0.07699999999999997100, 0.9999999999999983300 ) ) ;
#1244 =( NAMED_UNIT ( * ) PLANE_ANGLE_UNIT ( ) SI_UNIT ( $, .RADIAN. ) );
#1245 = DIRECTION ( 'NONE',  ( 3.491481338843133400E-015, 0.0000000000000000000, 1.000000000000000000 ) ) ;
#1246 = ORIENTED_EDGE ( 'NONE', *, *, #3714, .F. ) ;
#1247 = FACE_OUTER_BOUND ( 'NONE', #4372, .T. ) ;
#1248 = AXIS2_PLACEMENT_3D ( 'NONE', #2192, #2205, #1223 ) ;
#1249 = EDGE_LOOP ( 'NONE', ( #2950, #1734, #383, #676 ) ) ;
#1250 = FACE_BOUND ( 'NONE', #3752, .T. ) ;
#1251 = VERTEX_POINT ( 'NONE', #891 ) ;
#1252 =( LENGTH_UNIT ( ) NAMED_UNIT ( * ) SI_UNIT ( .MILLI., .METRE. ) );
#1253 = CARTESIAN_POINT ( 'NONE',  ( 0.3500000000000015900, 0.1270000000000000000, 0.4999999999999986100 ) ) ;
#1254 = UNCERTAINTY_MEASURE_WITH_UNIT (LENGTH_MEASURE( 1.000000000000000100E-005 ), #3788, 'distance_accuracy_value', 'NONE');
#1255 = VERTEX_POINT ( 'NONE', #239 ) ;
#1256 = ORIENTED_EDGE ( 'NONE', *, *, #2653, .T. ) ;
#1257 = ORIENTED_EDGE ( 'NONE', *, *, #2361, .T. ) ;
#1258 = ORIENTED_EDGE ( 'NONE', *, *, #3742, .F. ) ;
#1259 = DIRECTION ( 'NONE',  ( -1.000000000000000000, 0.0000000000000000000, 3.491481338843133400E-015 ) ) ;
#1260 = FACE_OUTER_BOUND ( 'NONE', #1285, .T. ) ;
#1261 = CARTESIAN_POINT ( 'NONE',  ( -0.8500000000000027500, 0.1269999999999999500, -0.8999999999999974700 ) ) ;
#1262 = ORIENTED_EDGE ( 'NONE', *, *, #245, .F. ) ;
#1263 = CARTESIAN_POINT ( 'NONE',  ( 0.4999999999999962300, 0.1269999999999999700, -0.9500000000000017300 ) ) ;
#1264 = FILL_AREA_STYLE ('',( #4230 ) ) ;
#1265 = DIRECTION ( 'NONE',  ( 0.0000000000000000000, -1.000000000000000000, -0.0000000000000000000 ) ) ;
#1266 = VECTOR ( 'NONE', #4034, 1000.000000000000000 ) ;
#1267 = CARTESIAN_POINT ( 'NONE',  ( 0.8499999999999968700, 0.1270000000000000000, -0.9000000000000033500 ) ) ;
#1268 = VERTEX_POINT ( 'NONE', #3994 ) ;
#1269 = AXIS2_PLACEMENT_3D ( 'NONE', #2722, #2741, #2433 ) ;
#1270 = LINE ( 'NONE', #1054, #3925 ) ;
#1271 = ORIENTED_EDGE ( 'NONE', *, *, #549, .T. ) ;
#1272 = CARTESIAN_POINT ( 'NONE',  ( 0.3500000000000022500, 0.1270000000000000000, 0.6999999999999989600 ) ) ;
#1273 = DIRECTION ( 'NONE',  ( 3.491481338843133700E-015, 0.0000000000000000000, 1.000000000000000000 ) ) ;
#1274 = ORIENTED_EDGE ( 'NONE', *, *, #469, .F. ) ;
#1275 = CARTESIAN_POINT ( 'NONE',  ( -0.8499999999999999800, 0.1270000000000000000, -0.09999999999999739700 ) ) ;
#1276 = ORIENTED_EDGE ( 'NONE', *, *, #1046, .T. ) ;
#1277 = ORIENTED_EDGE ( 'NONE', *, *, #3273, .T. ) ;
#1278 = DIRECTION ( 'NONE',  ( 1.000000000000000000, 0.0000000000000000000, -3.491481338843133400E-015 ) ) ;
#1279 = CARTESIAN_POINT ( 'NONE',  ( 0.4999999999999962300, 0.07699999999999997100, -0.9500000000000017300 ) ) ;
#1280 = VECTOR ( 'NONE', #3015, 1000.000000000000000 ) ;
#1281 = ORIENTED_EDGE ( 'NONE', *, *, #3447, .T. ) ;
#1282 = ORIENTED_EDGE ( 'NONE', *, *, #3711, .T. ) ;
#1283 =( NAMED_UNIT ( * ) PLANE_ANGLE_UNIT ( ) SI_UNIT ( $, .RADIAN. ) );
#1284 = VECTOR ( 'NONE', #243, 1000.000000000000000 ) ;
#1285 = EDGE_LOOP ( 'NONE', ( #43, #2452, #1719, #218 ) ) ;
#1286 = DIRECTION ( 'NONE',  ( 0.0000000000000000000, 1.000000000000000000, 0.0000000000000000000 ) ) ;
#1287 = PLANE ( 'NONE',  #1346 ) ;
#1288 = DIRECTION ( 'NONE',  ( 1.000000000000000000, 0.0000000000000000000, -3.787394640675466200E-015 ) ) ;
#1289 = LINE ( 'NONE', #2294, #3896 ) ;
#1290 = DIRECTION ( 'NONE',  ( 3.491481338843133400E-015, -0.0000000000000000000, 1.000000000000000000 ) ) ;
#1291 = EDGE_CURVE ( 'NONE', #2568, #1255, #3569, .T. ) ;
#1292 = VECTOR ( 'NONE', #4220, 1000.000000000000000 ) ;
#1293 = DIRECTION ( 'NONE',  ( -1.000000000000000000, 0.0000000000000000000, 3.491481338843133400E-015 ) ) ;
#1294 = CARTESIAN_POINT ( 'NONE',  ( 3.491481338843123500E-016, 0.05000000000000000300, 0.09999999999999971400 ) ) ;
#1295 = VECTOR ( 'NONE', #2029, 1000.000000000000000 ) ;
#1296 = DIRECTION ( 'NONE',  ( -1.000000000000000000, 0.0000000000000000000, 3.491481338843133400E-015 ) ) ;
#1297 = EDGE_CURVE ( 'NONE', #664, #62, #3997, .T. ) ;
#1298 = CARTESIAN_POINT ( 'NONE',  ( -0.3499999999999961500, 0.1269999999999999500, 1.000000000000001300 ) ) ;
#1299 = ORIENTED_EDGE ( 'NONE', *, *, #1297, .F. ) ;
#1300 = LINE ( 'NONE', #859, #2579 ) ;
#1301 = VERTEX_POINT ( 'NONE', #3669 ) ;
#1302 = DIRECTION ( 'NONE',  ( 1.000000000000000000, 0.0000000000000000000, -2.624119600854729800E-015 ) ) ;
#1303 = CARTESIAN_POINT ( 'NONE',  ( 0.3499999999999998100, 0.05000000000000000300, -1.222018468595096100E-015 ) ) ;
#1304 = LINE ( 'NONE', #1629, #4075 ) ;
#1305 = ADVANCED_FACE ( 'NONE', ( #3368 ), #4009, .F. ) ;
#1306 = ORIENTED_EDGE ( 'NONE', *, *, #634, .T. ) ;
#1307 = CARTESIAN_POINT ( 'NONE',  ( -0.8500000000000013100, 0.1270000000000000000, -0.4999999999999975000 ) ) ;
#1308 = ORIENTED_EDGE ( 'NONE', *, *, #2769, .T. ) ;
#1309 = DIRECTION ( 'NONE',  ( -1.000000000000000000, 0.0000000000000000000, 3.491481338843133400E-015 ) ) ;
#1310 = EDGE_LOOP ( 'NONE', ( #1195, #5, #2846, #3518 ) ) ;
#1311 = CARTESIAN_POINT ( 'NONE',  ( 0.8500000000000012000, 0.6655164807134507100, 0.2999999999999966600 ) ) ;
#1312 = VECTOR ( 'NONE', #2666, 1000.000000000000000 ) ;
#1313 = CARTESIAN_POINT ( 'NONE',  ( -1.396592535537253300E-015, 0.0000000000000000000, -0.4000000000000000200 ) ) ;
#1314 = ORIENTED_EDGE ( 'NONE', *, *, #3316, .F. ) ;
#1315 = DIRECTION ( 'NONE',  ( -3.491481338843133400E-015, 0.0000000000000000000, -1.000000000000000000 ) ) ;
#1316 = CARTESIAN_POINT ( 'NONE',  ( -0.3499999999999985900, 0.0000000000000000000, 0.3000000000000013200 ) ) ;
#1317 =( NAMED_UNIT ( * ) SI_UNIT ( $, .STERADIAN. ) SOLID_ANGLE_UNIT ( ) );
#1318 = DIRECTION ( 'NONE',  ( 1.807003620809174900E-016, 1.000000000000000000, -6.309119421277207300E-031 ) ) ;
#1319 = VECTOR ( 'NONE', #1732, 1000.000000000000000 ) ;
#1320 = ORIENTED_EDGE ( 'NONE', *, *, #1973, .F. ) ;
#1321 = CARTESIAN_POINT ( 'NONE',  ( 0.8499999999999968700, 0.6655164807134507100, -0.9000000000000033500 ) ) ;
#1322 = ORIENTED_EDGE ( 'NONE', *, *, #4272, .F. ) ;
#1323 = EDGE_CURVE ( 'NONE', #2013, #4046, #3734, .T. ) ;
#1324 = EDGE_LOOP ( 'NONE', ( #3650, #3054, #3641, #1887 ) ) ;
#1325 = CARTESIAN_POINT ( 'NONE',  ( -0.8500000000000020900, 0.04999999999999999600, -0.6999999999999974000 ) ) ;
#1326 = LINE ( 'NONE', #1051, #3199 ) ;
#1327 = CARTESIAN_POINT ( 'NONE',  ( -0.3500000000000020300, 0.1270000000000000000, -0.6999999999999991800 ) ) ;
#1328 = ORIENTED_EDGE ( 'NONE', *, *, #800, .F. ) ;
#1329 = ADVANCED_FACE ( 'NONE', ( #4330 ), #3014, .T. ) ;
#1330 = ORIENTED_EDGE ( 'NONE', *, *, #2520, .T. ) ;
#1331 = VERTEX_POINT ( 'NONE', #265 ) ;
#1332 = VECTOR ( 'NONE', #3593, 1000.000000000000000 ) ;
#1333 = DIRECTION ( 'NONE',  ( 3.708321773340234200E-015, 0.0000000000000000000, 1.000000000000000000 ) ) ;
#1334 = ORIENTED_EDGE ( 'NONE', *, *, #1401, .F. ) ;
#1335 = CARTESIAN_POINT ( 'NONE',  ( -0.3499999999999978700, 0.6655164807134507100, 0.5000000000000010000 ) ) ;
#1336 = CARTESIAN_POINT ( 'NONE',  ( -0.3500000000000030900, 0.1270000000000000000, -0.9999999999999986700 ) ) ;
#1337 = ORIENTED_EDGE ( 'NONE', *, *, #2880, .T. ) ;
#1338 = VECTOR ( 'NONE', #2832, 1000.000000000000000 ) ;
#1339 = VECTOR ( 'NONE', #3679, 1000.000000000000000 ) ;
#1340 = DIRECTION ( 'NONE',  ( -1.000000000000000000, 0.0000000000000000000, 3.491481338843133400E-015 ) ) ;
#1341 = CARTESIAN_POINT ( 'NONE',  ( -0.3500000000000027500, 0.6655164807134507100, -0.8999999999999988000 ) ) ;
#1342 = ORIENTED_EDGE ( 'NONE', *, *, #2619, .T. ) ;
#1343 = VECTOR ( 'NONE', #455, 1000.000000000000000 ) ;
#1344 = LINE ( 'NONE', #2755, #388 ) ;
#1345 = DIRECTION ( 'NONE',  ( 1.000000000000000000, 0.0000000000000000000, -3.491481338843133400E-015 ) ) ;
#1346 = AXIS2_PLACEMENT_3D ( 'NONE', #1611, #2617, #1955 ) ;
#1347 = CARTESIAN_POINT ( 'NONE',  ( 0.3499999999999988100, 0.1269999999999999500, -0.3000000000000016000 ) ) ;
#1348 = LINE ( 'NONE', #3044, #193 ) ;
#1349 = CARTESIAN_POINT ( 'NONE',  ( 0.3500000000000008700, 0.1269999999999999500, 0.2999999999999988200 ) ) ;
#1350 = DIRECTION ( 'NONE',  ( 0.0000000000000000000, 1.000000000000000000, 0.0000000000000000000 ) ) ;
#1351 = CARTESIAN_POINT ( 'NONE',  ( -0.8499999999999970900, 0.6655164807134507100, 0.7000000000000026200 ) ) ;
#1352 = EDGE_CURVE ( 'NONE', #760, #2946, #3119, .T. ) ;
#1353 = FACE_OUTER_BOUND ( 'NONE', #4150, .T. ) ;
#1354 = ADVANCED_FACE ( 'NONE', ( #2200 ), #911, .F. ) ;
#1355 = EDGE_CURVE ( 'NONE', #2692, #1255, #1289, .T. ) ;
#1356 = EDGE_LOOP ( 'NONE', ( #1942, #4340, #1225, #1257 ) ) ;
#1357 = LINE ( 'NONE', #2116, #1876 ) ;
#1358 = ORIENTED_EDGE ( 'NONE', *, *, #2444, .T. ) ;
#1359 = CARTESIAN_POINT ( 'NONE',  ( -0.3500000000000020300, 0.1270000000000000000, -0.6999999999999991800 ) ) ;
#1360 = FACE_OUTER_BOUND ( 'NONE', #2844, .T. ) ;
#1361 = PRESENTATION_LAYER_ASSIGNMENT (  '', '', ( #3548 ) ) ;
#1362 = CLOSED_SHELL ( 'NONE', ( #1972, #1128, #761, #2772, #1106, #980 ) ) ;
#1363 = FILL_AREA_STYLE_COLOUR ( '', #2364 ) ;
#1364 = FACE_OUTER_BOUND ( 'NONE', #1095, .T. ) ;
#1365 = CARTESIAN_POINT ( 'NONE',  ( -0.8499999999999967600, 0.05000000000000000300, 0.7000000000000026200 ) ) ;
#1366 = EDGE_CURVE ( 'NONE', #2436, #647, #2466, .T. ) ;
#1367 = ORIENTED_EDGE ( 'NONE', *, *, #1157, .F. ) ;
#1368 = VECTOR ( 'NONE', #3186, 1000.000000000000000 ) ;
#1369 = FILL_AREA_STYLE_COLOUR ( '', #3665 ) ;
#1370 = ORIENTED_EDGE ( 'NONE', *, *, #4130, .T. ) ;
#1371 = EDGE_CURVE ( 'NONE', #285, #2124, #83, .T. ) ;
#1372 = CARTESIAN_POINT ( 'NONE',  ( 0.8499999999999983100, 0.1270000000000000000, -0.5000000000000033300 ) ) ;
#1373 = ADVANCED_FACE ( 'NONE', ( #4273 ), #928, .T. ) ;
#1374 = VERTEX_POINT ( 'NONE', #3313 ) ;
#1375 = PLANE ( 'NONE',  #4131 ) ;
#1376 = LINE ( 'NONE', #1263, #3874 ) ;
#1377 = CARTESIAN_POINT ( 'NONE',  ( 0.3500000000000022500, 0.1270000000000000000, 0.6999999999999989600 ) ) ;
#1378 = ORIENTED_EDGE ( 'NONE', *, *, #1831, .F. ) ;
#1379 = DIRECTION ( 'NONE',  ( -1.000000000000000000, 0.0000000000000000000, 3.491481338843133400E-015 ) ) ;
#1380 = LINE ( 'NONE', #149, #322 ) ;
#1381 = LINE ( 'NONE', #1702, #484 ) ;
#1382 = ORIENTED_EDGE ( 'NONE', *, *, #3223, .T. ) ;
#1383 = PLANE ( 'NONE',  #4226 ) ;
#1384 = EDGE_CURVE ( 'NONE', #2417, #606, #2033, .T. ) ;
#1385 = VECTOR ( 'NONE', #3776, 1000.000000000000000 ) ;
#1386 = ORIENTED_EDGE ( 'NONE', *, *, #1412, .F. ) ;
#1387 = VERTEX_POINT ( 'NONE', #2672 ) ;
#1388 = DIRECTION ( 'NONE',  ( -1.000000000000000000, -0.0000000000000000000, 3.491481338843133400E-015 ) ) ;
#1389 = DIRECTION ( 'NONE',  ( 0.0000000000000000000, -1.000000000000000000, -0.0000000000000000000 ) ) ;
#1390 = MANIFOLD_SOLID_BREP ( 'Body-Move/Copy1[10]', #2893 ) ;
#1391 = FACE_BOUND ( 'NONE', #3928, .T. ) ;
#1392 = DIRECTION ( 'NONE',  ( 1.000000000000000000, 0.0000000000000000000, -2.624119600854729800E-015 ) ) ;
#1393 = ORIENTED_EDGE ( 'NONE', *, *, #232, .F. ) ;
#1394 = CARTESIAN_POINT ( 'NONE',  ( 0.3500000000000015900, 0.1269999999999999500, 0.4999999999999986100 ) ) ;
#1395 = CARTESIAN_POINT ( 'NONE',  ( 0.0000000000000000000, 0.0000000000000000000, 0.0000000000000000000 ) ) ;
#1396 = LINE ( 'NONE', #3048, #3209 ) ;
#1397 = CARTESIAN_POINT ( 'NONE',  ( -0.6990214479611996900, 0.5000000000000000000, -0.7897957293225819100 ) ) ;
#1398 = VECTOR ( 'NONE', #815, 1000.000000000000000 ) ;
#1399 = DIRECTION ( 'NONE',  ( 3.491481338843133400E-015, 0.0000000000000000000, 1.000000000000000000 ) ) ;
#1400 = ADVANCED_FACE ( 'NONE', ( #138 ), #1697, .T. ) ;
#1401 = EDGE_CURVE ( 'NONE', #4180, #3668, #919, .T. ) ;
#1402 = VECTOR ( 'NONE', #2655, 1000.000000000000000 ) ;
#1403 = DIRECTION ( 'NONE',  ( 1.000000000000000000, 0.0000000000000000000, -3.491481338843133400E-015 ) ) ;
#1404 = DIRECTION ( 'NONE',  ( 0.0000000000000000000, -1.000000000000000000, -0.0000000000000000000 ) ) ;
#1405 = DIRECTION ( 'NONE',  ( 1.000000000000000000, 1.807003620809174600E-016, -3.491481338843133400E-015 ) ) ;
#1406 = FACE_OUTER_BOUND ( 'NONE', #1432, .T. ) ;
#1407 = CARTESIAN_POINT ( 'NONE',  ( -0.3499999999999964800, 0.1270000000000000000, 0.9000000000000009100 ) ) ;
#1408 =( LENGTH_UNIT ( ) NAMED_UNIT ( * ) SI_UNIT ( .MILLI., .METRE. ) );
#1409 = SURFACE_SIDE_STYLE ('',( #629 ) ) ;
#1410 = VERTEX_POINT ( 'NONE', #2327 ) ;
#1411 = LINE ( 'NONE', #903, #2209 ) ;
#1412 = EDGE_CURVE ( 'NONE', #3983, #32, #1344, .T. ) ;
#1413 = ORIENTED_EDGE ( 'NONE', *, *, #3645, .T. ) ;
#1414 = DIRECTION ( 'NONE',  ( -3.491481338843133400E-015, 0.0000000000000000000, -1.000000000000000000 ) ) ;
#1415 = DIRECTION ( 'NONE',  ( 0.0000000000000000000, 1.000000000000000000, 0.0000000000000000000 ) ) ;
#1416 = VECTOR ( 'NONE', #4215, 1000.000000000000000 ) ;
#1417 = DIRECTION ( 'NONE',  ( 3.491481338843133400E-015, -0.0000000000000000000, 1.000000000000000000 ) ) ;
#1418 = LINE ( 'NONE', #2512, #3699 ) ;
#1419 = ADVANCED_FACE ( 'NONE', ( #3320 ), #3365, .T. ) ;
#1420 = DIRECTION ( 'NONE',  ( 0.0000000000000000000, -1.000000000000000000, -0.0000000000000000000 ) ) ;
#1421 = EDGE_LOOP ( 'NONE', ( #2257, #568, #1218, #1846 ) ) ;
#1422 = DIRECTION ( 'NONE',  ( 0.0000000000000000000, -1.000000000000000000, -0.0000000000000000000 ) ) ;
#1423 = VECTOR ( 'NONE', #1290, 1000.000000000000000 ) ;
#1424 = DIRECTION ( 'NONE',  ( -1.000000000000000000, 0.0000000000000000000, 3.491481338843133400E-015 ) ) ;
#1425 = EDGE_CURVE ( 'NONE', #3385, #1743, #237, .T. ) ;
#1426 = CARTESIAN_POINT ( 'NONE',  ( 0.8499999999999975400, 0.1270000000000000000, -0.7000000000000032900 ) ) ;
#1427 = DIRECTION ( 'NONE',  ( 0.0000000000000000000, 1.000000000000000000, 0.0000000000000000000 ) ) ;
#1428 = FACE_OUTER_BOUND ( 'NONE', #739, .T. ) ;
#1429 = STYLED_ITEM ( 'NONE', ( #2634 ), #4361 ) ;
#1430 = CARTESIAN_POINT ( 'NONE',  ( -0.5272618704128497800, 0.4500000000000000100, -0.7897957293225824600 ) ) ;
#1431 = ORIENTED_EDGE ( 'NONE', *, *, #3494, .T. ) ;
#1432 = EDGE_LOOP ( 'NONE', ( #2000, #1112, #3936, #2017 ) ) ;
#1433 = SURFACE_STYLE_FILL_AREA ( #4122 ) ;
#1434 = VERTEX_POINT ( 'NONE', #2383 ) ;
#1435 = CARTESIAN_POINT ( 'NONE',  ( -0.3500000000000013700, 0.1269999999999999500, -0.4999999999999988300 ) ) ;
#1436 = CARTESIAN_POINT ( 'NONE',  ( -0.3499999999999961500, 0.1269999999999999500, 1.000000000000001300 ) ) ;
#1437 = ORIENTED_EDGE ( 'NONE', *, *, #3875, .F. ) ;
#1438 = LINE ( 'NONE', #3565, #2841 ) ;
#1439 = ADVANCED_FACE ( 'NONE', ( #3841 ), #1676, .T. ) ;
#1440 = VERTEX_POINT ( 'NONE', #47 ) ;
#1441 = ORIENTED_EDGE ( 'NONE', *, *, #4038, .F. ) ;
#1442 = DIRECTION ( 'NONE',  ( 3.491481338843133400E-015, 0.0000000000000000000, 1.000000000000000000 ) ) ;
#1443 = DIRECTION ( 'NONE',  ( -1.000000000000000000, 0.0000000000000000000, 3.491481338843133400E-015 ) ) ;
#1444 = EDGE_CURVE ( 'NONE', #418, #2261, #1497, .T. ) ;
#1445 = FACE_OUTER_BOUND ( 'NONE', #3105, .T. ) ;
#1446 = FACE_OUTER_BOUND ( 'NONE', #2119, .T. ) ;
#1447 = ORIENTED_EDGE ( 'NONE', *, *, #2060, .F. ) ;
#1448 = DIRECTION ( 'NONE',  ( 3.491481338843133400E-015, 0.0000000000000000000, 1.000000000000000000 ) ) ;
#1449 = FACE_OUTER_BOUND ( 'NONE', #1066, .T. ) ;
#1450 = EDGE_CURVE ( 'NONE', #2239, #2049, #3522, .T. ) ;
#1451 = AXIS2_PLACEMENT_3D ( 'NONE', #3040, #2640, #1259 ) ;
#1452 = ORIENTED_EDGE ( 'NONE', *, *, #1371, .T. ) ;
#1453 = FACE_OUTER_BOUND ( 'NONE', #1885, .T. ) ;
#1454 = EDGE_CURVE ( 'NONE', #935, #874, #2141, .T. ) ;
#1455 = AXIS2_PLACEMENT_3D ( 'NONE', #573, #4331, #1245 ) ;
#1456 = ORIENTED_EDGE ( 'NONE', *, *, #4190, .F. ) ;
#1457 = DIRECTION ( 'NONE',  ( 0.0000000000000000000, -1.000000000000000000, 0.0000000000000000000 ) ) ;
#1458 = VECTOR ( 'NONE', #2823, 1000.000000000000000 ) ;
#1459 = CARTESIAN_POINT ( 'NONE',  ( -0.8499999999999985300, 0.1269999999999999500, 0.3000000000000026500 ) ) ;
#1460 = ORIENTED_EDGE ( 'NONE', *, *, #1920, .T. ) ;
#1461 = LINE ( 'NONE', #2990, #1562 ) ;
#1462 = CARTESIAN_POINT ( 'NONE',  ( 0.8499999999999969800, 0.05000000000000000300, -1.000000000000003100 ) ) ;
#1463 = EDGE_LOOP ( 'NONE', ( #3828, #438, #3080, #3064 ) ) ;
#1464 = ADVANCED_FACE ( 'NONE', ( #820 ), #2090, .F. ) ;
#1465 = VECTOR ( 'NONE', #538, 1000.000000000000000 ) ;
#1466 = DIRECTION ( 'NONE',  ( 1.000000000000000000, 0.0000000000000000000, -4.358843076831536900E-015 ) ) ;
#1467 = PLANE ( 'NONE',  #917 ) ;
#1468 = VERTEX_POINT ( 'NONE', #1426 ) ;
#1469 = MANIFOLD_SOLID_BREP ( 'Body-Move/Copy1[7]', #3050 ) ;
#1470 = EDGE_CURVE ( 'NONE', #1909, #768, #662, .T. ) ;
#1471 = DIRECTION ( 'NONE',  ( 0.0000000000000000000, 1.000000000000000000, 0.0000000000000000000 ) ) ;
#1472 = CARTESIAN_POINT ( 'NONE',  ( -0.3499999999999972000, 0.04999999999999999600, 0.7000000000000012900 ) ) ;
#1473 = DIRECTION ( 'NONE',  ( 1.000000000000000000, 0.0000000000000000000, -3.491481338843133400E-015 ) ) ;
#1474 = PRESENTATION_STYLE_ASSIGNMENT (( #1755 ) ) ;
#1475 = AXIS2_PLACEMENT_3D ( 'NONE', #3296, #954, #2605 ) ;
#1476 = CARTESIAN_POINT ( 'NONE',  ( -2.179421538415766900E-015, 0.05000000000000000300, -0.4999999999999996700 ) ) ;
#1477 = CARTESIAN_POINT ( 'NONE',  ( 0.3499999999999980900, 0.1270000000000000000, -0.5000000000000012200 ) ) ;
#1478 = DIRECTION ( 'NONE',  ( 2.624119600854729800E-015, 0.0000000000000000000, 1.000000000000000000 ) ) ;
#1479 = FACE_OUTER_BOUND ( 'NONE', #701, .T. ) ;
#1480 = ADVANCED_FACE ( 'NONE', ( #1449 ), #376, .F. ) ;
#1481 = CLOSED_SHELL ( 'NONE', ( #3407, #2446, #2018, #4294, #4099, #608 ) ) ;
#1482 = CARTESIAN_POINT ( 'NONE',  ( -0.6131416591870246800, 0.5000000000000000000, -0.7897957293225821300 ) ) ;
#1483 = FACE_OUTER_BOUND ( 'NONE', #1310, .T. ) ;
#1484 = ORIENTED_EDGE ( 'NONE', *, *, #2334, .F. ) ;
#1485 = EDGE_LOOP ( 'NONE', ( #317, #2723 ) ) ;
#1486 = ORIENTED_EDGE ( 'NONE', *, *, #560, .T. ) ;
#1487 = EDGE_CURVE ( 'NONE', #606, #3790, #2301, .T. ) ;
#1488 = CLOSED_SHELL ( 'NONE', ( #3386, #2551, #4076, #2156, #552, #3784 ) ) ;
#1489 = FACE_OUTER_BOUND ( 'NONE', #1963, .T. ) ;
#1490 = VERTEX_POINT ( 'NONE', #3775 ) ;
#1491 = ORIENTED_EDGE ( 'NONE', *, *, #3055, .F. ) ;
#1492 = LINE ( 'NONE', #2005, #4320 ) ;
#1493 = CARTESIAN_POINT ( 'NONE',  ( -0.3499999999999963100, 0.07699999999999997100, 0.9500000000000011800 ) ) ;
#1494 = VERTEX_POINT ( 'NONE', #3449 ) ;
#1495 = ORIENTED_EDGE ( 'NONE', *, *, #1210, .F. ) ;
#1496 = LINE ( 'NONE', #2146, #2622 ) ;
#1497 = LINE ( 'NONE', #3464, #4112 ) ;
#1498 = DIRECTION ( 'NONE',  ( -1.000000000000000000, 0.0000000000000000000, 3.491481338843133400E-015 ) ) ;
#1499 = CARTESIAN_POINT ( 'NONE',  ( -0.3500000000000020300, 0.04999999999999999600, -0.6999999999999991800 ) ) ;
#1500 = PRESENTATION_STYLE_ASSIGNMENT (( #1576 ) ) ;
#1501 = CARTESIAN_POINT ( 'NONE',  ( 0.8499999999999968700, 0.04999999999999999600, -0.9000000000000033500 ) ) ;
#1502 = ORIENTED_EDGE ( 'NONE', *, *, #1517, .F. ) ;
#1503 = AXIS2_PLACEMENT_3D ( 'NONE', #2430, #2800, #1103 ) ;
#1504 = VECTOR ( 'NONE', #2742, 1000.000000000000000 ) ;
#1505 = CARTESIAN_POINT ( 'NONE',  ( -0.3500000000000020300, 0.0000000000000000000, -0.6999999999999991800 ) ) ;
#1506 = ORIENTED_EDGE ( 'NONE', *, *, #3544, .T. ) ;
#1507 = EDGE_LOOP ( 'NONE', ( #1491, #2728, #1663, #2118 ) ) ;
#1508 = VECTOR ( 'NONE', #3402, 1000.000000000000000 ) ;
#1509 = CARTESIAN_POINT ( 'NONE',  ( 1.307652923049462600E-015, 0.05000000000000000300, 0.3000000000000004300 ) ) ;
#1510 = DIRECTION ( 'NONE',  ( -3.491481338843133400E-015, 0.0000000000000000000, -1.000000000000000000 ) ) ;
#1511 = DIRECTION ( 'NONE',  ( -1.000000000000000000, 0.0000000000000000000, 3.491481338843133400E-015 ) ) ;
#1512 = ORIENTED_EDGE ( 'NONE', *, *, #167, .T. ) ;
#1513 = ORIENTED_EDGE ( 'NONE', *, *, #173, .T. ) ;
#1514 = VERTEX_POINT ( 'NONE', #1088 ) ;
#1515 = DIRECTION ( 'NONE',  ( 3.491481338843133400E-015, 0.0000000000000000000, 1.000000000000000000 ) ) ;
#1516 = CARTESIAN_POINT ( 'NONE',  ( 0.8500000000000025300, 0.1270000000000000000, 0.6999999999999967400 ) ) ;
#1517 = EDGE_CURVE ( 'NONE', #152, #230, #3012, .T. ) ;
#1518 = CARTESIAN_POINT ( 'NONE',  ( -0.3500000000000027500, 0.1270000000000000000, -0.8999999999999988000 ) ) ;
#1519 = EDGE_LOOP ( 'NONE', ( #3131, #3330, #1118, #2560 ) ) ;
#1520 = CARTESIAN_POINT ( 'NONE',  ( 0.3500000000000022500, 0.1269999999999999500, 0.6999999999999989600 ) ) ;
#1521 = UNCERTAINTY_MEASURE_WITH_UNIT (LENGTH_MEASURE( 1.000000000000000100E-005 ), #1408, 'distance_accuracy_value', 'NONE');
#1522 = VECTOR ( 'NONE', #26, 1000.000000000000000 ) ;
#1523 = EDGE_CURVE ( 'NONE', #1564, #1917, #2077, .T. ) ;
#1524 = LINE ( 'NONE', #3359, #3815 ) ;
#1525 = PLANE ( 'NONE',  #3695 ) ;
#1526 = AXIS2_PLACEMENT_3D ( 'NONE', #450, #790, #2878 ) ;
#1527 = LINE ( 'NONE', #678, #951 ) ;
#1528 = DIRECTION ( 'NONE',  ( 0.0000000000000000000, -1.000000000000000000, -0.0000000000000000000 ) ) ;
#1529 = CARTESIAN_POINT ( 'NONE',  ( 0.3499999999999967000, 0.1269999999999999500, -0.9000000000000011300 ) ) ;
#1530 = EDGE_LOOP ( 'NONE', ( #835, #2783, #1281, #3340 ) ) ;
#1531 = DIRECTION ( 'NONE',  ( -1.000000000000000000, -0.0000000000000000000, 4.358843076831536900E-015 ) ) ;
#1532 = EDGE_CURVE ( 'NONE', #2424, #1490, #501, .T. ) ;
#1533 = EDGE_CURVE ( 'NONE', #2956, #1440, #1130, .T. ) ;
#1534 = AXIS2_PLACEMENT_3D ( 'NONE', #766, #1478, #2171 ) ;
#1535 = ORIENTED_EDGE ( 'NONE', *, *, #3945, .T. ) ;
#1536 = VECTOR ( 'NONE', #1961, 1000.000000000000000 ) ;
#1537 = ORIENTED_EDGE ( 'NONE', *, *, #2003, .F. ) ;
#1538 = SURFACE_STYLE_USAGE ( .BOTH. , #192 ) ;
#1539 = EDGE_LOOP ( 'NONE', ( #1034, #2925, #3459, #1231 ) ) ;
#1540 = CARTESIAN_POINT ( 'NONE',  ( -0.8500000000000013100, 0.1270000000000000000, -0.4999999999999975000 ) ) ;
#1541 = EDGE_LOOP ( 'NONE', ( #3540, #3428, #3508, #2578 ) ) ;
#1542 = FACE_OUTER_BOUND ( 'NONE', #2063, .T. ) ;
#1543 = VERTEX_POINT ( 'NONE', #1472 ) ;
#1544 = ORIENTED_EDGE ( 'NONE', *, *, #1973, .T. ) ;
#1545 = DIRECTION ( 'NONE',  ( 0.0000000000000000000, -1.000000000000000000, -0.0000000000000000000 ) ) ;
#1546 = VECTOR ( 'NONE', #380, 1000.000000000000000 ) ;
#1547 = DIRECTION ( 'NONE',  ( -0.0000000000000000000, -1.000000000000000000, 0.0000000000000000000 ) ) ;
#1548 = EDGE_CURVE ( 'NONE', #2791, #1556, #551, .T. ) ;
#1549 = DIRECTION ( 'NONE',  ( 0.0000000000000000000, -1.000000000000000000, -0.0000000000000000000 ) ) ;
#1550 = VECTOR ( 'NONE', #682, 1000.000000000000000 ) ;
#1551 = CARTESIAN_POINT ( 'NONE',  ( 0.5000000000000024400, 0.1269999999999999700, 0.7918861169915792900 ) ) ;
#1552 = DIRECTION ( 'NONE',  ( -0.0000000000000000000, -1.000000000000000000, 0.0000000000000000000 ) ) ;
#1553 = FACE_OUTER_BOUND ( 'NONE', #1324, .T. ) ;
#1554 = DIRECTION ( 'NONE',  ( 3.491481338843133400E-015, 0.0000000000000000000, 1.000000000000000000 ) ) ;
#1555 = PRESENTATION_LAYER_ASSIGNMENT (  '', '', ( #3037 ) ) ;
#1556 = VERTEX_POINT ( 'NONE', #1499 ) ;
#1557 = FACE_OUTER_BOUND ( 'NONE', #3739, .T. ) ;
#1558 = DIRECTION ( 'NONE',  ( -3.491481338843133400E-015, 0.0000000000000000000, -1.000000000000000000 ) ) ;
#1559 = SURFACE_SIDE_STYLE ('',( #2729 ) ) ;
#1560 = PRESENTATION_LAYER_ASSIGNMENT (  '', '', ( #882 ) ) ;
#1561 = ORIENTED_EDGE ( 'NONE', *, *, #114, .T. ) ;
#1562 = VECTOR ( 'NONE', #3331, 1000.000000000000000 ) ;
#1563 = CARTESIAN_POINT ( 'NONE',  ( 7.872358802564199300E-016, 0.05000000000000000300, 0.3000000000000004300 ) ) ;
#1564 = VERTEX_POINT ( 'NONE', #3836 ) ;
#1565 = CARTESIAN_POINT ( 'NONE',  ( -0.8500000000000007500, 0.04999999999999999600, -0.2999999999999973800 ) ) ;
#1566 = VECTOR ( 'NONE', #2474, 1000.000000000000000 ) ;
#1567 = ADVANCED_FACE ( 'NONE', ( #4058 ), #459, .F. ) ;
#1568 = AXIS2_PLACEMENT_3D ( 'NONE', #2642, #3654, #3041 ) ;
#1569 = ORIENTED_EDGE ( 'NONE', *, *, #2341, .T. ) ;
#1570 = CARTESIAN_POINT ( 'NONE',  ( 0.3499999999999968700, 0.1269999999999999500, -0.7918861169915821800 ) ) ;
#1571 = CARTESIAN_POINT ( 'NONE',  ( -0.5000000000000027800, 0.0000000000000000000, -0.8999999999999982500 ) ) ;
#1572 = CLOSED_SHELL ( 'NONE', ( #804, #2487, #1653, #3490, #4052, #3072 ) ) ;
#1573 = DIRECTION ( 'NONE',  ( 1.000000000000000000, 0.0000000000000000000, -3.491481338843133400E-015 ) ) ;
#1574 = EDGE_LOOP ( 'NONE', ( #2186, #3392, #569, #3455 ) ) ;
#1575 = EDGE_LOOP ( 'NONE', ( #2174, #3697, #635, #1258 ) ) ;
#1576 = SURFACE_STYLE_USAGE ( .BOTH. , #2971 ) ;
#1577 = EDGE_LOOP ( 'NONE', ( #2638, #1090, #1569, #3723 ) ) ;
#1578 = DIRECTION ( 'NONE',  ( 3.491481338843133400E-015, 0.0000000000000000000, 1.000000000000000000 ) ) ;
#1579 = VECTOR ( 'NONE', #220, 1000.000000000000000 ) ;
#1580 = EDGE_CURVE ( 'NONE', #591, #963, #3165, .T. ) ;
#1581 =( GEOMETRIC_REPRESENTATION_CONTEXT ( 3 ) GLOBAL_UNCERTAINTY_ASSIGNED_CONTEXT ( ( #281 ) ) GLOBAL_UNIT_ASSIGNED_CONTEXT ( ( #1096, #2853, #2509 ) ) REPRESENTATION_CONTEXT ( 'NONE', 'WORKASPACE' ) );
#1582 = ORIENTED_EDGE ( 'NONE', *, *, #2232, .F. ) ;
#1583 = CARTESIAN_POINT ( 'NONE',  ( -0.8499999999999978700, 0.0000000000000000000, 0.5000000000000027800 ) ) ;
#1584 = DIRECTION ( 'NONE',  ( -1.000000000000000000, 0.0000000000000000000, 3.491481338843133400E-015 ) ) ;
#1585 = VECTOR ( 'NONE', #2630, 1000.000000000000000 ) ;
#1586 = ORIENTED_EDGE ( 'NONE', *, *, #781, .T. ) ;
#1587 = AXIS2_PLACEMENT_3D ( 'NONE', #1843, #2198, #1154 ) ;
#1588 = VECTOR ( 'NONE', #3819, 1000.000000000000000 ) ;
#1589 = FILL_AREA_STYLE ('',( #2952 ) ) ;
#1590 = ORIENTED_EDGE ( 'NONE', *, *, #1803, .F. ) ;
#1591 = EDGE_LOOP ( 'NONE', ( #852, #3252, #1686, #1616 ) ) ;
#1592 = FACE_OUTER_BOUND ( 'NONE', #3162, .T. ) ;
#1593 = CARTESIAN_POINT ( 'NONE',  ( -0.3499999999999964800, 0.1270000000000000000, 0.9000000000000009100 ) ) ;
#1594 = EDGE_CURVE ( 'NONE', #3719, #3532, #3729, .T. ) ;
#1595 = ORIENTED_EDGE ( 'NONE', *, *, #741, .T. ) ;
#1596 = AXIS2_PLACEMENT_3D ( 'NONE', #1804, #3873, #2468 ) ;
#1597 = ORIENTED_EDGE ( 'NONE', *, *, #96, .T. ) ;
#1598 = PRESENTATION_STYLE_ASSIGNMENT (( #2720 ) ) ;
#1599 = CARTESIAN_POINT ( 'NONE',  ( -0.5000000000000027800, 0.6655164807134507100, -0.8999999999999983600 ) ) ;
#1600 = DIRECTION ( 'NONE',  ( 0.0000000000000000000, -1.000000000000000000, -0.0000000000000000000 ) ) ;
#1601 = PLANE ( 'NONE',  #1959 ) ;
#1602 = DIRECTION ( 'NONE',  ( 3.491481338843133400E-015, 0.0000000000000000000, 1.000000000000000000 ) ) ;
#1603 = ORIENTED_EDGE ( 'NONE', *, *, #1297, .T. ) ;
#1604 = FACE_OUTER_BOUND ( 'NONE', #1849, .T. ) ;
#1605 = COLOUR_RGB ( '',0.7921568627450980000, 0.8196078431372548800, 0.9333333333333333500 ) ;
#1606 = DIRECTION ( 'NONE',  ( 1.000000000000000000, 0.0000000000000000000, -3.491481338843133400E-015 ) ) ;
#1607 = DIRECTION ( 'NONE',  ( 3.491481338843133400E-015, 0.0000000000000000000, 1.000000000000000000 ) ) ;
#1608 = EDGE_CURVE ( 'NONE', #328, #2399, #1925, .T. ) ;
#1609 = CARTESIAN_POINT ( 'NONE',  ( -0.3500000000000013700, 0.1270000000000000000, -0.4999999999999988300 ) ) ;
#1610 = CARTESIAN_POINT ( 'NONE',  ( 0.8500000000000012000, 0.04999999999999999600, 0.2999999999999966600 ) ) ;
#1611 = CARTESIAN_POINT ( 'NONE',  ( 0.5000000000000028900, 0.07699999999999997100, 0.9499999999999982900 ) ) ;
#1612 = FILL_AREA_STYLE ('',( #4244 ) ) ;
#1613 = PRODUCT_DEFINITION_SHAPE ( 'NONE', 'NONE',  #613 ) ;
#1614 = FACE_OUTER_BOUND ( 'NONE', #2166, .T. ) ;
#1615 = ADVANCED_FACE ( 'NONE', ( #2251 ), #2157, .T. ) ;
#1616 = ORIENTED_EDGE ( 'NONE', *, *, #1922, .T. ) ;
#1617 = FACE_OUTER_BOUND ( 'NONE', #1832, .T. ) ;
#1618 = CARTESIAN_POINT ( 'NONE',  ( 0.0000000000000000000, 0.1270000000000000000, 0.0000000000000000000 ) ) ;
#1619 = EDGE_LOOP ( 'NONE', ( #808, #639, #3227, #2872, #2599, #2521, #2543, #597, #4010, #2293, #3848, #4326, #3833, #616, #2903, #3802, #478, #848, #3863, #2639, #3201, #2351, #1173, #3158 ) ) ;
#1620 = VECTOR ( 'NONE', #1531, 1000.000000000000000 ) ;
#1621 = VERTEX_POINT ( 'NONE', #824 ) ;
#1622 = LINE ( 'NONE', #421, #3967 ) ;
#1623 = DIRECTION ( 'NONE',  ( 1.000000000000000000, 0.0000000000000000000, -3.491481338843133400E-015 ) ) ;
#1624 = DIRECTION ( 'NONE',  ( -1.000000000000000000, 0.0000000000000000000, 3.491481338843133400E-015 ) ) ;
#1625 = CARTESIAN_POINT ( 'NONE',  ( -0.5000000000000030000, 0.4624101966249681800, -0.9999999999999983300 ) ) ;
#1626 = CARTESIAN_POINT ( 'NONE',  ( -0.3499999999999961500, 0.07699999999999997100, 1.000000000000001300 ) ) ;
#1627 = EDGE_CURVE ( 'NONE', #2323, #2731, #2905, .T. ) ;
#1628 = LINE ( 'NONE', #2647, #587 ) ;
#1629 = CARTESIAN_POINT ( 'NONE',  ( 0.8499999999999969800, 0.05000000000000000300, -1.000000000000003100 ) ) ;
#1630 = ADVANCED_FACE ( 'NONE', ( #134 ), #4198, .F. ) ;
#1631 = ORIENTED_EDGE ( 'NONE', *, *, #3916, .T. ) ;
#1632 = DIRECTION ( 'NONE',  ( -1.000000000000000000, 0.0000000000000000000, 3.491481338843133400E-015 ) ) ;
#1633 = ORIENTED_EDGE ( 'NONE', *, *, #3973, .F. ) ;
#1634 = DIRECTION ( 'NONE',  ( 0.0000000000000000000, 1.000000000000000000, 0.0000000000000000000 ) ) ;
#1635 = DIRECTION ( 'NONE',  ( 3.708321773340234200E-015, 0.0000000000000000000, 1.000000000000000000 ) ) ;
#1636 = ORIENTED_EDGE ( 'NONE', *, *, #44, .F. ) ;
#1637 =( NAMED_UNIT ( * ) PLANE_ANGLE_UNIT ( ) SI_UNIT ( $, .RADIAN. ) );
#1638 = PLANE ( 'NONE',  #3959 ) ;
#1639 = ORIENTED_EDGE ( 'NONE', *, *, #2918, .T. ) ;
#1640 = AXIS2_PLACEMENT_3D ( 'NONE', #3221, #1187, #1511 ) ;
#1641 = EDGE_LOOP ( 'NONE', ( #1246, #3553, #2513, #1072 ) ) ;
#1642 = ORIENTED_EDGE ( 'NONE', *, *, #2918, .F. ) ;
#1643 = ORIENTED_EDGE ( 'NONE', *, *, #3891, .F. ) ;
#1644 = ORIENTED_EDGE ( 'NONE', *, *, #2385, .T. ) ;
#1645 = DIRECTION ( 'NONE',  ( 3.491481338843133400E-015, 0.0000000000000000000, 1.000000000000000000 ) ) ;
#1646 = AXIS2_PLACEMENT_3D ( 'NONE', #3505, #1471, #4146 ) ;
#1647 = CIRCLE ( 'NONE', #2195, 0.08587978877417495900 ) ;
#1648 = DIRECTION ( 'NONE',  ( 0.0000000000000000000, -1.000000000000000000, 0.0000000000000000000 ) ) ;
#1649 = CARTESIAN_POINT ( 'NONE',  ( 0.3499999999999963100, 0.07699999999999997100, -0.9500000000000011800 ) ) ;
#1650 = CARTESIAN_POINT ( 'NONE',  ( -0.3500000000000006400, 0.1270000000000000000, -0.2999999999999991000 ) ) ;
#1651 = VECTOR ( 'NONE', #3250, 1000.000000000000000 ) ;
#1652 = CARTESIAN_POINT ( 'NONE',  ( -0.4999999999999961100, 0.07699999999999997100, 1.000000000000001800 ) ) ;
#1653 = ADVANCED_FACE ( 'NONE', ( #4222 ), #839, .F. ) ;
#1654 = LINE ( 'NONE', #981, #457 ) ;
#1655 = LINE ( 'NONE', #3270, #1988 ) ;
#1656 = EDGE_CURVE ( 'NONE', #2866, #3418, #1237, .T. ) ;
#1657 = DIRECTION ( 'NONE',  ( -0.0000000000000000000, -1.000000000000000000, 0.0000000000000000000 ) ) ;
#1658 =( NAMED_UNIT ( * ) PLANE_ANGLE_UNIT ( ) SI_UNIT ( $, .RADIAN. ) );
#1659 = ORIENTED_EDGE ( 'NONE', *, *, #564, .T. ) ;
#1660 = ORIENTED_EDGE ( 'NONE', *, *, #3460, .F. ) ;
#1661 = STYLED_ITEM ( 'NONE', ( #1598 ), #2263 ) ;
#1662 = LINE ( 'NONE', #1311, #3693 ) ;
#1663 = ORIENTED_EDGE ( 'NONE', *, *, #2422, .F. ) ;
#1664 = DIRECTION ( 'NONE',  ( 1.000000000000000000, 0.0000000000000000000, -3.491481338843133400E-015 ) ) ;
#1665 = COLOUR_RGB ( '',0.7921568627450980000, 0.8196078431372548800, 0.9333333333333333500 ) ;
#1666 = ORIENTED_EDGE ( 'NONE', *, *, #1142, .T. ) ;
#1667 = PLANE ( 'NONE',  #238 ) ;
#1668 = PLANE ( 'NONE',  #2349 ) ;
#1669 = LINE ( 'NONE', #1275, #2439 ) ;
#1670 = ADVANCED_FACE ( 'NONE', ( #1179 ), #4283, .T. ) ;
#1671 = CARTESIAN_POINT ( 'NONE',  ( 0.3499999999999998100, 0.05000000000000000300, -1.222018468595096100E-015 ) ) ;
#1672 = DIRECTION ( 'NONE',  ( 1.000000000000000000, 0.0000000000000000000, -3.491481338843133400E-015 ) ) ;
#1673 = CARTESIAN_POINT ( 'NONE',  ( 0.8500000000000025300, 0.6655164807134507100, 0.6999999999999967400 ) ) ;
#1674 = VERTEX_POINT ( 'NONE', #2888 ) ;
#1675 = EDGE_CURVE ( 'NONE', #956, #2956, #452, .T. ) ;
#1676 = PLANE ( 'NONE',  #801 ) ;
#1677 = CARTESIAN_POINT ( 'NONE',  ( -0.3500000000000013700, 0.1269999999999999500, -0.4999999999999988300 ) ) ;
#1678 = VECTOR ( 'NONE', #1015, 1000.000000000000000 ) ;
#1679 = EDGE_CURVE ( 'NONE', #2838, #2779, #1974, .T. ) ;
#1680 = VERTEX_POINT ( 'NONE', #3947 ) ;
#1681 = LINE ( 'NONE', #1203, #4097 ) ;
#1682 = ORIENTED_EDGE ( 'NONE', *, *, #3280, .F. ) ;
#1683 = CARTESIAN_POINT ( 'NONE',  ( -0.3499999999999999200, 0.04999999999999999600, -0.09999999999999871500 ) ) ;
#1684 = ORIENTED_EDGE ( 'NONE', *, *, #3949, .F. ) ;
#1685 = MECHANICAL_DESIGN_GEOMETRIC_PRESENTATION_REPRESENTATION (  '', ( #2216 ), #2390 ) ;
#1686 = ORIENTED_EDGE ( 'NONE', *, *, #650, .T. ) ;
#1687 = LINE ( 'NONE', #351, #4315 ) ;
#1688 = DIRECTION ( 'NONE',  ( 3.491481338843133400E-015, -0.0000000000000000000, 1.000000000000000000 ) ) ;
#1689 = ORIENTED_EDGE ( 'NONE', *, *, #3982, .T. ) ;
#1690 = CARTESIAN_POINT ( 'NONE',  ( 0.3500000000000008700, 0.1269999999999999500, 0.2999999999999988200 ) ) ;
#1691 = ORIENTED_EDGE ( 'NONE', *, *, #15, .T. ) ;
#1692 = VERTEX_POINT ( 'NONE', #1540 ) ;
#1693 = VECTOR ( 'NONE', #1053, 1000.000000000000000 ) ;
#1694 = ADVANCED_FACE ( 'NONE', ( #2851 ), #1913, .T. ) ;
#1695 = AXIS2_PLACEMENT_3D ( 'NONE', #2218, #1886, #4275 ) ;
#1696 = ORIENTED_EDGE ( 'NONE', *, *, #2132, .T. ) ;
#1697 = PLANE ( 'NONE',  #4070 ) ;
#1698 = CARTESIAN_POINT ( 'NONE',  ( -0.4999999999999962300, 0.07699999999999997100, 0.9500000000000017300 ) ) ;
#1699 = VECTOR ( 'NONE', #2975, 1000.000000000000000 ) ;
#1700 = VECTOR ( 'NONE', #392, 1000.000000000000000 ) ;
#1701 = CARTESIAN_POINT ( 'NONE',  ( -0.3500000000000013700, 0.04999999999999999600, -0.4999999999999988300 ) ) ;
#1702 = CARTESIAN_POINT ( 'NONE',  ( -0.8499999999999999800, 0.1270000000000000000, -0.09999999999999739700 ) ) ;
#1703 = MANIFOLD_SOLID_BREP ( 'Body-Move/Copy1[8]', #3408 ) ;
#1704 = CARTESIAN_POINT ( 'NONE',  ( -2.793185071074506700E-015, 0.0000000000000000000, -0.8000000000000000400 ) ) ;
#1705 = FACE_OUTER_BOUND ( 'NONE', #2208, .T. ) ;
#1706 = EDGE_CURVE ( 'NONE', #488, #8, #1076, .T. ) ;
#1707 = CARTESIAN_POINT ( 'NONE',  ( -0.4999999999999961100, 0.1269999999999999700, 1.000000000000001800 ) ) ;
#1708 = DIRECTION ( 'NONE',  ( 1.000000000000000000, 0.0000000000000000000, -3.491481338843133400E-015 ) ) ;
#1709 = FILL_AREA_STYLE_COLOUR ( '', #160 ) ;
#1710 = LINE ( 'NONE', #2135, #557 ) ;
#1711 = EDGE_LOOP ( 'NONE', ( #1714, #3002, #517, #565 ) ) ;
#1712 = FILL_AREA_STYLE_COLOUR ( '', #1605 ) ;
#1713 = DIRECTION ( 'NONE',  ( -1.000000000000000000, 0.0000000000000000000, 3.491481338843133400E-015 ) ) ;
#1714 = ORIENTED_EDGE ( 'NONE', *, *, #2881, .F. ) ;
#1715 = LINE ( 'NONE', #3275, #3583 ) ;
#1716 = EDGE_CURVE ( 'NONE', #3890, #1543, #656, .T. ) ;
#1717 = ADVANCED_FACE ( 'NONE', ( #1446 ), #313, .T. ) ;
#1718 = CARTESIAN_POINT ( 'NONE',  ( 0.3500000000000029200, 0.07699999999999997100, 0.9499999999999988500 ) ) ;
#1719 = ORIENTED_EDGE ( 'NONE', *, *, #258, .F. ) ;
#1720 = CARTESIAN_POINT ( 'NONE',  ( -0.8500000000000007500, 0.1270000000000000000, -0.2999999999999973800 ) ) ;
#1721 = CARTESIAN_POINT ( 'NONE',  ( 0.8499999999999997600, 0.04999999999999999600, -0.1000000000000033400 ) ) ;
#1722 = CARTESIAN_POINT ( 'NONE',  ( -4.189777606611760000E-015, 0.0000000000000000000, -1.200000000000000200 ) ) ;
#1723 = AXIS2_PLACEMENT_3D ( 'NONE', #3219, #1510, #3895 ) ;
#1724 = FACE_OUTER_BOUND ( 'NONE', #1530, .T. ) ;
#1725 = PLANE ( 'NONE',  #131 ) ;
#1726 = ORIENTED_EDGE ( 'NONE', *, *, #3092, .T. ) ;
#1727 = AXIS2_PLACEMENT_3D ( 'NONE', #343, #2732, #3692 ) ;
#1728 = VECTOR ( 'NONE', #276, 1000.000000000000000 ) ;
#1729 = CARTESIAN_POINT ( 'NONE',  ( 0.3500000000000029200, 0.1269999999999999500, 0.9499999999999988500 ) ) ;
#1730 = DIRECTION ( 'NONE',  ( -1.000000000000000000, 0.0000000000000000000, 3.491481338843133400E-015 ) ) ;
#1731 = LINE ( 'NONE', #2833, #2443 ) ;
#1732 = DIRECTION ( 'NONE',  ( -3.491481338843133400E-015, 0.0000000000000000000, -1.000000000000000000 ) ) ;
#1733 = EDGE_CURVE ( 'NONE', #4219, #2923, #2242, .T. ) ;
#1734 = ORIENTED_EDGE ( 'NONE', *, *, #202, .F. ) ;
#1735 = PLANE ( 'NONE',  #4047 ) ;
#1736 = ORIENTED_EDGE ( 'NONE', *, *, #336, .F. ) ;
#1737 = ADVANCED_FACE ( 'NONE', ( #4053 ), #2324, .T. ) ;
#1738 = EDGE_LOOP ( 'NONE', ( #4042, #2348, #3906, #3433 ) ) ;
#1739 = SURFACE_STYLE_USAGE ( .BOTH. , #743 ) ;
#1740 = EDGE_CURVE ( 'NONE', #3301, #3689, #1647, .T. ) ;
#1741 = VECTOR ( 'NONE', #2756, 1000.000000000000000 ) ;
#1742 = ORIENTED_EDGE ( 'NONE', *, *, #4029, .F. ) ;
#1743 = VERTEX_POINT ( 'NONE', #4341 ) ;
#1744 = CARTESIAN_POINT ( 'NONE',  ( -0.4999999999999962300, 0.1269999999999999700, 0.9500000000000017300 ) ) ;
#1745 = ORIENTED_EDGE ( 'NONE', *, *, #2963, .T. ) ;
#1746 = FACE_OUTER_BOUND ( 'NONE', #231, .T. ) ;
#1747 = CARTESIAN_POINT ( 'NONE',  ( 0.3500000000000008700, 0.1270000000000000000, 0.2999999999999988200 ) ) ;
#1748 = EDGE_CURVE ( 'NONE', #2719, #3197, #544, .T. ) ;
#1749 = AXIS2_PLACEMENT_3D ( 'NONE', #4300, #4335, #1278 ) ;
#1750 = EDGE_LOOP ( 'NONE', ( #2976, #712, #324, #827 ) ) ;
#1751 = ORIENTED_EDGE ( 'NONE', *, *, #3726, .F. ) ;
#1752 = DIRECTION ( 'NONE',  ( 0.0000000000000000000, 1.000000000000000000, 0.0000000000000000000 ) ) ;
#1753 = VECTOR ( 'NONE', #1779, 1000.000000000000000 ) ;
#1754 = LINE ( 'NONE', #3068, #2575 ) ;
#1755 = SURFACE_STYLE_USAGE ( .BOTH. , #1409 ) ;
#1756 = EDGE_CURVE ( 'NONE', #1873, #2923, #2682, .T. ) ;
#1757 = LINE ( 'NONE', #1150, #1820 ) ;
#1758 = PLANE ( 'NONE',  #1646 ) ;
#1759 = CARTESIAN_POINT ( 'NONE',  ( -0.6131416591870246800, 0.5000000000000000000, -0.7897957293225821300 ) ) ;
#1760 = LINE ( 'NONE', #3138, #2522 ) ;
#1761 = ADVANCED_FACE ( 'NONE', ( #3063 ), #4004, .F. ) ;
#1762 = DIRECTION ( 'NONE',  ( 3.491481338843133400E-015, 0.0000000000000000000, 1.000000000000000000 ) ) ;
#1763 = ORIENTED_EDGE ( 'NONE', *, *, #1679, .T. ) ;
#1764 = VECTOR ( 'NONE', #4399, 1000.000000000000000 ) ;
#1765 = CARTESIAN_POINT ( 'NONE',  ( 0.0000000000000000000, 0.1270000000000000000, 0.0000000000000000000 ) ) ;
#1766 = APPLICATION_PROTOCOL_DEFINITION ( 'draft international standard', 'automotive_design', 1998, #384 ) ;
#1767 = DIRECTION ( 'NONE',  ( -1.000000000000000000, 0.0000000000000000000, 3.491481338843133400E-015 ) ) ;
#1768 = EDGE_CURVE ( 'NONE', #28, #331, #971, .T. ) ;
#1769 = ORIENTED_EDGE ( 'NONE', *, *, #2060, .T. ) ;
#1770 = LINE ( 'NONE', #3236, #2095 ) ;
#1771 = EDGE_CURVE ( 'NONE', #2460, #3180, #4270, .T. ) ;
#1772 = EDGE_LOOP ( 'NONE', ( #2559, #355, #534, #87 ) ) ;
#1773 = CARTESIAN_POINT ( 'NONE',  ( 0.3499999999999967000, 0.0000000000000000000, -0.9000000000000011300 ) ) ;
#1774 = CARTESIAN_POINT ( 'NONE',  ( -0.3499999999999996400, 0.05000000000000000300, 1.222018468595095300E-015 ) ) ;
#1775 = CARTESIAN_POINT ( 'NONE',  ( -0.3499999999999999200, 0.1269999999999999500, -0.09999999999999871500 ) ) ;
#1776 = LINE ( 'NONE', #1267, #2159 ) ;
#1777 = VERTEX_POINT ( 'NONE', #4020 ) ;
#1778 = ORIENTED_EDGE ( 'NONE', *, *, #1384, .F. ) ;
#1779 = DIRECTION ( 'NONE',  ( 1.000000000000000000, 0.0000000000000000000, -4.358843076831536900E-015 ) ) ;
#1780 = AXIS2_PLACEMENT_3D ( 'NONE', #93, #2863, #448 ) ;
#1781 = LINE ( 'NONE', #188, #4083 ) ;
#1782 = DIRECTION ( 'NONE',  ( 0.0000000000000000000, -1.000000000000000000, 0.0000000000000000000 ) ) ;
#1783 = DIRECTION ( 'NONE',  ( 3.708321773340234200E-015, 0.0000000000000000000, 1.000000000000000000 ) ) ;
#1784 = VECTOR ( 'NONE', #663, 1000.000000000000000 ) ;
#1785 = DIRECTION ( 'NONE',  ( -3.491481338843133400E-015, 0.0000000000000000000, -1.000000000000000000 ) ) ;
#1786 = EDGE_CURVE ( 'NONE', #760, #2238, #2464, .T. ) ;
#1787 = MECHANICAL_DESIGN_GEOMETRIC_PRESENTATION_REPRESENTATION (  '', ( #882 ), #2019 ) ;
#1788 = UNCERTAINTY_MEASURE_WITH_UNIT (LENGTH_MEASURE( 1.000000000000000100E-005 ), #686, 'distance_accuracy_value', 'NONE');
#1789 = ADVANCED_FACE ( 'NONE', ( #445 ), #1601, .T. ) ;
#1790 = DIRECTION ( 'NONE',  ( -3.491481338843133400E-015, 0.0000000000000000000, -1.000000000000000000 ) ) ;
#1791 = SURFACE_STYLE_FILL_AREA ( #2419 ) ;
#1792 = AXIS2_PLACEMENT_3D ( 'NONE', #4353, #1911, #2285 ) ;
#1793 = DIRECTION ( 'NONE',  ( 3.491481338843133400E-015, 0.0000000000000000000, 1.000000000000000000 ) ) ;
#1794 = LINE ( 'NONE', #2335, #3765 ) ;
#1795 = PLANE ( 'NONE',  #487 ) ;
#1796 = ORIENTED_EDGE ( 'NONE', *, *, #4362, .T. ) ;
#1797 = EDGE_CURVE ( 'NONE', #414, #935, #1754, .T. ) ;
#1798 = EDGE_CURVE ( 'NONE', #3689, #2239, #3567, .T. ) ;
#1799 = ORIENTED_EDGE ( 'NONE', *, *, #481, .F. ) ;
#1800 = DIRECTION ( 'NONE',  ( 3.491481338843133400E-015, -0.0000000000000000000, 1.000000000000000000 ) ) ;
#1801 = CLOSED_SHELL ( 'NONE', ( #3591, #1630, #3999, #141, #4213, #3756 ) ) ;
#1802 = DIRECTION ( 'NONE',  ( -1.000000000000000000, 0.0000000000000000000, 2.624119600854729800E-015 ) ) ;
#1803 = EDGE_CURVE ( 'NONE', #1224, #1564, #769, .T. ) ;
#1804 = CARTESIAN_POINT ( 'NONE',  ( -0.6131416591870246800, 0.4500000000000000100, -0.7897957293225821300 ) ) ;
#1805 = VERTEX_POINT ( 'NONE', #679 ) ;
#1806 = VERTEX_POINT ( 'NONE', #1397 ) ;
#1807 = ORIENTED_EDGE ( 'NONE', *, *, #2253, .F. ) ;
#1808 = CARTESIAN_POINT ( 'NONE',  ( -0.3499999999999972000, 0.1269999999999999500, 0.7000000000000012900 ) ) ;
#1809 = ORIENTED_EDGE ( 'NONE', *, *, #2234, .F. ) ;
#1810 = DIRECTION ( 'NONE',  ( 0.0000000000000000000, -1.000000000000000000, 0.0000000000000000000 ) ) ;
#1811 = AXIS2_PLACEMENT_3D ( 'NONE', #3946, #570, #920 ) ;
#1812 = VECTOR ( 'NONE', #3744, 1000.000000000000000 ) ;
#1813 = ORIENTED_EDGE ( 'NONE', *, *, #1706, .F. ) ;
#1814 = ADVANCED_FACE ( 'NONE', ( #3521 ), #1017, .T. ) ;
#1815 = CARTESIAN_POINT ( 'NONE',  ( 3.316907271900976700E-015, 0.0000000000000000000, 0.9499999999999999600 ) ) ;
#1816 = VECTOR ( 'NONE', #2938, 1000.000000000000000 ) ;
#1817 = VECTOR ( 'NONE', #2074, 1000.000000000000000 ) ;
#1818 = EDGE_CURVE ( 'NONE', #1387, #1865, #1396, .T. ) ;
#1819 = PLANE ( 'NONE',  #520 ) ;
#1820 = VECTOR ( 'NONE', #1762, 1000.000000000000000 ) ;
#1821 = AXIS2_PLACEMENT_3D ( 'NONE', #2537, #3917, #2927 ) ;
#1822 = DIRECTION ( 'NONE',  ( 1.000000000000000000, 0.0000000000000000000, -3.491481338843133400E-015 ) ) ;
#1823 = VECTOR ( 'NONE', #2523, 1000.000000000000000 ) ;
#1824 = PLANE ( 'NONE',  #1111 ) ;
#1825 = ORIENTED_EDGE ( 'NONE', *, *, #2122, .F. ) ;
#1826 = VECTOR ( 'NONE', #3066, 1000.000000000000000 ) ;
#1827 = ORIENTED_EDGE ( 'NONE', *, *, #4325, .F. ) ;
#1828 = CARTESIAN_POINT ( 'NONE',  ( 0.8499999999999975400, 0.1269999999999999500, -0.7000000000000032900 ) ) ;
#1829 = EDGE_LOOP ( 'NONE', ( #2247, #685, #1370, #4107 ) ) ;
#1830 = ORIENTED_EDGE ( 'NONE', *, *, #173, .F. ) ;
#1831 = EDGE_CURVE ( 'NONE', #4285, #2838, #3623, .T. ) ;
#1832 = EDGE_LOOP ( 'NONE', ( #1502, #3743, #184, #1726 ) ) ;
#1833 = FACE_OUTER_BOUND ( 'NONE', #1772, .T. ) ;
#1834 = EDGE_CURVE ( 'NONE', #175, #1374, #2516, .T. ) ;
#1835 = ORIENTED_EDGE ( 'NONE', *, *, #2644, .F. ) ;
#1836 = CARTESIAN_POINT ( 'NONE',  ( 0.3499999999999980900, 0.0000000000000000000, -0.5000000000000012200 ) ) ;
#1837 = LINE ( 'NONE', #1351, #2434 ) ;
#1838 = AXIS2_PLACEMENT_3D ( 'NONE', #2820, #805, #3155 ) ;
#1839 = DIRECTION ( 'NONE',  ( -3.491481338843133400E-015, 0.0000000000000000000, -1.000000000000000000 ) ) ;
#1840 = LINE ( 'NONE', #1985, #1312 ) ;
#1841 = ORIENTED_EDGE ( 'NONE', *, *, #1756, .T. ) ;
#1842 = CARTESIAN_POINT ( 'NONE',  ( 0.3499999999999973700, 0.1270000000000000000, -0.7000000000000015100 ) ) ;
#1843 = CARTESIAN_POINT ( 'NONE',  ( 0.3499999999999995300, 0.6655164807134507100, -0.1000000000000011600 ) ) ;
#1844 = PLANE ( 'NONE',  #3147 ) ;
#1845 = LINE ( 'NONE', #2980, #3604 ) ;
#1846 = ORIENTED_EDGE ( 'NONE', *, *, #3097, .T. ) ;
#1847 = CARTESIAN_POINT ( 'NONE',  ( 0.8499999999999968700, 0.1270000000000000000, -0.9000000000000033500 ) ) ;
#1848 = DIRECTION ( 'NONE',  ( -1.000000000000000000, 0.0000000000000000000, 3.491481338843133400E-015 ) ) ;
#1849 = EDGE_LOOP ( 'NONE', ( #806, #194, #3559, #3803 ) ) ;
#1850 = ORIENTED_EDGE ( 'NONE', *, *, #3596, .T. ) ;
#1851 = VERTEX_POINT ( 'NONE', #3705 ) ;
#1852 = PRESENTATION_STYLE_ASSIGNMENT (( #60 ) ) ;
#1853 = PLANE ( 'NONE',  #2626 ) ;
#1854 = EDGE_LOOP ( 'NONE', ( #1582, #3479, #4278, #4313 ) ) ;
#1855 = ORIENTED_EDGE ( 'NONE', *, *, #2056, .T. ) ;
#1856 = EDGE_CURVE ( 'NONE', #1490, #1224, #2193, .T. ) ;
#1857 = DIRECTION ( 'NONE',  ( -1.000000000000000000, 0.0000000000000000000, 3.491481338843133400E-015 ) ) ;
#1858 = EDGE_CURVE ( 'NONE', #331, #2379, #3675, .T. ) ;
#1859 = LINE ( 'NONE', #3609, #2675 ) ;
#1860 = EDGE_LOOP ( 'NONE', ( #334, #379, #910, #3561 ) ) ;
#1861 = ORIENTED_EDGE ( 'NONE', *, *, #4130, .F. ) ;
#1862 = LINE ( 'NONE', #2149, #970 ) ;
#1863 = PLANE ( 'NONE',  #1119 ) ;
#1864 = CARTESIAN_POINT ( 'NONE',  ( 0.3500000000000008700, 0.1270000000000000000, 0.2999999999999988200 ) ) ;
#1865 = VERTEX_POINT ( 'NONE', #1002 ) ;
#1866 = FACE_OUTER_BOUND ( 'NONE', #2302, .T. ) ;
#1867 = ORIENTED_EDGE ( 'NONE', *, *, #1771, .T. ) ;
#1868 = DIRECTION ( 'NONE',  ( 1.000000000000000000, 0.0000000000000000000, -3.491481338843133400E-015 ) ) ;
#1869 = EDGE_CURVE ( 'NONE', #973, #4317, #3728, .T. ) ;
#1870 = AXIS2_PLACEMENT_3D ( 'NONE', #198, #4289, #3284 ) ;
#1871 = DIRECTION ( 'NONE',  ( 1.000000000000000000, 0.0000000000000000000, -4.358843076831536900E-015 ) ) ;
#1872 = CARTESIAN_POINT ( 'NONE',  ( -0.4999999999999961100, 0.07699999999999997100, 1.000000000000001800 ) ) ;
#1873 = VERTEX_POINT ( 'NONE', #2014 ) ;
#1874 = DIRECTION ( 'NONE',  ( 1.000000000000000000, 0.0000000000000000000, -3.491481338843133400E-015 ) ) ;
#1875 = VERTEX_POINT ( 'NONE', #2045 ) ;
#1876 = VECTOR ( 'NONE', #2067, 1000.000000000000000 ) ;
#1877 = LINE ( 'NONE', #3255, #1823 ) ;
#1878 = AXIS2_PLACEMENT_3D ( 'NONE', #889, #3547, #3560 ) ;
#1879 = PLANE ( 'NONE',  #443 ) ;
#1880 = CARTESIAN_POINT ( 'NONE',  ( 0.8500000000000012000, 0.1270000000000000000, 0.2999999999999966600 ) ) ;
#1881 = ORIENTED_EDGE ( 'NONE', *, *, #535, .T. ) ;
#1882 = EDGE_LOOP ( 'NONE', ( #1314, #2275, #118, #4240 ) ) ;
#1883 = VECTOR ( 'NONE', #1457, 1000.000000000000000 ) ;
#1884 = PLANE ( 'NONE',  #3388 ) ;
#1885 = EDGE_LOOP ( 'NONE', ( #2472, #209, #1912, #1299 ) ) ;
#1886 = DIRECTION ( 'NONE',  ( -1.000000000000000000, 0.0000000000000000000, 3.491481338843133400E-015 ) ) ;
#1887 = ORIENTED_EDGE ( 'NONE', *, *, #2132, .F. ) ;
#1888 = DIRECTION ( 'NONE',  ( 4.358843076831536900E-015, 0.0000000000000000000, 1.000000000000000000 ) ) ;
#1889 = VERTEX_POINT ( 'NONE', #6 ) ;
#1890 = CARTESIAN_POINT ( 'NONE',  ( 0.3499999999999963100, 0.1269999999999999500, -0.9500000000000011800 ) ) ;
#1891 = LINE ( 'NONE', #1098, #3086 ) ;
#1892 = CARTESIAN_POINT ( 'NONE',  ( -0.3500000000000027500, 0.1270000000000000000, -0.8999999999999988000 ) ) ;
#1893 = EDGE_CURVE ( 'NONE', #1865, #647, #2030, .T. ) ;
#1894 = ORIENTED_EDGE ( 'NONE', *, *, #122, .T. ) ;
#1895 = LINE ( 'NONE', #1336, #1784 ) ;
#1896 = DIRECTION ( 'NONE',  ( -1.000000000000000000, 0.0000000000000000000, 3.491481338843133400E-015 ) ) ;
#1897 = CARTESIAN_POINT ( 'NONE',  ( -0.3499999999999972000, 0.0000000000000000000, 0.7000000000000012900 ) ) ;
#1898 = EDGE_CURVE ( 'NONE', #3418, #1543, #2904, .T. ) ;
#1899 = MECHANICAL_DESIGN_GEOMETRIC_PRESENTATION_REPRESENTATION (  '', ( #1661 ), #2366 ) ;
#1900 = FACE_OUTER_BOUND ( 'NONE', #3303, .T. ) ;
#1901 = ADVANCED_FACE ( 'NONE', ( #2300 ), #2236, .F. ) ;
#1902 = CARTESIAN_POINT ( 'NONE',  ( -0.3499999999999964800, 0.0000000000000000000, 0.9000000000000009100 ) ) ;
#1903 = ORIENTED_EDGE ( 'NONE', *, *, #2677, .T. ) ;
#1904 = EDGE_CURVE ( 'NONE', #1219, #1055, #1496, .T. ) ;
#1905 = AXIS2_PLACEMENT_3D ( 'NONE', #3616, #4322, #596 ) ;
#1906 = ORIENTED_EDGE ( 'NONE', *, *, #2309, .T. ) ;
#1907 = VERTEX_POINT ( 'NONE', #3436 ) ;
#1908 = LINE ( 'NONE', #2189, #2396 ) ;
#1909 = VERTEX_POINT ( 'NONE', #3597 ) ;
#1910 = DIRECTION ( 'NONE',  ( -3.491481338843133400E-015, 0.0000000000000000000, -1.000000000000000000 ) ) ;
#1911 = DIRECTION ( 'NONE',  ( 1.000000000000000000, 0.0000000000000000000, -3.491481338843133400E-015 ) ) ;
#1912 = ORIENTED_EDGE ( 'NONE', *, *, #371, .F. ) ;
#1913 = PLANE ( 'NONE',  #2896 ) ;
#1914 = DIRECTION ( 'NONE',  ( -3.491481338843133700E-015, 0.0000000000000000000, -1.000000000000000000 ) ) ;
#1915 = FACE_OUTER_BOUND ( 'NONE', #2734, .T. ) ;
#1916 = EDGE_LOOP ( 'NONE', ( #2044, #2643, #4214, #3835 ) ) ;
#1917 = VERTEX_POINT ( 'NONE', #3486 ) ;
#1918 = LINE ( 'NONE', #993, #3938 ) ;
#1919 = EDGE_CURVE ( 'NONE', #1016, #4379, #2793, .T. ) ;
#1920 = EDGE_CURVE ( 'NONE', #3890, #2866, #3992, .T. ) ;
#1921 = PLANE ( 'NONE',  #2750 ) ;
#1922 = EDGE_CURVE ( 'NONE', #1995, #4369, #287, .T. ) ;
#1923 = DIRECTION ( 'NONE',  ( -3.491481338843133400E-015, 0.0000000000000000000, -1.000000000000000000 ) ) ;
#1924 = LINE ( 'NONE', #1520, #1032 ) ;
#1925 = LINE ( 'NONE', #2482, #2194 ) ;
#1926 = ADVANCED_FACE ( 'NONE', ( #715 ), #144, .T. ) ;
#1927 = ORIENTED_EDGE ( 'NONE', *, *, #1608, .F. ) ;
#1928 = VECTOR ( 'NONE', #4358, 1000.000000000000000 ) ;
#1929 = DIRECTION ( 'NONE',  ( -1.000000000000000000, 0.0000000000000000000, 3.491481338843133400E-015 ) ) ;
#1930 = EDGE_CURVE ( 'NONE', #3907, #28, #1862, .T. ) ;
#1931 = AXIS2_PLACEMENT_3D ( 'NONE', #4031, #1980, #672 ) ;
#1932 = SURFACE_STYLE_USAGE ( .BOTH. , #1559 ) ;
#1933 = PRESENTATION_LAYER_ASSIGNMENT (  '', '', ( #45 ) ) ;
#1934 = ORIENTED_EDGE ( 'NONE', *, *, #3611, .T. ) ;
#1935 = LINE ( 'NONE', #3659, #2204 ) ;
#1936 = CARTESIAN_POINT ( 'NONE',  ( -0.3499999999999964800, 0.1269999999999999500, 0.9000000000000009100 ) ) ;
#1937 = ORIENTED_EDGE ( 'NONE', *, *, #2939, .T. ) ;
#1938 = SURFACE_SIDE_STYLE ('',( #789 ) ) ;
#1939 = LINE ( 'NONE', #3188, #1883 ) ;
#1940 = DIRECTION ( 'NONE',  ( 0.0000000000000000000, -1.000000000000000000, -0.0000000000000000000 ) ) ;
#1941 = DIRECTION ( 'NONE',  ( -1.000000000000000000, 0.0000000000000000000, 2.624119600854729800E-015 ) ) ;
#1942 = ORIENTED_EDGE ( 'NONE', *, *, #3210, .T. ) ;
#1943 = CARTESIAN_POINT ( 'NONE',  ( -0.8500000000000020900, 0.1270000000000000000, -0.6999999999999974000 ) ) ;
#1944 = PLANE ( 'NONE',  #1455 ) ;
#1945 = FACE_OUTER_BOUND ( 'NONE', #3877, .T. ) ;
#1946 = VERTEX_POINT ( 'NONE', #3860 ) ;
#1947 = DIRECTION ( 'NONE',  ( 3.491481338843133400E-015, 0.0000000000000000000, 1.000000000000000000 ) ) ;
#1948 = EDGE_LOOP ( 'NONE', ( #2645, #121, #2613, #3452 ) ) ;
#1949 = VECTOR ( 'NONE', #3144, 1000.000000000000000 ) ;
#1950 = PLANE ( 'NONE',  #1568 ) ;
#1951 = VECTOR ( 'NONE', #3376, 1000.000000000000000 ) ;
#1952 = ADVANCED_FACE ( 'NONE', ( #133 ), #2536, .T. ) ;
#1953 = AXIS2_PLACEMENT_3D ( 'NONE', #3541, #2580, #4223 ) ;
#1954 = DIRECTION ( 'NONE',  ( 3.491481338843133400E-015, -0.0000000000000000000, 1.000000000000000000 ) ) ;
#1955 = DIRECTION ( 'NONE',  ( -1.000000000000000000, 0.0000000000000000000, 3.491481338843133400E-015 ) ) ;
#1956 = DIRECTION ( 'NONE',  ( 1.000000000000000000, 0.0000000000000000000, -3.491481338843133400E-015 ) ) ;
#1957 = VECTOR ( 'NONE', #630, 1000.000000000000000 ) ;
#1958 = EDGE_LOOP ( 'NONE', ( #2286, #2697, #2941, #1830 ) ) ;
#1959 = AXIS2_PLACEMENT_3D ( 'NONE', #261, #2632, #603 ) ;
#1960 = EDGE_CURVE ( 'NONE', #1889, #429, #1178, .T. ) ;
#1961 = DIRECTION ( 'NONE',  ( 0.0000000000000000000, -1.000000000000000000, -0.0000000000000000000 ) ) ;
#1962 = FACE_OUTER_BOUND ( 'NONE', #2552, .T. ) ;
#1963 = EDGE_LOOP ( 'NONE', ( #3292, #2629, #529, #2782, #81, #3033, #3905, #1139, #3311, #1069, #1456, #4109, #2455, #1561, #2762, #1342, #22, #4128, #2628, #4082, #1745, #1850, #1537, #1022 ) ) ;
#1964 = ORIENTED_EDGE ( 'NONE', *, *, #697, .F. ) ;
#1965 = PRODUCT_DEFINITION_FORMATION_WITH_SPECIFIED_SOURCE ( 'ANY', '', #1989, .NOT_KNOWN. ) ;
#1966 = ORIENTED_EDGE ( 'NONE', *, *, #1733, .F. ) ;
#1967 = EDGE_LOOP ( 'NONE', ( #3634, #4371, #4247, #3856 ) ) ;
#1968 = VECTOR ( 'NONE', #280, 1000.000000000000000 ) ;
#1969 = CARTESIAN_POINT ( 'NONE',  ( -0.3499999999999964800, 0.0000000000000000000, 0.9000000000000009100 ) ) ;
#1970 = ORIENTED_EDGE ( 'NONE', *, *, #3163, .T. ) ;
#1971 = FACE_OUTER_BOUND ( 'NONE', #4013, .T. ) ;
#1972 = ADVANCED_FACE ( 'NONE', ( #1971 ), #2136, .F. ) ;
#1973 = EDGE_CURVE ( 'NONE', #3778, #3196, #3787, .T. ) ;
#1974 = LINE ( 'NONE', #890, #1033 ) ;
#1975 = DIRECTION ( 'NONE',  ( -3.491481338843133400E-015, 0.0000000000000000000, -1.000000000000000000 ) ) ;
#1976 = DIRECTION ( 'NONE',  ( 3.491481338843133400E-015, 0.0000000000000000000, 1.000000000000000000 ) ) ;
#1977 = LINE ( 'NONE', #1206, #1036 ) ;
#1978 = DIRECTION ( 'NONE',  ( 3.491481338843133400E-015, 0.0000000000000000000, 1.000000000000000000 ) ) ;
#1979 = EDGE_CURVE ( 'NONE', #3983, #1909, #607, .T. ) ;
#1980 = DIRECTION ( 'NONE',  ( -0.0000000000000000000, -1.000000000000000000, 0.0000000000000000000 ) ) ;
#1981 = LINE ( 'NONE', #2165, #2802 ) ;
#1982 = UNCERTAINTY_MEASURE_WITH_UNIT (LENGTH_MEASURE( 1.000000000000000100E-005 ), #723, 'distance_accuracy_value', 'NONE');
#1983 = DIRECTION ( 'NONE',  ( -0.0000000000000000000, -1.000000000000000000, 0.0000000000000000000 ) ) ;
#1984 = CARTESIAN_POINT ( 'NONE',  ( -0.6131416591870246800, 0.4500000000000000100, -0.7897957293225821300 ) ) ;
#1985 = CARTESIAN_POINT ( 'NONE',  ( 0.3500000000000008700, 0.1270000000000000000, 0.2999999999999988200 ) ) ;
#1986 = EDGE_CURVE ( 'NONE', #2227, #3774, #3566, .T. ) ;
#1987 = LINE ( 'NONE', #1303, #3327 ) ;
#1988 = VECTOR ( 'NONE', #3924, 1000.000000000000000 ) ;
#1989 = PRODUCT ( 'SOT1174-1', 'SOT1174-1', '', ( #403 ) ) ;
#1990 = EDGE_LOOP ( 'NONE', ( #3328, #2777, #3045, #2917 ) ) ;
#1991 = CARTESIAN_POINT ( 'NONE',  ( -0.3499999999999968700, 0.1269999999999999500, 0.7918861169915821800 ) ) ;
#1992 = EDGE_LOOP ( 'NONE', ( #1146, #4366, #2125, #2066 ) ) ;
#1993 = EDGE_CURVE ( 'NONE', #418, #1016, #2250, .T. ) ;
#1994 = LINE ( 'NONE', #1143, #3484 ) ;
#1995 = VERTEX_POINT ( 'NONE', #3213 ) ;
#1996 = PLANE ( 'NONE',  #2202 ) ;
#1997 = ADVANCED_FACE ( 'NONE', ( #236 ), #821, .F. ) ;
#1998 = VECTOR ( 'NONE', #4206, 1000.000000000000000 ) ;
#1999 = CARTESIAN_POINT ( 'NONE',  ( 0.3500000000000022500, 0.0000000000000000000, 0.6999999999999989600 ) ) ;
#2000 = ORIENTED_EDGE ( 'NONE', *, *, #394, .F. ) ;
#2001 = LINE ( 'NONE', #4021, #103 ) ;
#2002 = CARTESIAN_POINT ( 'NONE',  ( -0.3499999999999999200, 0.1270000000000000000, -0.09999999999999871500 ) ) ;
#2003 = EDGE_CURVE ( 'NONE', #4307, #2953, #3164, .T. ) ;
#2004 = VECTOR ( 'NONE', #1030, 1000.000000000000000 ) ;
#2005 = CARTESIAN_POINT ( 'NONE',  ( -0.8500000000000030900, 0.05000000000000000300, -0.9999999999999970000 ) ) ;
#2006 = CARTESIAN_POINT ( 'NONE',  ( 0.3500000000000029800, 0.6655164807134507100, 0.8999999999999985800 ) ) ;
#2007 = ORIENTED_EDGE ( 'NONE', *, *, #2070, .T. ) ;
#2008 = DIRECTION ( 'NONE',  ( -0.0000000000000000000, -1.000000000000000000, 0.0000000000000000000 ) ) ;
#2009 = AXIS2_PLACEMENT_3D ( 'NONE', #3004, #1983, #642 ) ;
#2010 = ORIENTED_EDGE ( 'NONE', *, *, #2444, .F. ) ;
#2011 = PLANE ( 'NONE',  #1188 ) ;
#2012 = CARTESIAN_POINT ( 'NONE',  ( -0.8500000000000007500, 0.6655164807134507100, -0.2999999999999973800 ) ) ;
#2013 = VERTEX_POINT ( 'NONE', #1890 ) ;
#2014 = CARTESIAN_POINT ( 'NONE',  ( -0.5000000000000030000, 0.1270000000000000000, -0.9999999999999983300 ) ) ;
#2015 = CARTESIAN_POINT ( 'NONE',  ( 0.3500000000000022500, 0.0000000000000000000, 0.6999999999999989600 ) ) ;
#2016 = VECTOR ( 'NONE', #1443, 1000.000000000000000 ) ;
#2017 = ORIENTED_EDGE ( 'NONE', *, *, #4407, .T. ) ;
#2018 = ADVANCED_FACE ( 'NONE', ( #1604 ), #1819, .F. ) ;
#2019 =( GEOMETRIC_REPRESENTATION_CONTEXT ( 3 ) GLOBAL_UNCERTAINTY_ASSIGNED_CONTEXT ( ( #2039 ) ) GLOBAL_UNIT_ASSIGNED_CONTEXT ( ( #905, #3972, #3294 ) ) REPRESENTATION_CONTEXT ( 'NONE', 'WORKASPACE' ) );
#2020 = EDGE_LOOP ( 'NONE', ( #2545, #2181, #348, #1452 ) ) ;
#2021 = DIRECTION ( 'NONE',  ( -1.000000000000000000, 0.0000000000000000000, 3.491481338843133400E-015 ) ) ;
#2022 = LINE ( 'NONE', #580, #2611 ) ;
#2023 = ORIENTED_EDGE ( 'NONE', *, *, #4033, .F. ) ;
#2024 = VERTEX_POINT ( 'NONE', #583 ) ;
#2025 = DIRECTION ( 'NONE',  ( 0.0000000000000000000, -1.000000000000000000, 0.0000000000000000000 ) ) ;
#2026 = VECTOR ( 'NONE', #1038, 1000.000000000000000 ) ;
#2027 = DIRECTION ( 'NONE',  ( 0.0000000000000000000, -1.000000000000000000, -0.0000000000000000000 ) ) ;
#2028 = ORIENTED_EDGE ( 'NONE', *, *, #2458, .F. ) ;
#2029 = DIRECTION ( 'NONE',  ( 0.0000000000000000000, -1.000000000000000000, 0.0000000000000000000 ) ) ;
#2030 = LINE ( 'NONE', #794, #3114 ) ;
#2031 = DIRECTION ( 'NONE',  ( -1.000000000000000000, -1.807003620809174600E-016, 3.491481338843133400E-015 ) ) ;
#2032 = CARTESIAN_POINT ( 'NONE',  ( -0.3500000000000013700, 0.1270000000000000000, -0.4999999999999988300 ) ) ;
#2033 = LINE ( 'NONE', #940, #241 ) ;
#2034 = DIRECTION ( 'NONE',  ( 3.491481338843133400E-015, 0.0000000000000000000, 1.000000000000000000 ) ) ;
#2035 = CARTESIAN_POINT ( 'NONE',  ( -0.8500000000000030900, 3.624880949681338600, -0.9999999999999970000 ) ) ;
#2036 = ORIENTED_EDGE ( 'NONE', *, *, #1220, .T. ) ;
#2037 = VECTOR ( 'NONE', #3399, 1000.000000000000000 ) ;
#2038 = CARTESIAN_POINT ( 'NONE',  ( 0.3500000000000001400, 0.6655164807134507100, 0.09999999999999850700 ) ) ;
#2039 = UNCERTAINTY_MEASURE_WITH_UNIT (LENGTH_MEASURE( 1.000000000000000100E-005 ), #905, 'distance_accuracy_value', 'NONE');
#2040 = ADVANCED_FACE ( 'NONE', ( #2140 ), #2221, .T. ) ;
#2041 = CARTESIAN_POINT ( 'NONE',  ( 0.0000000000000000000, 0.5000000000000000000, 0.0000000000000000000 ) ) ;
#2042 = ORIENTED_EDGE ( 'NONE', *, *, #1993, .F. ) ;
#2043 = LINE ( 'NONE', #4073, #349 ) ;
#2044 = ORIENTED_EDGE ( 'NONE', *, *, #3136, .F. ) ;
#2045 = CARTESIAN_POINT ( 'NONE',  ( 0.3500000000000029200, 0.07699999999999997100, 0.9499999999999988500 ) ) ;
#2046 = CARTESIAN_POINT ( 'NONE',  ( 0.8500000000000012000, 0.1269999999999999500, 0.2999999999999966600 ) ) ;
#2047 = AXIS2_PLACEMENT_3D ( 'NONE', #3888, #2491, #2854 ) ;
#2048 = VECTOR ( 'NONE', #4380, 1000.000000000000000 ) ;
#2049 = VERTEX_POINT ( 'NONE', #4252 ) ;
#2050 = DIRECTION ( 'NONE',  ( -1.000000000000000000, 0.0000000000000000000, 3.491481338843133400E-015 ) ) ;
#2051 = CARTESIAN_POINT ( 'NONE',  ( -0.8499999999999985300, 0.1269999999999999500, 0.3000000000000026500 ) ) ;
#2052 = LINE ( 'NONE', #171, #3181 ) ;
#2053 = LINE ( 'NONE', #2046, #4134 ) ;
#2054 = DIRECTION ( 'NONE',  ( 3.491481338843133400E-015, 0.0000000000000000000, 1.000000000000000000 ) ) ;
#2055 = DIRECTION ( 'NONE',  ( 4.358843076831536900E-015, 0.0000000000000000000, 1.000000000000000000 ) ) ;
#2056 = EDGE_CURVE ( 'NONE', #2473, #1621, #337, .T. ) ;
#2057 = ADVANCED_FACE ( 'NONE', ( #3943 ), #1921, .F. ) ;
#2058 =( NAMED_UNIT ( * ) PLANE_ANGLE_UNIT ( ) SI_UNIT ( $, .RADIAN. ) );
#2059 = LINE ( 'NONE', #2569, #4141 ) ;
#2060 = EDGE_CURVE ( 'NONE', #2064, #440, #1236, .T. ) ;
#2061 = VERTEX_POINT ( 'NONE', #3957 ) ;
#2062 = CARTESIAN_POINT ( 'NONE',  ( -2.444036937190194500E-015, 0.05000000000000000300, -0.7000000000000002900 ) ) ;
#2063 = EDGE_LOOP ( 'NONE', ( #1071, #170, #3205, #652 ) ) ;
#2064 = VERTEX_POINT ( 'NONE', #1872 ) ;
#2065 = LINE ( 'NONE', #137, #4308 ) ;
#2066 = ORIENTED_EDGE ( 'NONE', *, *, #267, .F. ) ;
#2067 = DIRECTION ( 'NONE',  ( 1.000000000000000000, 0.0000000000000000000, -3.491481338843133400E-015 ) ) ;
#2068 = ORIENTED_EDGE ( 'NONE', *, *, #4211, .T. ) ;
#2069 = VECTOR ( 'NONE', #3031, 1000.000000000000000 ) ;
#2070 = EDGE_CURVE ( 'NONE', #779, #3348, #3420, .T. ) ;
#2071 = AXIS2_PLACEMENT_3D ( 'NONE', #4253, #4279, #3598 ) ;
#2072 = EDGE_CURVE ( 'NONE', #703, #3682, #4221, .T. ) ;
#2073 = ORIENTED_EDGE ( 'NONE', *, *, #1366, .T. ) ;
#2074 = DIRECTION ( 'NONE',  ( 3.491481338843133700E-015, 0.0000000000000000000, 1.000000000000000000 ) ) ;
#2075 = SURFACE_SIDE_STYLE ('',( #1433 ) ) ;
#2076 = VECTOR ( 'NONE', #4117, 1000.000000000000000 ) ;
#2077 = LINE ( 'NONE', #101, #2623 ) ;
#2078 = ORIENTED_EDGE ( 'NONE', *, *, #31, .T. ) ;
#2079 = ADVANCED_FACE ( 'NONE', ( #2961 ), #521, .F. ) ;
#2080 = CARTESIAN_POINT ( 'NONE',  ( 0.3500000000000008700, 0.1270000000000000000, 0.2999999999999988200 ) ) ;
#2081 = VECTOR ( 'NONE', #3825, 1000.000000000000000 ) ;
#2082 = DIRECTION ( 'NONE',  ( 1.000000000000000000, 0.0000000000000000000, -4.358843076831536900E-015 ) ) ;
#2083 = DIRECTION ( 'NONE',  ( -3.491481338843133700E-015, 0.0000000000000000000, -1.000000000000000000 ) ) ;
#2084 = DIRECTION ( 'NONE',  ( 0.0000000000000000000, 1.000000000000000000, 0.0000000000000000000 ) ) ;
#2085 = ORIENTED_EDGE ( 'NONE', *, *, #4268, .T. ) ;
#2086 = EDGE_CURVE ( 'NONE', #2650, #4202, #1924, .T. ) ;
#2087 = FACE_OUTER_BOUND ( 'NONE', #3564, .T. ) ;
#2088 = EDGE_CURVE ( 'NONE', #2986, #606, #2739, .T. ) ;
#2089 = LINE ( 'NONE', #3720, #2418 ) ;
#2090 = PLANE ( 'NONE',  #3093 ) ;
#2091 = VECTOR ( 'NONE', #3498, 1000.000000000000000 ) ;
#2092 = CARTESIAN_POINT ( 'NONE',  ( 0.8500000000000010900, 0.05000000000000000300, 0.09999999999999685500 ) ) ;
#2093 = EDGE_LOOP ( 'NONE', ( #1544, #64, #158, #3806 ) ) ;
#2094 = DIRECTION ( 'NONE',  ( 1.000000000000000000, 0.0000000000000000000, -3.491481338843133400E-015 ) ) ;
#2095 = VECTOR ( 'NONE', #1202, 1000.000000000000000 ) ;
#2096 = AXIS2_PLACEMENT_3D ( 'NONE', #2966, #3274, #1910 ) ;
#2097 = CARTESIAN_POINT ( 'NONE',  ( 0.3499999999999963100, 0.1269999999999999500, -0.9500000000000011800 ) ) ;
#2098 = ORIENTED_EDGE ( 'NONE', *, *, #796, .T. ) ;
#2099 = PLANE ( 'NONE',  #1081 ) ;
#2100 = ORIENTED_EDGE ( 'NONE', *, *, #4142, .T. ) ;
#2101 = LINE ( 'NONE', #4066, #3745 ) ;
#2102 = FILL_AREA_STYLE_COLOUR ( '', #295 ) ;
#2103 = DIRECTION ( 'NONE',  ( 3.491481338843133400E-015, 0.0000000000000000000, 1.000000000000000000 ) ) ;
#2104 = ORIENTED_EDGE ( 'NONE', *, *, #3996, .T. ) ;
#2105 = FACE_OUTER_BOUND ( 'NONE', #1485, .T. ) ;
#2106 = ADVANCED_FACE ( 'NONE', ( #1129 ), #3568, .F. ) ;
#2107 = DIRECTION ( 'NONE',  ( -1.000000000000000000, -0.0000000000000000000, 4.358843076831536900E-015 ) ) ;
#2108 = DIRECTION ( 'NONE',  ( 3.491481338843133400E-015, 0.0000000000000000000, 1.000000000000000000 ) ) ;
#2109 = CARTESIAN_POINT ( 'NONE',  ( 0.3499999999999967000, 0.1270000000000000000, -0.9000000000000011300 ) ) ;
#2110 = AXIS2_PLACEMENT_3D ( 'NONE', #2273, #2601, #571 ) ;
#2111 = LINE ( 'NONE', #4074, #2539 ) ;
#2112 = CARTESIAN_POINT ( 'NONE',  ( 0.8499999999999997600, 0.1270000000000000000, -0.1000000000000033400 ) ) ;
#2113 = DIRECTION ( 'NONE',  ( 1.000000000000000000, 0.0000000000000000000, -4.358843076831536900E-015 ) ) ;
#2114 = VECTOR ( 'NONE', #1688, 1000.000000000000000 ) ;
#2115 = DIRECTION ( 'NONE',  ( -1.000000000000000000, 0.0000000000000000000, 3.491481338843133400E-015 ) ) ;
#2116 = CARTESIAN_POINT ( 'NONE',  ( -0.3499999999999978700, 0.0000000000000000000, 0.5000000000000010000 ) ) ;
#2117 = CARTESIAN_POINT ( 'NONE',  ( 0.8499999999999983100, 0.1269999999999999500, -0.5000000000000033300 ) ) ;
#2118 = ORIENTED_EDGE ( 'NONE', *, *, #4184, .F. ) ;
#2119 = EDGE_LOOP ( 'NONE', ( #1595, #3504, #3364, #1271 ) ) ;
#2120 = DIRECTION ( 'NONE',  ( -1.000000000000000000, 0.0000000000000000000, 3.491481338843133400E-015 ) ) ;
#2121 = CARTESIAN_POINT ( 'NONE',  ( -4.189777606611760000E-015, 0.0000000000000000000, -1.200000000000000200 ) ) ;
#2122 = EDGE_CURVE ( 'NONE', #3414, #514, #444, .T. ) ;
#2123 = FACE_OUTER_BOUND ( 'NONE', #593, .T. ) ;
#2124 = VERTEX_POINT ( 'NONE', #2912 ) ;
#2125 = ORIENTED_EDGE ( 'NONE', *, *, #1220, .F. ) ;
#2126 = CARTESIAN_POINT ( 'NONE',  ( 0.8500000000000017500, 0.1270000000000000000, 0.4999999999999968900 ) ) ;
#2127 = DIRECTION ( 'NONE',  ( -3.491481338843133400E-015, 0.0000000000000000000, -1.000000000000000000 ) ) ;
#2128 = ORIENTED_EDGE ( 'NONE', *, *, #3808, .F. ) ;
#2129 = LINE ( 'NONE', #4125, #3356 ) ;
#2130 = ADVANCED_FACE ( 'NONE', ( #1391, #3315, #233 ), #2985, .F. ) ;
#2131 = ORIENTED_EDGE ( 'NONE', *, *, #181, .F. ) ;
#2132 = EDGE_CURVE ( 'NONE', #4246, #4364, #494, .T. ) ;
#2133 = AXIS2_PLACEMENT_3D ( 'NONE', #3323, #4385, #4354 ) ;
#2134 = EDGE_LOOP ( 'NONE', ( #16, #2494, #390, #1413 ) ) ;
#2135 = CARTESIAN_POINT ( 'NONE',  ( 0.3500000000000029200, 0.1269999999999999500, 0.9499999999999988500 ) ) ;
#2136 = PLANE ( 'NONE',  #2507 ) ;
#2137 = PLANE ( 'NONE',  #1596 ) ;
#2138 = VERTEX_POINT ( 'NONE', #611 ) ;
#2139 = EDGE_CURVE ( 'NONE', #4348, #1995, #2463, .T. ) ;
#2140 = FACE_OUTER_BOUND ( 'NONE', #545, .T. ) ;
#2141 = LINE ( 'NONE', #1774, #4167 ) ;
#2142 = CARTESIAN_POINT ( 'NONE',  ( 0.4999999999999962300, 0.1269999999999999700, -0.9500000000000017300 ) ) ;
#2143 = PLANE ( 'NONE',  #2811 ) ;
#2144 = FACE_OUTER_BOUND ( 'NONE', #4121, .T. ) ;
#2145 = DIRECTION ( 'NONE',  ( -3.708321773340234200E-015, 0.0000000000000000000, -1.000000000000000000 ) ) ;
#2146 = CARTESIAN_POINT ( 'NONE',  ( 0.3500000000000029800, 0.1270000000000000000, 0.8999999999999985800 ) ) ;
#2147 = ORIENTED_EDGE ( 'NONE', *, *, #1074, .T. ) ;
#2148 = LINE ( 'NONE', #1181, #3425 ) ;
#2149 = CARTESIAN_POINT ( 'NONE',  ( -0.8500000000000030900, 0.5000000000000000000, -0.9999999999999970000 ) ) ;
#2150 = PLANE ( 'NONE',  #2310 ) ;
#2151 = EDGE_CURVE ( 'NONE', #2403, #2806, #2404, .T. ) ;
#2152 = VERTEX_POINT ( 'NONE', #2386 ) ;
#2153 = VECTOR ( 'NONE', #1635, 1000.000000000000000 ) ;
#2154 = EDGE_CURVE ( 'NONE', #8, #3763, #3416, .T. ) ;
#2155 = VERTEX_POINT ( 'NONE', #1701 ) ;
#2156 = ADVANCED_FACE ( 'NONE', ( #2358 ), #1667, .F. ) ;
#2157 = PLANE ( 'NONE',  #4333 ) ;
#2158 = DIRECTION ( 'NONE',  ( 1.000000000000000000, 0.0000000000000000000, -3.787394640675466200E-015 ) ) ;
#2159 = VECTOR ( 'NONE', #584, 1000.000000000000000 ) ;
#2160 = ORIENTED_EDGE ( 'NONE', *, *, #868, .F. ) ;
#2161 = EDGE_CURVE ( 'NONE', #540, #973, #2561, .T. ) ;
#2162 = AXIS2_PLACEMENT_3D ( 'NONE', #3036, #1029, #227 ) ;
#2163 = CARTESIAN_POINT ( 'NONE',  ( 0.3500000000000001400, 0.0000000000000000000, 0.09999999999999850700 ) ) ;
#2164 = VECTOR ( 'NONE', #4266, 1000.000000000000000 ) ;
#2165 = CARTESIAN_POINT ( 'NONE',  ( 0.8499999999999969800, 0.05000000000000000300, -1.000000000000003100 ) ) ;
#2166 = EDGE_LOOP ( 'NONE', ( #2359, #2476, #3474, #2671 ) ) ;
#2167 = VERTEX_POINT ( 'NONE', #2370 ) ;
#2168 = CARTESIAN_POINT ( 'NONE',  ( 0.8499999999999989800, 0.1270000000000000000, -0.3000000000000033200 ) ) ;
#2169 = ORIENTED_EDGE ( 'NONE', *, *, #3242, .T. ) ;
#2170 = VECTOR ( 'NONE', #1424, 1000.000000000000000 ) ;
#2171 = DIRECTION ( 'NONE',  ( 1.000000000000000000, 0.0000000000000000000, -2.624119600854729800E-015 ) ) ;
#2172 =( GEOMETRIC_REPRESENTATION_CONTEXT ( 3 ) GLOBAL_UNCERTAINTY_ASSIGNED_CONTEXT ( ( #609 ) ) GLOBAL_UNIT_ASSIGNED_CONTEXT ( ( #2716, #30, #3741 ) ) REPRESENTATION_CONTEXT ( 'NONE', 'WORKASPACE' ) );
#2173 = EDGE_CURVE ( 'NONE', #1556, #2238, #1232, .T. ) ;
#2174 = ORIENTED_EDGE ( 'NONE', *, *, #2914, .F. ) ;
#2175 = CARTESIAN_POINT ( 'NONE',  ( 0.3500000000000029800, 0.6655164807134507100, 0.8999999999999985800 ) ) ;
#2176 = DIRECTION ( 'NONE',  ( 4.358843076831536900E-015, 0.0000000000000000000, 1.000000000000000000 ) ) ;
#2177 = FACE_OUTER_BOUND ( 'NONE', #2319, .T. ) ;
#2178 = DIRECTION ( 'NONE',  ( -3.708321773340234200E-015, 0.0000000000000000000, -1.000000000000000000 ) ) ;
#2179 = EDGE_LOOP ( 'NONE', ( #2042, #3378, #453, #3674 ) ) ;
#2180 = CARTESIAN_POINT ( 'NONE',  ( 0.3499999999999995300, 0.1270000000000000000, -0.1000000000000011600 ) ) ;
#2181 = ORIENTED_EDGE ( 'NONE', *, *, #1101, .T. ) ;
#2182 = UNCERTAINTY_MEASURE_WITH_UNIT (LENGTH_MEASURE( 1.000000000000000100E-005 ), #4368, 'distance_accuracy_value', 'NONE');
#2183 = DIRECTION ( 'NONE',  ( -0.0000000000000000000, -1.000000000000000000, 0.0000000000000000000 ) ) ;
#2184 = ORIENTED_EDGE ( 'NONE', *, *, #406, .F. ) ;
#2185 = ORIENTED_EDGE ( 'NONE', *, *, #282, .F. ) ;
#2186 = ORIENTED_EDGE ( 'NONE', *, *, #1008, .F. ) ;
#2187 = ORIENTED_EDGE ( 'NONE', *, *, #3308, .T. ) ;
#2188 = EDGE_CURVE ( 'NONE', #540, #3983, #1126, .T. ) ;
#2189 = CARTESIAN_POINT ( 'NONE',  ( -2.361707640769255600E-015, 0.05000000000000000300, -0.8999999999999996900 ) ) ;
#2190 = FACE_OUTER_BOUND ( 'NONE', #2736, .T. ) ;
#2191 = ORIENTED_EDGE ( 'NONE', *, *, #3189, .T. ) ;
#2192 = CARTESIAN_POINT ( 'NONE',  ( -0.6131416591870246800, 0.4500000000000000100, -0.7897957293225821300 ) ) ;
#2193 = LINE ( 'NONE', #4091, #451 ) ;
#2194 = VECTOR ( 'NONE', #4182, 1000.000000000000000 ) ;
#2195 = AXIS2_PLACEMENT_3D ( 'NONE', #1984, #2665, #1288 ) ;
#2196 = ORIENTED_EDGE ( 'NONE', *, *, #2086, .F. ) ;
#2197 = DIRECTION ( 'NONE',  ( 1.000000000000000000, 0.0000000000000000000, -2.624119600854729800E-015 ) ) ;
#2198 = DIRECTION ( 'NONE',  ( 1.000000000000000000, 0.0000000000000000000, -3.491481338843133400E-015 ) ) ;
#2199 = CARTESIAN_POINT ( 'NONE',  ( 0.3500000000000023600, 0.1269999999999999500, 0.7918861169915798500 ) ) ;
#2200 = FACE_OUTER_BOUND ( 'NONE', #1541, .T. ) ;
#2201 = EDGE_LOOP ( 'NONE', ( #3184, #785, #2375, #2191 ) ) ;
#2202 = AXIS2_PLACEMENT_3D ( 'NONE', #654, #1657, #2827 ) ;
#2203 = CARTESIAN_POINT ( 'NONE',  ( 0.3499999999999995300, 0.6655164807134507100, -0.1000000000000011600 ) ) ;
#2204 = VECTOR ( 'NONE', #965, 1000.000000000000000 ) ;
#2205 = DIRECTION ( 'NONE',  ( 0.0000000000000000000, 1.000000000000000000, 0.0000000000000000000 ) ) ;
#2206 = DIRECTION ( 'NONE',  ( 0.0000000000000000000, -1.000000000000000000, 0.0000000000000000000 ) ) ;
#2207 = EDGE_CURVE ( 'NONE', #745, #1851, #2847, .T. ) ;
#2208 = EDGE_LOOP ( 'NONE', ( #4098, #1190, #2187, #3107 ) ) ;
#2209 = VECTOR ( 'NONE', #2631, 1000.000000000000000 ) ;
#2210 = DIRECTION ( 'NONE',  ( -1.000000000000000000, 0.0000000000000000000, 3.491481338843133400E-015 ) ) ;
#2211 = EDGE_CURVE ( 'NONE', #3779, #62, #20, .T. ) ;
#2212 = ORIENTED_EDGE ( 'NONE', *, *, #1194, .F. ) ;
#2213 = PLANE ( 'NONE',  #2432 ) ;
#2214 = CARTESIAN_POINT ( 'NONE',  ( 0.8499999999999989800, 0.0000000000000000000, -0.3000000000000033200 ) ) ;
#2215 = LINE ( 'NONE', #1673, #3089 ) ;
#2216 = STYLED_ITEM ( 'NONE', ( #1500 ), #1390 ) ;
#2217 = CARTESIAN_POINT ( 'NONE',  ( -0.5000000000000027800, 0.1270000000000000000, -0.8999999999999983600 ) ) ;
#2218 = CARTESIAN_POINT ( 'NONE',  ( 0.8500000000000012000, 0.6655164807134507100, 0.2999999999999966600 ) ) ;
#2219 = FACE_OUTER_BOUND ( 'NONE', #2093, .T. ) ;
#2220 = DIRECTION ( 'NONE',  ( 1.000000000000000000, 0.0000000000000000000, -3.787394640675466200E-015 ) ) ;
#2221 = PLANE ( 'NONE',  #315 ) ;
#2222 = DIRECTION ( 'NONE',  ( -3.491481338843133400E-015, 0.0000000000000000000, -1.000000000000000000 ) ) ;
#2223 = EDGE_CURVE ( 'NONE', #787, #734, #3465, .T. ) ;
#2224 = LINE ( 'NONE', #4115, #3707 ) ;
#2225 =( NAMED_UNIT ( * ) SI_UNIT ( $, .STERADIAN. ) SOLID_ANGLE_UNIT ( ) );
#2226 = ORIENTED_EDGE ( 'NONE', *, *, #1183, .T. ) ;
#2227 = VERTEX_POINT ( 'NONE', #321 ) ;
#2228 = LINE ( 'NONE', #426, #705 ) ;
#2229 = CARTESIAN_POINT ( 'NONE',  ( -0.8500000000000030900, 0.05000000000000000300, -0.9999999999999970000 ) ) ;
#2230 = ORIENTED_EDGE ( 'NONE', *, *, #1080, .F. ) ;
#2231 = ORIENTED_EDGE ( 'NONE', *, *, #800, .T. ) ;
#2232 = EDGE_CURVE ( 'NONE', #499, #1268, #3204, .T. ) ;
#2233 = DIRECTION ( 'NONE',  ( -1.000000000000000000, 0.0000000000000000000, 3.491481338843133400E-015 ) ) ;
#2234 = EDGE_CURVE ( 'NONE', #3353, #3660, #1918, .T. ) ;
#2235 = LINE ( 'NONE', #3115, #3718 ) ;
#2236 = PLANE ( 'NONE',  #3071 ) ;
#2237 = DIRECTION ( 'NONE',  ( 0.0000000000000000000, -1.000000000000000000, -0.0000000000000000000 ) ) ;
#2238 = VERTEX_POINT ( 'NONE', #1325 ) ;
#2239 = VERTEX_POINT ( 'NONE', #1027 ) ;
#2240 = ADVANCED_FACE ( 'NONE', ( #817 ), #4049, .T. ) ;
#2241 = VECTOR ( 'NONE', #2477, 1000.000000000000000 ) ;
#2242 = LINE ( 'NONE', #275, #79 ) ;
#2243 = CARTESIAN_POINT ( 'NONE',  ( -0.8499999999999985300, 0.1270000000000000000, 0.3000000000000026500 ) ) ;
#2244 = CARTESIAN_POINT ( 'NONE',  ( 0.3499999999999961500, 0.1269999999999999500, -1.000000000000001300 ) ) ;
#2245 = DIRECTION ( 'NONE',  ( 3.491481338843133400E-015, 0.0000000000000000000, 1.000000000000000000 ) ) ;
#2246 = MECHANICAL_DESIGN_GEOMETRIC_PRESENTATION_REPRESENTATION (  '', ( #3037 ), #1132 ) ;
#2247 = ORIENTED_EDGE ( 'NONE', *, *, #1241, .T. ) ;
#2248 = ORIENTED_EDGE ( 'NONE', *, *, #3831, .F. ) ;
#2249 = EDGE_LOOP ( 'NONE', ( #1691, #756, #2010, #4145 ) ) ;
#2250 = LINE ( 'NONE', #110, #819 ) ;
#2251 = FACE_OUTER_BOUND ( 'NONE', #1574, .T. ) ;
#2252 = CARTESIAN_POINT ( 'NONE',  ( -0.8500000000000013100, 0.1269999999999999500, -0.4999999999999975000 ) ) ;
#2253 = EDGE_CURVE ( 'NONE', #758, #3418, #1492, .T. ) ;
#2254 = DIRECTION ( 'NONE',  ( 0.0000000000000000000, 1.000000000000000000, 0.0000000000000000000 ) ) ;
#2255 = CARTESIAN_POINT ( 'NONE',  ( 0.3499999999999988100, 0.6655164807134507100, -0.3000000000000016000 ) ) ;
#2256 =( NAMED_UNIT ( * ) SI_UNIT ( $, .STERADIAN. ) SOLID_ANGLE_UNIT ( ) );
#2257 = ORIENTED_EDGE ( 'NONE', *, *, #4135, .T. ) ;
#2258 = PRESENTATION_STYLE_ASSIGNMENT (( #3172 ) ) ;
#2259 = AXIS2_PLACEMENT_3D ( 'NONE', #765, #2438, #4116 ) ;
#2260 = PLANE ( 'NONE',  #2596 ) ;
#2261 = VERTEX_POINT ( 'NONE', #50 ) ;
#2262 = SURFACE_STYLE_FILL_AREA ( #235 ) ;
#2263 = MANIFOLD_SOLID_BREP ( 'Body-Move/Copy1[11]', #4390 ) ;
#2264 = FACE_OUTER_BOUND ( 'NONE', #3914, .T. ) ;
#2265 = CARTESIAN_POINT ( 'NONE',  ( 0.3499999999999963100, 0.1269999999999999500, -0.9500000000000011800 ) ) ;
#2266 = CARTESIAN_POINT ( 'NONE',  ( 0.5000000000000028900, 0.1269999999999999700, 0.9499999999999982900 ) ) ;
#2267 = ORIENTED_EDGE ( 'NONE', *, *, #3232, .T. ) ;
#2268 = SURFACE_STYLE_FILL_AREA ( #286 ) ;
#2269 = DIRECTION ( 'NONE',  ( 3.491481338843133400E-015, 0.0000000000000000000, 1.000000000000000000 ) ) ;
#2270 = AXIS2_PLACEMENT_3D ( 'NONE', #2304, #299, #1302 ) ;
#2271 = LINE ( 'NONE', #4092, #4349 ) ;
#2272 = DIRECTION ( 'NONE',  ( 0.0000000000000000000, -1.000000000000000000, -0.0000000000000000000 ) ) ;
#2273 = CARTESIAN_POINT ( 'NONE',  ( 0.3500000000000022500, 0.6655164807134507100, 0.6999999999999989600 ) ) ;
#2274 = DIRECTION ( 'NONE',  ( -0.0000000000000000000, -1.000000000000000000, 0.0000000000000000000 ) ) ;
#2275 = ORIENTED_EDGE ( 'NONE', *, *, #4325, .T. ) ;
#2276 = AXIS2_PLACEMENT_3D ( 'NONE', #966, #3342, #4037 ) ;
#2277 =( NAMED_UNIT ( * ) PLANE_ANGLE_UNIT ( ) SI_UNIT ( $, .RADIAN. ) );
#2278 =( NAMED_UNIT ( * ) PLANE_ANGLE_UNIT ( ) SI_UNIT ( $, .RADIAN. ) );
#2279 = ORIENTED_EDGE ( 'NONE', *, *, #2173, .F. ) ;
#2280 = LINE ( 'NONE', #55, #166 ) ;
#2281 = DIRECTION ( 'NONE',  ( 0.0000000000000000000, -1.000000000000000000, -0.0000000000000000000 ) ) ;
#2282 = EDGE_LOOP ( 'NONE', ( #953, #3202, #2104, #533, #833, #2184 ) ) ;
#2283 = VECTOR ( 'NONE', #2889, 1000.000000000000000 ) ;
#2284 = VECTOR ( 'NONE', #2760, 1000.000000000000000 ) ;
#2285 = DIRECTION ( 'NONE',  ( -3.491481338843133400E-015, 0.0000000000000000000, -1.000000000000000000 ) ) ;
#2286 = ORIENTED_EDGE ( 'NONE', *, *, #1856, .F. ) ;
#2287 = CARTESIAN_POINT ( 'NONE',  ( -0.3499999999999978700, 0.1270000000000000000, 0.5000000000000010000 ) ) ;
#2288 = DIRECTION ( 'NONE',  ( 3.491481338843133400E-015, 0.0000000000000000000, 1.000000000000000000 ) ) ;
#2289 = LINE ( 'NONE', #305, #2894 ) ;
#2290 = VERTEX_POINT ( 'NONE', #3551 ) ;
#2291 = ADVANCED_FACE ( 'NONE', ( #129 ), #4406, .T. ) ;
#2292 = EDGE_CURVE ( 'NONE', #3348, #492, #3989, .T. ) ;
#2293 = ORIENTED_EDGE ( 'NONE', *, *, #2253, .T. ) ;
#2294 = CARTESIAN_POINT ( 'NONE',  ( 0.4999999999999961100, 0.07699999999999997100, -1.000000000000001800 ) ) ;
#2295 = CARTESIAN_POINT ( 'NONE',  ( 0.3500000000000001400, 0.1270000000000000000, 0.09999999999999850700 ) ) ;
#2296 = LINE ( 'NONE', #396, #1753 ) ;
#2297 = VERTEX_POINT ( 'NONE', #2112 ) ;
#2298 = EDGE_CURVE ( 'NONE', #3482, #1387, #913, .T. ) ;
#2299 = VERTEX_POINT ( 'NONE', #788 ) ;
#2300 = FACE_OUTER_BOUND ( 'NONE', #2282, .T. ) ;
#2301 = LINE ( 'NONE', #441, #25 ) ;
#2302 = EDGE_LOOP ( 'NONE', ( #3614, #303, #4071, #829 ) ) ;
#2303 = ORIENTED_EDGE ( 'NONE', *, *, #2292, .F. ) ;
#2304 = CARTESIAN_POINT ( 'NONE',  ( -0.3499999999999985900, 0.6655164807134507100, 0.3000000000000013200 ) ) ;
#2305 = LINE ( 'NONE', #3909, #29 ) ;
#2306 = CARTESIAN_POINT ( 'NONE',  ( -0.8499999999999993100, 0.6655164807134507100, 0.1000000000000026800 ) ) ;
#2307 = PRESENTATION_LAYER_ASSIGNMENT (  '', '', ( #2216 ) ) ;
#2308 = CARTESIAN_POINT ( 'NONE',  ( 0.3500000000000030900, 0.07699999999999997100, 0.9999999999999986700 ) ) ;
#2309 = EDGE_CURVE ( 'NONE', #1806, #1189, #2735, .T. ) ;
#2310 = AXIS2_PLACEMENT_3D ( 'NONE', #130, #2870, #1785 ) ;
#2311 = EDGE_CURVE ( 'NONE', #1331, #4398, #2296, .T. ) ;
#2312 = ORIENTED_EDGE ( 'NONE', *, *, #957, .T. ) ;
#2313 = VECTOR ( 'NONE', #312, 1000.000000000000000 ) ;
#2314 = CARTESIAN_POINT ( 'NONE',  ( -0.3500000000000020300, 0.1270000000000000000, -0.6999999999999991800 ) ) ;
#2315 = ADVANCED_FACE ( 'NONE', ( #1445 ), #104, .T. ) ;
#2316 = EDGE_LOOP ( 'NONE', ( #710, #982, #1636, #284 ) ) ;
#2317 = LINE ( 'NONE', #3293, #2974 ) ;
#2318 = UNCERTAINTY_MEASURE_WITH_UNIT (LENGTH_MEASURE( 1.000000000000000100E-005 ), #3644, 'distance_accuracy_value', 'NONE');
#2319 = EDGE_LOOP ( 'NONE', ( #1689, #1934 ) ) ;
#2320 = VERTEX_POINT ( 'NONE', #2817 ) ;
#2321 = CARTESIAN_POINT ( 'NONE',  ( 0.0000000000000000000, 0.5000000000000000000, 0.0000000000000000000 ) ) ;
#2322 = CARTESIAN_POINT ( 'NONE',  ( 0.5000000000000030000, 0.07699999999999997100, 0.9999999999999983300 ) ) ;
#2323 = VERTEX_POINT ( 'NONE', #2126 ) ;
#2324 = PLANE ( 'NONE',  #2276 ) ;
#2325 = ORIENTED_EDGE ( 'NONE', *, *, #3519, .T. ) ;
#2326 = VECTOR ( 'NONE', #2107, 1000.000000000000000 ) ;
#2327 = CARTESIAN_POINT ( 'NONE',  ( 0.3499999999999963100, 0.07699999999999997100, -0.9500000000000011800 ) ) ;
#2328 = PLANE ( 'NONE',  #3612 ) ;
#2329 = VECTOR ( 'NONE', #345, 1000.000000000000000 ) ;
#2330 = EDGE_CURVE ( 'NONE', #2826, #649, #711, .T. ) ;
#2331 = DIRECTION ( 'NONE',  ( -1.000000000000000000, 0.0000000000000000000, 2.624119600854729800E-015 ) ) ;
#2332 = VECTOR ( 'NONE', #262, 1000.000000000000000 ) ;
#2333 = DIRECTION ( 'NONE',  ( 3.491481338843133400E-015, 0.0000000000000000000, 1.000000000000000000 ) ) ;
#2334 = EDGE_CURVE ( 'NONE', #1946, #514, #3160, .T. ) ;
#2335 = CARTESIAN_POINT ( 'NONE',  ( 0.3500000000000029200, 0.1269999999999999500, 0.9499999999999988500 ) ) ;
#2336 = DIRECTION ( 'NONE',  ( 0.0000000000000000000, -1.000000000000000000, -0.0000000000000000000 ) ) ;
#2337 = DIRECTION ( 'NONE',  ( 1.000000000000000000, 0.0000000000000000000, -3.491481338843133400E-015 ) ) ;
#2338 = VECTOR ( 'NONE', #1954, 1000.000000000000000 ) ;
#2339 = ADVANCED_FACE ( 'NONE', ( #3511 ), #4249, .F. ) ;
#2340 = ORIENTED_EDGE ( 'NONE', *, *, #1487, .T. ) ;
#2341 = EDGE_CURVE ( 'NONE', #2436, #2323, #2129, .T. ) ;
#2342 = EDGE_CURVE ( 'NONE', #3485, #433, #3783, .T. ) ;
#2343 = CARTESIAN_POINT ( 'NONE',  ( -0.3500000000000030900, 0.4624101966249681800, -0.9999999999999986700 ) ) ;
#2344 = LINE ( 'NONE', #4133, #480 ) ;
#2345 = ORIENTED_EDGE ( 'NONE', *, *, #2748, .T. ) ;
#2346 = VECTOR ( 'NONE', #2705, 1000.000000000000000 ) ;
#2347 = DIRECTION ( 'NONE',  ( 0.0000000000000000000, -1.000000000000000000, 0.0000000000000000000 ) ) ;
#2348 = ORIENTED_EDGE ( 'NONE', *, *, #2188, .F. ) ;
#2349 = AXIS2_PLACEMENT_3D ( 'NONE', #4365, #3059, #3371 ) ;
#2350 = CARTESIAN_POINT ( 'NONE',  ( 0.8499999999999997600, 0.1270000000000000000, -0.1000000000000033400 ) ) ;
#2351 = ORIENTED_EDGE ( 'NONE', *, *, #3110, .T. ) ;
#2352 = FACE_OUTER_BOUND ( 'NONE', #3222, .T. ) ;
#2353 = ORIENTED_EDGE ( 'NONE', *, *, #469, .T. ) ;
#2354 = CARTESIAN_POINT ( 'NONE',  ( 0.3500000000000015900, 0.0000000000000000000, 0.4999999999999986100 ) ) ;
#2355 = DIRECTION ( 'NONE',  ( 1.000000000000000000, 0.0000000000000000000, -3.491481338843133400E-015 ) ) ;
#2356 = DIRECTION ( 'NONE',  ( -1.000000000000000000, 1.807003620809174600E-016, 3.491481338843133400E-015 ) ) ;
#2357 = ORIENTED_EDGE ( 'NONE', *, *, #4225, .F. ) ;
#2358 = FACE_OUTER_BOUND ( 'NONE', #4002, .T. ) ;
#2359 = ORIENTED_EDGE ( 'NONE', *, *, #2885, .F. ) ;
#2360 = ORIENTED_EDGE ( 'NONE', *, *, #2532, .F. ) ;
#2361 = EDGE_CURVE ( 'NONE', #3312, #1041, #2235, .T. ) ;
#2362 = ADVANCED_FACE ( 'NONE', ( #4045 ), #1853, .T. ) ;
#2363 = PLANE ( 'NONE',  #2688 ) ;
#2364 = COLOUR_RGB ( '',0.2509803921568627400, 0.2509803921568627400, 0.2509803921568627400 ) ;
#2365 = CARTESIAN_POINT ( 'NONE',  ( 0.5000000000000030000, 0.1269999999999999700, 0.9999999999999983300 ) ) ;
#2366 =( GEOMETRIC_REPRESENTATION_CONTEXT ( 3 ) GLOBAL_UNCERTAINTY_ASSIGNED_CONTEXT ( ( #1788 ) ) GLOBAL_UNIT_ASSIGNED_CONTEXT ( ( #686, #3822, #1121 ) ) REPRESENTATION_CONTEXT ( 'NONE', 'WORKASPACE' ) );
#2367 = ORIENTED_EDGE ( 'NONE', *, *, #341, .T. ) ;
#2368 = LINE ( 'NONE', #1847, #2425 ) ;
#2369 = CARTESIAN_POINT ( 'NONE',  ( 0.3499999999999961500, 0.07699999999999997100, -1.000000000000001300 ) ) ;
#2370 = CARTESIAN_POINT ( 'NONE',  ( -0.8499999999999970900, 0.0000000000000000000, 0.7000000000000026200 ) ) ;
#2371 = VECTOR ( 'NONE', #2858, 1000.000000000000000 ) ;
#2372 = DIRECTION ( 'NONE',  ( 0.0000000000000000000, -1.000000000000000000, 0.0000000000000000000 ) ) ;
#2373 = ORIENTED_EDGE ( 'NONE', *, *, #4239, .F. ) ;
#2374 = SURFACE_SIDE_STYLE ('',( #3373 ) ) ;
#2375 = ORIENTED_EDGE ( 'NONE', *, *, #3316, .T. ) ;
#2376 = LINE ( 'NONE', #2314, #885 ) ;
#2377 = CARTESIAN_POINT ( 'NONE',  ( -0.8499999999999978700, 0.1270000000000000000, 0.5000000000000027800 ) ) ;
#2378 = CARTESIAN_POINT ( 'NONE',  ( -0.4999999999999962300, 0.07699999999999997100, 0.9500000000000017300 ) ) ;
#2379 = VERTEX_POINT ( 'NONE', #80 ) ;
#2380 = ORIENTED_EDGE ( 'NONE', *, *, #31, .F. ) ;
#2381 = LINE ( 'NONE', #1138, #4086 ) ;
#2382 = ADVANCED_FACE ( 'NONE', ( #1915 ), #3780, .F. ) ;
#2383 = CARTESIAN_POINT ( 'NONE',  ( 0.3500000000000022500, 0.04999999999999999600, 0.6999999999999989600 ) ) ;
#2384 = CARTESIAN_POINT ( 'NONE',  ( -0.3500000000000030900, 0.05000000000000012800, -0.9999999999999986700 ) ) ;
#2385 = EDGE_CURVE ( 'NONE', #768, #4317, #4265, .T. ) ;
#2386 = CARTESIAN_POINT ( 'NONE',  ( 0.8499999999999997600, 0.1269999999999999500, -0.1000000000000033400 ) ) ;
#2387 = DIRECTION ( 'NONE',  ( -3.491481338843133400E-015, 0.0000000000000000000, -1.000000000000000000 ) ) ;
#2388 = ORIENTED_EDGE ( 'NONE', *, *, #267, .T. ) ;
#2389 = DIRECTION ( 'NONE',  ( -1.000000000000000000, -0.0000000000000000000, 3.491481338843133400E-015 ) ) ;
#2390 =( GEOMETRIC_REPRESENTATION_CONTEXT ( 3 ) GLOBAL_UNCERTAINTY_ASSIGNED_CONTEXT ( ( #3122 ) ) GLOBAL_UNIT_ASSIGNED_CONTEXT ( ( #1252, #2277, #255 ) ) REPRESENTATION_CONTEXT ( 'NONE', 'WORKASPACE' ) );
#2391 = LINE ( 'NONE', #3321, #2657 ) ;
#2392 = CARTESIAN_POINT ( 'NONE',  ( 0.5000000000000030000, 0.07699999999999997100, 0.9999999999999983300 ) ) ;
#2393 = CARTESIAN_POINT ( 'NONE',  ( 0.3499999999999961500, 0.1269999999999999500, -1.000000000000001300 ) ) ;
#2394 = ORIENTED_EDGE ( 'NONE', *, *, #155, .F. ) ;
#2395 = DIRECTION ( 'NONE',  ( 1.000000000000000000, 0.0000000000000000000, -2.624119600854729800E-015 ) ) ;
#2396 = VECTOR ( 'NONE', #2916, 1000.000000000000000 ) ;
#2397 = ORIENTED_EDGE ( 'NONE', *, *, #1352, .T. ) ;
#2398 = AXIS2_PLACEMENT_3D ( 'NONE', #77, #1427, #1473 ) ;
#2399 = VERTEX_POINT ( 'NONE', #1430 ) ;
#2400 = ORIENTED_EDGE ( 'NONE', *, *, #3912, .T. ) ;
#2401 = VECTOR ( 'NONE', #4148, 1000.000000000000000 ) ;
#2402 = EDGE_LOOP ( 'NONE', ( #153, #4236, #3148, #3911 ) ) ;
#2403 = VERTEX_POINT ( 'NONE', #747 ) ;
#2404 = LINE ( 'NONE', #717, #3724 ) ;
#2405 = ADVANCED_FACE ( 'NONE', ( #2190 ), #3954, .T. ) ;
#2406 = CARTESIAN_POINT ( 'NONE',  ( -0.3499999999999993100, 0.0000000000000000000, 0.1000000000000009400 ) ) ;
#2407 = ORIENTED_EDGE ( 'NONE', *, *, #1594, .T. ) ;
#2408 = CARTESIAN_POINT ( 'NONE',  ( -0.3499999999999961500, 0.07699999999999997100, 1.000000000000001300 ) ) ;
#2409 = SURFACE_SIDE_STYLE ('',( #3740 ) ) ;
#2410 = VECTOR ( 'NONE', #3083, 1000.000000000000000 ) ;
#2411 = CARTESIAN_POINT ( 'NONE',  ( -5.586370142149013400E-015, 0.0000000000000000000, -1.600000000000000100 ) ) ;
#2412 =( NAMED_UNIT ( * ) SI_UNIT ( $, .STERADIAN. ) SOLID_ANGLE_UNIT ( ) );
#2413 = DIRECTION ( 'NONE',  ( -3.708321773340234200E-015, 0.0000000000000000000, -1.000000000000000000 ) ) ;
#2414 = VECTOR ( 'NONE', #2027, 1000.000000000000000 ) ;
#2415 = CARTESIAN_POINT ( 'NONE',  ( -0.4999999999999995600, 0.05000000000000000300, 1.745740669421565100E-015 ) ) ;
#2416 = CARTESIAN_POINT ( 'NONE',  ( 0.3500000000000022500, 0.1269999999999999500, 0.6999999999999989600 ) ) ;
#2417 = VERTEX_POINT ( 'NONE', #2252 ) ;
#2418 = VECTOR ( 'NONE', #691, 1000.000000000000000 ) ;
#2419 = FILL_AREA_STYLE ('',( #368 ) ) ;
#2420 = APPLICATION_PROTOCOL_DEFINITION ( 'draft international standard', 'automotive_design', 1998, #419 ) ;
#2421 = DIRECTION ( 'NONE',  ( 0.0000000000000000000, -1.000000000000000000, 0.0000000000000000000 ) ) ;
#2422 = EDGE_CURVE ( 'NONE', #734, #2956, #1859, .T. ) ;
#2423 = MECHANICAL_DESIGN_GEOMETRIC_PRESENTATION_REPRESENTATION (  '', ( #3193 ), #372 ) ;
#2424 = VERTEX_POINT ( 'NONE', #3297 ) ;
#2425 = VECTOR ( 'NONE', #2540, 1000.000000000000000 ) ;
#2426 = ORIENTED_EDGE ( 'NONE', *, *, #3027, .T. ) ;
#2427 = ADVANCED_FACE ( 'NONE', ( #327 ), #892, .T. ) ;
#2428 = EDGE_LOOP ( 'NONE', ( #668, #773, #4338, #408 ) ) ;
#2429 = ORIENTED_EDGE ( 'NONE', *, *, #2538, .T. ) ;
#2430 = CARTESIAN_POINT ( 'NONE',  ( 3.316907271900976700E-015, 0.0000000000000000000, 0.9499999999999999600 ) ) ;
#2431 = VECTOR ( 'NONE', #2825, 1000.000000000000000 ) ;
#2432 = AXIS2_PLACEMENT_3D ( 'NONE', #2570, #206, #4227 ) ;
#2433 = DIRECTION ( 'NONE',  ( 3.491481338843133400E-015, 0.0000000000000000000, 1.000000000000000000 ) ) ;
#2434 = VECTOR ( 'NONE', #4355, 1000.000000000000000 ) ;
#2435 = PLANE ( 'NONE',  #3141 ) ;
#2436 = VERTEX_POINT ( 'NONE', #1253 ) ;
#2437 = DIRECTION ( 'NONE',  ( 3.491481338843133400E-015, 0.0000000000000000000, 1.000000000000000000 ) ) ;
#2438 = DIRECTION ( 'NONE',  ( 1.000000000000000000, 0.0000000000000000000, -3.491481338843133400E-015 ) ) ;
#2439 = VECTOR ( 'NONE', #1602, 1000.000000000000000 ) ;
#2440 = EDGE_CURVE ( 'NONE', #75, #1301, #1438, .T. ) ;
#2441 = CARTESIAN_POINT ( 'NONE',  ( 0.3499999999999968700, 0.07699999999999997100, -0.7918861169915821800 ) ) ;
#2442 = DIRECTION ( 'NONE',  ( 0.0000000000000000000, 1.000000000000000000, 0.0000000000000000000 ) ) ;
#2443 = VECTOR ( 'NONE', #2113, 1000.000000000000000 ) ;
#2444 = EDGE_CURVE ( 'NONE', #641, #3987, #2022, .T. ) ;
#2445 = ORIENTED_EDGE ( 'NONE', *, *, #3880, .F. ) ;
#2446 = ADVANCED_FACE ( 'NONE', ( #1542 ), #3625, .F. ) ;
#2447 = DIRECTION ( 'NONE',  ( 1.000000000000000000, 0.0000000000000000000, -3.491481338843133400E-015 ) ) ;
#2448 = VERTEX_POINT ( 'NONE', #3966 ) ;
#2449 = EDGE_CURVE ( 'NONE', #2124, #664, #1175, .T. ) ;
#2450 = PRESENTATION_LAYER_ASSIGNMENT (  '', '', ( #3974 ) ) ;
#2451 = PLANE ( 'NONE',  #3630 ) ;
#2452 = ORIENTED_EDGE ( 'NONE', *, *, #3571, .T. ) ;
#2453 = CARTESIAN_POINT ( 'NONE',  ( 0.8499999999999975400, 0.0000000000000000000, -0.7000000000000032900 ) ) ;
#2454 = CARTESIAN_POINT ( 'NONE',  ( 0.3499999999999961500, 0.1269999999999999500, -1.000000000000001300 ) ) ;
#2455 = ORIENTED_EDGE ( 'NONE', *, *, #1858, .T. ) ;
#2456 = MANIFOLD_SOLID_BREP ( 'Body-Move/Copy1[4]', #4309 ) ;
#2457 = ORIENTED_EDGE ( 'NONE', *, *, #1856, .T. ) ;
#2458 = EDGE_CURVE ( 'NONE', #862, #4095, #3615, .T. ) ;
#2459 = DIRECTION ( 'NONE',  ( 0.0000000000000000000, 1.000000000000000000, 0.0000000000000000000 ) ) ;
#2460 = VERTEX_POINT ( 'NONE', #2266 ) ;
#2461 = CARTESIAN_POINT ( 'NONE',  ( -0.8499999999999978700, 0.6655164807134507100, 0.5000000000000027800 ) ) ;
#2462 = DIRECTION ( 'NONE',  ( -1.000000000000000000, -0.0000000000000000000, 4.358843076831536900E-015 ) ) ;
#2463 = LINE ( 'NONE', #4321, #3517 ) ;
#2464 = LINE ( 'NONE', #1943, #1089 ) ;
#2465 = ORIENTED_EDGE ( 'NONE', *, *, #3210, .F. ) ;
#2466 = LINE ( 'NONE', #623, #4378 ) ;
#2467 = DIRECTION ( 'NONE',  ( -3.491481338843133400E-015, 0.0000000000000000000, -1.000000000000000000 ) ) ;
#2468 = DIRECTION ( 'NONE',  ( 1.000000000000000000, 0.0000000000000000000, -3.491481338843133400E-015 ) ) ;
#2469 = FACE_OUTER_BOUND ( 'NONE', #3231, .T. ) ;
#2470 = EDGE_CURVE ( 'NONE', #4285, #758, #228, .T. ) ;
#2471 = ADVANCED_FACE ( 'NONE', ( #854 ), #2922, .F. ) ;
#2472 = ORIENTED_EDGE ( 'NONE', *, *, #2449, .F. ) ;
#2473 = VERTEX_POINT ( 'NONE', #3251 ) ;
#2474 = DIRECTION ( 'NONE',  ( 3.491481338843133400E-015, -0.0000000000000000000, 1.000000000000000000 ) ) ;
#2475 = FACE_OUTER_BOUND ( 'NONE', #897, .T. ) ;
#2476 = ORIENTED_EDGE ( 'NONE', *, *, #2610, .T. ) ;
#2477 = DIRECTION ( 'NONE',  ( 0.0000000000000000000, -1.000000000000000000, 0.0000000000000000000 ) ) ;
#2478 = DIRECTION ( 'NONE',  ( -0.0000000000000000000, -1.000000000000000000, 0.0000000000000000000 ) ) ;
#2479 = FACE_OUTER_BOUND ( 'NONE', #106, .T. ) ;
#2480 = DIRECTION ( 'NONE',  ( -1.000000000000000000, -1.807003620809174600E-016, 3.491481338843133400E-015 ) ) ;
#2481 = ORIENTED_EDGE ( 'NONE', *, *, #4142, .F. ) ;
#2482 = CARTESIAN_POINT ( 'NONE',  ( -0.5272618704128497800, 0.7429047240363497700, -0.7897957293225824600 ) ) ;
#2483 = CARTESIAN_POINT ( 'NONE',  ( 0.8500000000000017500, 0.6655164807134507100, 0.4999999999999968900 ) ) ;
#2484 = STYLED_ITEM ( 'NONE', ( #3329 ), #4093 ) ;
#2485 = LINE ( 'NONE', #2572, #1579 ) ;
#2486 = PLANE ( 'NONE',  #1780 ) ;
#2487 = ADVANCED_FACE ( 'NONE', ( #2352 ), #3581, .F. ) ;
#2488 = EDGE_CURVE ( 'NONE', #1907, #2167, #651, .T. ) ;
#2489 = LINE ( 'NONE', #1707, #2713 ) ;
#2490 = CARTESIAN_POINT ( 'NONE',  ( 0.3499999999999980900, 0.1269999999999999500, -0.5000000000000012200 ) ) ;
#2491 = DIRECTION ( 'NONE',  ( 2.624119600854729800E-015, -0.0000000000000000000, 1.000000000000000000 ) ) ;
#2492 = PLANE ( 'NONE',  #470 ) ;
#2493 = VECTOR ( 'NONE', #1315, 1000.000000000000000 ) ;
#2494 = ORIENTED_EDGE ( 'NONE', *, *, #1548, .T. ) ;
#2495 = CARTESIAN_POINT ( 'NONE',  ( 0.3500000000000029200, 0.07699999999999997100, 0.9499999999999988500 ) ) ;
#2496 = CARTESIAN_POINT ( 'NONE',  ( 0.8500000000000025300, 0.6655164807134507100, 0.6999999999999967400 ) ) ;
#2497 = CARTESIAN_POINT ( 'NONE',  ( -0.4999999999999962300, 0.1269999999999999700, 0.9500000000000017300 ) ) ;
#2498 = AXIS2_PLACEMENT_3D ( 'NONE', #3620, #601, #2989 ) ;
#2499 = CIRCLE ( 'NONE', #4389, 0.08587978877417495900 ) ;
#2500 = EDGE_LOOP ( 'NONE', ( #3129, #2373, #3582, #3345 ) ) ;
#2501 = ORIENTED_EDGE ( 'NONE', *, *, #1548, .F. ) ;
#2502 = ORIENTED_EDGE ( 'NONE', *, *, #841, .T. ) ;
#2503 = VERTEX_POINT ( 'NONE', #4261 ) ;
#2504 = COLOUR_RGB ( '',0.7921568627450980000, 0.8196078431372548800, 0.9333333333333333500 ) ;
#2505 = DIRECTION ( 'NONE',  ( 1.000000000000000000, 0.0000000000000000000, -4.358843076831536900E-015 ) ) ;
#2506 = ORIENTED_EDGE ( 'NONE', *, *, #3979, .F. ) ;
#2507 = AXIS2_PLACEMENT_3D ( 'NONE', #2510, #3499, #1137 ) ;
#2508 = ORIENTED_EDGE ( 'NONE', *, *, #4292, .F. ) ;
#2509 =( NAMED_UNIT ( * ) SI_UNIT ( $, .STERADIAN. ) SOLID_ANGLE_UNIT ( ) );
#2510 = CARTESIAN_POINT ( 'NONE',  ( 0.0000000000000000000, 0.0000000000000000000, 0.0000000000000000000 ) ) ;
#2511 = CARTESIAN_POINT ( 'NONE',  ( 1.836883720598311700E-015, 0.05000000000000000300, 0.7000000000000004000 ) ) ;
#2512 = CARTESIAN_POINT ( 'NONE',  ( -0.3500000000000020300, 0.4624101966249681800, -0.6999999999999991800 ) ) ;
#2513 = ORIENTED_EDGE ( 'NONE', *, *, #3057, .T. ) ;
#2514 = EDGE_CURVE ( 'NONE', #745, #1468, #906, .T. ) ;
#2515 = AXIS2_PLACEMENT_3D ( 'NONE', #512, #2222, #2566 ) ;
#2516 = LINE ( 'NONE', #3390, #186 ) ;
#2517 = VECTOR ( 'NONE', #3203, 1000.000000000000000 ) ;
#2518 = CARTESIAN_POINT ( 'NONE',  ( 0.3500000000000001400, 0.1270000000000000000, 0.09999999999999850700 ) ) ;
#2519 = DIRECTION ( 'NONE',  ( -3.491481338843133400E-015, 0.0000000000000000000, -1.000000000000000000 ) ) ;
#2520 = EDGE_CURVE ( 'NONE', #2299, #2152, #3889, .T. ) ;
#2521 = ORIENTED_EDGE ( 'NONE', *, *, #4274, .T. ) ;
#2522 = VECTOR ( 'NONE', #748, 1000.000000000000000 ) ;
#2523 = DIRECTION ( 'NONE',  ( -1.000000000000000000, 0.0000000000000000000, 2.624119600854729800E-015 ) ) ;
#2524 = CARTESIAN_POINT ( 'NONE',  ( 0.0000000000000000000, 0.0000000000000000000, 0.0000000000000000000 ) ) ;
#2525 = EDGE_LOOP ( 'NONE', ( #2380, #1597, #264, #3361 ) ) ;
#2526 = EDGE_CURVE ( 'NONE', #2678, #760, #3154, .T. ) ;
#2527 = DIRECTION ( 'NONE',  ( 4.358843076831536900E-015, 0.0000000000000000000, 1.000000000000000000 ) ) ;
#2528 = PLANE ( 'NONE',  #2562 ) ;
#2529 = VERTEX_POINT ( 'NONE', #1626 ) ;
#2530 = ORIENTED_EDGE ( 'NONE', *, *, #1291, .T. ) ;
#2531 = CLOSED_SHELL ( 'NONE', ( #1238, #3824, #2339, #2652, #2725, #115, #2130, #900, #742, #468, #3572, #693, #449, #3090, #1952, #4024, #2040, #1400, #1717, #4255, #578, #424, #3043, #2427, #2291, #1670, #671, #2798, #397, #3001, #3646, #3892, #2951, #4367, #1005, #1615, #878, #2240, #1926, #204, #3467, #4388, #3026, #4120, #1419, #1737, #952, #3324, #3847, #1193, #4166, #27, #3169, #94, #3128, #3187, #1085, #2752, #2405, #2315, #3295, #1, #1694, #2079, #648, #1329 ) ) ;
#2532 = EDGE_CURVE ( 'NONE', #1621, #2986, #3256, .T. ) ;
#2533 = AXIS2_PLACEMENT_3D ( 'NONE', #2704, #12, #1340 ) ;
#2534 = PRESENTATION_STYLE_ASSIGNMENT (( #627 ) ) ;
#2535 = CARTESIAN_POINT ( 'NONE',  ( -0.4999999999999962300, 0.1269999999999999700, 0.9500000000000017300 ) ) ;
#2536 = PLANE ( 'NONE',  #2047 ) ;
#2537 = CARTESIAN_POINT ( 'NONE',  ( -0.6131416591870246800, 0.5000000000000000000, -0.7897957293225821300 ) ) ;
#2538 = EDGE_CURVE ( 'NONE', #1219, #3786, #4155, .T. ) ;
#2539 = VECTOR ( 'NONE', #950, 1000.000000000000000 ) ;
#2540 = DIRECTION ( 'NONE',  ( -3.491481338843133400E-015, 0.0000000000000000000, -1.000000000000000000 ) ) ;
#2541 = DIRECTION ( 'NONE',  ( 1.000000000000000000, 0.0000000000000000000, -4.358843076831536900E-015 ) ) ;
#2542 = CARTESIAN_POINT ( 'NONE',  ( 0.3499999999999988100, 0.1270000000000000000, -0.3000000000000016000 ) ) ;
#2543 = ORIENTED_EDGE ( 'NONE', *, *, #549, .F. ) ;
#2544 = FACE_OUTER_BOUND ( 'NONE', #1992, .T. ) ;
#2545 = ORIENTED_EDGE ( 'NONE', *, *, #2954, .F. ) ;
#2546 = CARTESIAN_POINT ( 'NONE',  ( -0.8499999999999985300, 0.0000000000000000000, 0.3000000000000026500 ) ) ;
#2547 = ORIENTED_EDGE ( 'NONE', *, *, #3424, .T. ) ;
#2548 = EDGE_CURVE ( 'NONE', #4101, #4165, #3672, .T. ) ;
#2549 = DIRECTION ( 'NONE',  ( -3.708321773340234200E-015, 0.0000000000000000000, -1.000000000000000000 ) ) ;
#2550 = VERTEX_POINT ( 'NONE', #2002 ) ;
#2551 = ADVANCED_FACE ( 'NONE', ( #1746 ), #4376, .F. ) ;
#2552 = EDGE_LOOP ( 'NONE', ( #786, #2812, #2882, #1586 ) ) ;
#2553 = CARTESIAN_POINT ( 'NONE',  ( -0.3499999999999964800, 0.1270000000000000000, 0.9000000000000009100 ) ) ;
#2554 = ORIENTED_EDGE ( 'NONE', *, *, #318, .T. ) ;
#2555 = CARTESIAN_POINT ( 'NONE',  ( -0.8500000000000030900, 0.05000000000000000300, -0.9999999999999970000 ) ) ;
#2556 = AXIS2_PLACEMENT_3D ( 'NONE', #947, #1648, #3065 ) ;
#2557 = ORIENTED_EDGE ( 'NONE', *, *, #1803, .T. ) ;
#2558 = LINE ( 'NONE', #991, #3934 ) ;
#2559 = ORIENTED_EDGE ( 'NONE', *, *, #199, .F. ) ;
#2560 = ORIENTED_EDGE ( 'NONE', *, *, #2574, .F. ) ;
#2561 = LINE ( 'NONE', #3426, #2615 ) ;
#2562 = AXIS2_PLACEMENT_3D ( 'NONE', #3921, #816, #2519 ) ;
#2563 = ORIENTED_EDGE ( 'NONE', *, *, #3163, .F. ) ;
#2564 = CARTESIAN_POINT ( 'NONE',  ( -0.8500000000000027500, 0.05000000000000000300, -0.8999999999999974700 ) ) ;
#2565 = DIRECTION ( 'NONE',  ( -1.000000000000000000, 0.0000000000000000000, 3.491481338843133400E-015 ) ) ;
#2566 = DIRECTION ( 'NONE',  ( -1.000000000000000000, 0.0000000000000000000, 3.491481338843133400E-015 ) ) ;
#2567 = VECTOR ( 'NONE', #530, 1000.000000000000000 ) ;
#2568 = VERTEX_POINT ( 'NONE', #1279 ) ;
#2569 = CARTESIAN_POINT ( 'NONE',  ( -0.3499999999999972000, 0.1270000000000000000, 0.7000000000000012900 ) ) ;
#2570 = CARTESIAN_POINT ( 'NONE',  ( 0.3499999999999973700, 0.6655164807134507100, -0.7000000000000015100 ) ) ;
#2571 = LINE ( 'NONE', #2593, #4061 ) ;
#2572 = CARTESIAN_POINT ( 'NONE',  ( -0.8499999999999970900, 0.0000000000000000000, 0.7000000000000026200 ) ) ;
#2573 = ORIENTED_EDGE ( 'NONE', *, *, #1898, .F. ) ;
#2574 = EDGE_CURVE ( 'NONE', #933, #725, #73, .T. ) ;
#2575 = VECTOR ( 'NONE', #4404, 1000.000000000000000 ) ;
#2576 = CARTESIAN_POINT ( 'NONE',  ( -0.8500000000000027500, 0.1270000000000000000, -0.8999999999999974700 ) ) ;
#2577 = EDGE_CURVE ( 'NONE', #75, #2024, #2558, .T. ) ;
#2578 = ORIENTED_EDGE ( 'NONE', *, *, #4235, .T. ) ;
#2579 = VECTOR ( 'NONE', #3218, 1000.000000000000000 ) ;
#2580 = DIRECTION ( 'NONE',  ( -3.491481338843133400E-015, 0.0000000000000000000, -1.000000000000000000 ) ) ;
#2581 = DIRECTION ( 'NONE',  ( 3.491481338843133400E-015, 0.0000000000000000000, 1.000000000000000000 ) ) ;
#2582 = PLANE ( 'NONE',  #2759 ) ;
#2583 = EDGE_CURVE ( 'NONE', #3457, #1564, #3462, .T. ) ;
#2584 = CARTESIAN_POINT ( 'NONE',  ( -0.3500000000000006400, 0.1269999999999999500, -0.2999999999999991000 ) ) ;
#2585 = DIRECTION ( 'NONE',  ( 3.491481338843133400E-015, 0.0000000000000000000, 1.000000000000000000 ) ) ;
#2586 = CARTESIAN_POINT ( 'NONE',  ( -0.3500000000000020300, 0.6655164807134507100, -0.6999999999999991800 ) ) ;
#2587 = UNCERTAINTY_MEASURE_WITH_UNIT (LENGTH_MEASURE( 1.000000000000000100E-005 ), #3358, 'distance_accuracy_value', 'NONE');
#2588 = VECTOR ( 'NONE', #2281, 1000.000000000000000 ) ;
#2589 = EDGE_LOOP ( 'NONE', ( #3515, #10, #335, #3628 ) ) ;
#2590 = PRESENTATION_LAYER_ASSIGNMENT (  '', '', ( #3193 ) ) ;
#2591 = CARTESIAN_POINT ( 'NONE',  ( 0.3500000000000029800, 0.1270000000000000000, 0.8999999999999985800 ) ) ;
#2592 = DIRECTION ( 'NONE',  ( -3.491481338843133400E-015, 0.0000000000000000000, -1.000000000000000000 ) ) ;
#2593 = CARTESIAN_POINT ( 'NONE',  ( -0.3499999999999996400, 0.05000000000000000300, 1.222018468595095300E-015 ) ) ;
#2594 = CARTESIAN_POINT ( 'NONE',  ( 0.8499999999999997600, 0.6655164807134507100, -0.1000000000000033400 ) ) ;
#2595 = EDGE_CURVE ( 'NONE', #1251, #1674, #536, .T. ) ;
#2596 = AXIS2_PLACEMENT_3D ( 'NONE', #2586, #556, #3602 ) ;
#2597 = PRESENTATION_STYLE_ASSIGNMENT (( #3766 ) ) ;
#2598 = ADVANCED_FACE ( 'NONE', ( #3053 ), #4359, .T. ) ;
#2599 = ORIENTED_EDGE ( 'NONE', *, *, #3673, .T. ) ;
#2600 = DIRECTION ( 'NONE',  ( 1.000000000000000000, 0.0000000000000000000, -3.491481338843133400E-015 ) ) ;
#2601 = DIRECTION ( 'NONE',  ( 4.358843076831536900E-015, 0.0000000000000000000, 1.000000000000000000 ) ) ;
#2602 = FACE_OUTER_BOUND ( 'NONE', #3056, .T. ) ;
#2603 = ORIENTED_EDGE ( 'NONE', *, *, #4063, .F. ) ;
#2604 = FACE_OUTER_BOUND ( 'NONE', #2402, .T. ) ;
#2605 = DIRECTION ( 'NONE',  ( -1.000000000000000000, 0.0000000000000000000, 3.491481338843133400E-015 ) ) ;
#2606 = DIRECTION ( 'NONE',  ( -1.000000000000000000, 0.0000000000000000000, 3.491481338843133400E-015 ) ) ;
#2607 = EDGE_LOOP ( 'NONE', ( #3791, #4151, #1382, #2073 ) ) ;
#2608 = ORIENTED_EDGE ( 'NONE', *, *, #1798, .F. ) ;
#2609 = DIRECTION ( 'NONE',  ( -3.491481338843133400E-015, 0.0000000000000000000, -1.000000000000000000 ) ) ;
#2610 = EDGE_CURVE ( 'NONE', #492, #962, #2289, .T. ) ;
#2611 = VECTOR ( 'NONE', #2625, 1000.000000000000000 ) ;
#2612 = DIRECTION ( 'NONE',  ( -1.000000000000000000, 0.0000000000000000000, 3.491481338843133400E-015 ) ) ;
#2613 = ORIENTED_EDGE ( 'NONE', *, *, #1212, .F. ) ;
#2614 = ORIENTED_EDGE ( 'NONE', *, *, #2928, .T. ) ;
#2615 = VECTOR ( 'NONE', #699, 1000.000000000000000 ) ;
#2616 = DIRECTION ( 'NONE',  ( -1.807003620809174600E-016, 1.000000000000000000, 6.309119421277206400E-031 ) ) ;
#2617 = DIRECTION ( 'NONE',  ( -0.0000000000000000000, -1.000000000000000000, 0.0000000000000000000 ) ) ;
#2618 = DIRECTION ( 'NONE',  ( 3.491481338843133400E-015, 0.0000000000000000000, 1.000000000000000000 ) ) ;
#2619 = EDGE_CURVE ( 'NONE', #1055, #3482, #3883, .T. ) ;
#2620 = AXIS2_PLACEMENT_3D ( 'NONE', #1759, #59, #771 ) ;
#2621 = ORIENTED_EDGE ( 'NONE', *, *, #2488, .T. ) ;
#2622 = VECTOR ( 'NONE', #1573, 1000.000000000000000 ) ;
#2623 = VECTOR ( 'NONE', #2767, 1000.000000000000000 ) ;
#2624 = CARTESIAN_POINT ( 'NONE',  ( 0.3499999999999995300, 0.0000000000000000000, -0.1000000000000011600 ) ) ;
#2625 = DIRECTION ( 'NONE',  ( 0.0000000000000000000, -1.000000000000000000, -0.0000000000000000000 ) ) ;
#2626 = AXIS2_PLACEMENT_3D ( 'NONE', #185, #1061, #1405 ) ;
#2627 = CARTESIAN_POINT ( 'NONE',  ( -0.6131416591870246800, 0.7429047240363497700, -0.7897957293225821300 ) ) ;
#2628 = ORIENTED_EDGE ( 'NONE', *, *, #422, .F. ) ;
#2629 = ORIENTED_EDGE ( 'NONE', *, *, #1080, .T. ) ;
#2630 = DIRECTION ( 'NONE',  ( -1.000000000000000000, 0.0000000000000000000, 3.491481338843133400E-015 ) ) ;
#2631 = DIRECTION ( 'NONE',  ( -3.491481338843133400E-015, 0.0000000000000000000, -1.000000000000000000 ) ) ;
#2632 = DIRECTION ( 'NONE',  ( 0.0000000000000000000, -1.000000000000000000, 0.0000000000000000000 ) ) ;
#2633 = ORIENTED_EDGE ( 'NONE', *, *, #2154, .F. ) ;
#2634 = PRESENTATION_STYLE_ASSIGNMENT (( #369 ) ) ;
#2635 = VERTEX_POINT ( 'NONE', #2994 ) ;
#2636 = VECTOR ( 'NONE', #3573, 1000.000000000000000 ) ;
#2637 = CARTESIAN_POINT ( 'NONE',  ( 0.3499999999999995300, 0.1269999999999999500, -0.1000000000000011600 ) ) ;
#2638 = ORIENTED_EDGE ( 'NONE', *, *, #1893, .T. ) ;
#2639 = ORIENTED_EDGE ( 'NONE', *, *, #2526, .T. ) ;
#2640 = DIRECTION ( 'NONE',  ( -3.491481338843133400E-015, 0.0000000000000000000, -1.000000000000000000 ) ) ;
#2641 = LINE ( 'NONE', #1436, #684 ) ;
#2642 = CARTESIAN_POINT ( 'NONE',  ( 0.0000000000000000000, 0.1270000000000000000, 0.0000000000000000000 ) ) ;
#2643 = ORIENTED_EDGE ( 'NONE', *, *, #1580, .T. ) ;
#2644 = EDGE_CURVE ( 'NONE', #3682, #1680, #3412, .T. ) ;
#2645 = ORIENTED_EDGE ( 'NONE', *, *, #599, .F. ) ;
#2646 = LINE ( 'NONE', #1690, #1522 ) ;
#2647 = CARTESIAN_POINT ( 'NONE',  ( -0.3500000000000020300, 0.0000000000000000000, -0.6999999999999991800 ) ) ;
#2648 = DIRECTION ( 'NONE',  ( -1.000000000000000000, -1.807003620809174600E-016, 3.491481338843133400E-015 ) ) ;
#2649 = CARTESIAN_POINT ( 'NONE',  ( -0.4999999999999961100, 0.1269999999999999700, 1.000000000000001800 ) ) ;
#2650 = VERTEX_POINT ( 'NONE', #975 ) ;
#2651 = LINE ( 'NONE', #1897, #3919 ) ;
#2652 = ADVANCED_FACE ( 'NONE', ( #1489 ), #2328, .F. ) ;
#2653 = EDGE_CURVE ( 'NONE', #1692, #2061, #3351, .T. ) ;
#2654 = AXIS2_PLACEMENT_3D ( 'NONE', #832, #792, #159 ) ;
#2655 = DIRECTION ( 'NONE',  ( -3.491481338843133400E-015, 0.0000000000000000000, -1.000000000000000000 ) ) ;
#2656 = ORIENTED_EDGE ( 'NONE', *, *, #1893, .F. ) ;
#2657 = VECTOR ( 'NONE', #1214, 1000.000000000000000 ) ;
#2658 = DIRECTION ( 'NONE',  ( 3.491481338843133400E-015, 0.0000000000000000000, 1.000000000000000000 ) ) ;
#2659 = STYLED_ITEM ( 'NONE', ( #2813 ), #4175 ) ;
#2660 = ORIENTED_EDGE ( 'NONE', *, *, #4033, .T. ) ;
#2661 = EDGE_LOOP ( 'NONE', ( #4263, #3013, #54, #1262 ) ) ;
#2662 = CARTESIAN_POINT ( 'NONE',  ( -0.5272618704128497800, 0.5000000000000000000, -0.7897957293225824600 ) ) ;
#2663 =( LENGTH_UNIT ( ) NAMED_UNIT ( * ) SI_UNIT ( .MILLI., .METRE. ) );
#2664 = VERTEX_POINT ( 'NONE', #2308 ) ;
#2665 = DIRECTION ( 'NONE',  ( 0.0000000000000000000, 1.000000000000000000, 0.0000000000000000000 ) ) ;
#2666 = DIRECTION ( 'NONE',  ( 3.491481338843133700E-015, 0.0000000000000000000, 1.000000000000000000 ) ) ;
#2667 = ORIENTED_EDGE ( 'NONE', *, *, #167, .F. ) ;
#2668 = VECTOR ( 'NONE', #1037, 1000.000000000000000 ) ;
#2669 = EDGE_LOOP ( 'NONE', ( #1378, #2788, #1643, #3406 ) ) ;
#2670 = EDGE_CURVE ( 'NONE', #2795, #2821, #1067, .T. ) ;
#2671 = ORIENTED_EDGE ( 'NONE', *, *, #2548, .F. ) ;
#2672 = CARTESIAN_POINT ( 'NONE',  ( 0.8500000000000025300, 0.04999999999999999600, 0.6999999999999967400 ) ) ;
#2673 = CARTESIAN_POINT ( 'NONE',  ( -0.3499999999999985900, 0.1270000000000000000, 0.3000000000000013200 ) ) ;
#2674 = ORIENTED_EDGE ( 'NONE', *, *, #2955, .F. ) ;
#2675 = VECTOR ( 'NONE', #224, 1000.000000000000000 ) ;
#2676 = EDGE_LOOP ( 'NONE', ( #1590, #1513, #1881, #3535 ) ) ;
#2677 = EDGE_CURVE ( 'NONE', #2953, #1680, #2784, .T. ) ;
#2678 = VERTEX_POINT ( 'NONE', #667 ) ;
#2679 = CARTESIAN_POINT ( 'NONE',  ( -0.5000000000000021100, 0.1270000000000000000, -0.6999999999999986200 ) ) ;
#2680 = VECTOR ( 'NONE', #428, 1000.000000000000000 ) ;
#2681 = ADVANCED_FACE ( 'NONE', ( #277 ), #729, .F. ) ;
#2682 = LINE ( 'NONE', #1625, #3262 ) ;
#2683 = PLANE ( 'NONE',  #3415 ) ;
#2684 = DIRECTION ( 'NONE',  ( -3.491481338843133400E-015, 0.0000000000000000000, -1.000000000000000000 ) ) ;
#2685 = DIRECTION ( 'NONE',  ( -3.491481338843133400E-015, 0.0000000000000000000, -1.000000000000000000 ) ) ;
#2686 = VECTOR ( 'NONE', #3333, 1000.000000000000000 ) ;
#2687 = CARTESIAN_POINT ( 'NONE',  ( 0.3500000000000029200, 0.1269999999999999500, 0.9499999999999988500 ) ) ;
#2688 = AXIS2_PLACEMENT_3D ( 'NONE', #1313, #2008, #1632 ) ;
#2689 = VECTOR ( 'NONE', #2054, 1000.000000000000000 ) ;
#2690 = EDGE_CURVE ( 'NONE', #956, #787, #3777, .T. ) ;
#2691 = PRESENTATION_LAYER_ASSIGNMENT (  '', '', ( #3901 ) ) ;
#2692 = VERTEX_POINT ( 'NONE', #2369 ) ;
#2693 = SHAPE_DEFINITION_REPRESENTATION ( #1613, #4361 ) ;
#2694 = VECTOR ( 'NONE', #310, 1000.000000000000000 ) ;
#2695 = CARTESIAN_POINT ( 'NONE',  ( -0.3499999999999972000, 0.1270000000000000000, 0.7000000000000012900 ) ) ;
#2696 = PLANE ( 'NONE',  #1931 ) ;
#2697 = ORIENTED_EDGE ( 'NONE', *, *, #1532, .F. ) ;
#2698 = DIRECTION ( 'NONE',  ( 1.000000000000000000, 0.0000000000000000000, -3.491481338843133400E-015 ) ) ;
#2699 = DIRECTION ( 'NONE',  ( -3.491481338843133400E-015, 0.0000000000000000000, -1.000000000000000000 ) ) ;
#2700 = ORIENTED_EDGE ( 'NONE', *, *, #1608, .T. ) ;
#2701 = DIRECTION ( 'NONE',  ( -1.000000000000000000, 0.0000000000000000000, 3.491481338843133400E-015 ) ) ;
#2702 = LINE ( 'NONE', #1773, #2326 ) ;
#2703 = ADVANCED_FACE ( 'NONE', ( #3985 ), #4062, .F. ) ;
#2704 = CARTESIAN_POINT ( 'NONE',  ( -0.3500000000000006400, 0.1270000000000000000, -0.2999999999999991000 ) ) ;
#2705 = DIRECTION ( 'NONE',  ( 1.000000000000000000, 1.807003620809174600E-016, -3.491481338843133400E-015 ) ) ;
#2706 = LINE ( 'NONE', #2883, #154 ) ;
#2707 = EDGE_CURVE ( 'NONE', #4246, #1166, #3106, .T. ) ;
#2708 = CARTESIAN_POINT ( 'NONE',  ( 0.8499999999999969800, 3.624880949681338600, -1.000000000000003100 ) ) ;
#2709 = LINE ( 'NONE', #3649, #4295 ) ;
#2710 = MECHANICAL_DESIGN_GEOMETRIC_PRESENTATION_REPRESENTATION (  '', ( #3974 ), #720 ) ;
#2711 = CARTESIAN_POINT ( 'NONE',  ( -0.3499999999999978700, 0.6655164807134507100, 0.5000000000000010000 ) ) ;
#2712 = CARTESIAN_POINT ( 'NONE',  ( -0.3499999999999999200, 0.1269999999999999500, -0.09999999999999871500 ) ) ;
#2713 = VECTOR ( 'NONE', #1422, 1000.000000000000000 ) ;
#2714 = ORIENTED_EDGE ( 'NONE', *, *, #2440, .T. ) ;
#2715 = CARTESIAN_POINT ( 'NONE',  ( -0.3499999999999993100, 0.1270000000000000000, 0.1000000000000009400 ) ) ;
#2716 =( LENGTH_UNIT ( ) NAMED_UNIT ( * ) SI_UNIT ( .MILLI., .METRE. ) );
#2717 = FACE_OUTER_BOUND ( 'NONE', #1213, .T. ) ;
#2718 = ORIENTED_EDGE ( 'NONE', *, *, #2488, .F. ) ;
#2719 = VERTEX_POINT ( 'NONE', #377 ) ;
#2720 = SURFACE_STYLE_USAGE ( .BOTH. , #339 ) ;
#2721 = VECTOR ( 'NONE', #528, 1000.000000000000000 ) ;
#2722 = CARTESIAN_POINT ( 'NONE',  ( 0.3500000000000029200, 0.1269999999999999500, 0.9499999999999988500 ) ) ;
#2723 = ORIENTED_EDGE ( 'NONE', *, *, #2861, .F. ) ;
#2724 = AXIS2_PLACEMENT_3D ( 'NONE', #4160, #1708, #70 ) ;
#2725 = ADVANCED_FACE ( 'NONE', ( #174 ), #1725, .F. ) ;
#2726 = CARTESIAN_POINT ( 'NONE',  ( -0.3499999999999993100, 0.04999999999999999600, 0.1000000000000009400 ) ) ;
#2727 = ORIENTED_EDGE ( 'NONE', *, *, #3599, .F. ) ;
#2728 = ORIENTED_EDGE ( 'NONE', *, *, #1533, .F. ) ;
#2729 = SURFACE_STYLE_FILL_AREA ( #1589 ) ;
#2730 = DIRECTION ( 'NONE',  ( -3.491481338843133400E-015, 0.0000000000000000000, -1.000000000000000000 ) ) ;
#2731 = VERTEX_POINT ( 'NONE', #713 ) ;
#2732 = DIRECTION ( 'NONE',  ( 1.000000000000000000, 0.0000000000000000000, -3.491481338843133400E-015 ) ) ;
#2733 = PLANE ( 'NONE',  #190 ) ;
#2734 = EDGE_LOOP ( 'NONE', ( #431, #503, #3886, #896 ) ) ;
#2735 = LINE ( 'NONE', #4173, #4161 ) ;
#2736 = EDGE_LOOP ( 'NONE', ( #1358, #3156, #3000, #1276 ) ) ;
#2737 = CARTESIAN_POINT ( 'NONE',  ( -0.3499999999999985900, 0.1270000000000000000, 0.3000000000000013200 ) ) ;
#2738 = MANIFOLD_SOLID_BREP ( 'Body-Move/Copy1[2]', #1801 ) ;
#2739 = LINE ( 'NONE', #242, #1816 ) ;
#2740 = CARTESIAN_POINT ( 'NONE',  ( -0.3500000000000013700, 0.1270000000000000000, -0.4999999999999988300 ) ) ;
#2741 = DIRECTION ( 'NONE',  ( -1.000000000000000000, 0.0000000000000000000, 3.491481338843133400E-015 ) ) ;
#2742 = DIRECTION ( 'NONE',  ( 3.491481338843133700E-015, 0.0000000000000000000, 1.000000000000000000 ) ) ;
#2743 = SURFACE_STYLE_FILL_AREA ( #3608 ) ;
#2744 = ORIENTED_EDGE ( 'NONE', *, *, #4374, .F. ) ;
#2745 = CARTESIAN_POINT ( 'NONE',  ( -0.3499999999999963100, 0.07699999999999997100, 0.9500000000000011800 ) ) ;
#2746 = CARTESIAN_POINT ( 'NONE',  ( -1.396592535537253300E-015, 0.1270000000000000000, -0.4000000000000000200 ) ) ;
#2747 = CARTESIAN_POINT ( 'NONE',  ( 0.5000000000000028900, 0.07699999999999997100, 0.9499999999999982900 ) ) ;
#2748 = EDGE_CURVE ( 'NONE', #3790, #1621, #1326, .T. ) ;
#2749 = ORIENTED_EDGE ( 'NONE', *, *, #4274, .F. ) ;
#2750 = AXIS2_PLACEMENT_3D ( 'NONE', #3554, #2958, #2233 ) ;
#2751 = LINE ( 'NONE', #4191, #1192 ) ;
#2752 = ADVANCED_FACE ( 'NONE', ( #4259 ), #3085, .F. ) ;
#2753 = ORIENTED_EDGE ( 'NONE', *, *, #3916, .F. ) ;
#2754 = LINE ( 'NONE', #1649, #4233 ) ;
#2755 = CARTESIAN_POINT ( 'NONE',  ( 0.8499999999999983100, 0.1270000000000000000, -0.5000000000000033300 ) ) ;
#2756 = DIRECTION ( 'NONE',  ( 1.000000000000000000, 0.0000000000000000000, -4.358843076831536900E-015 ) ) ;
#2757 = ORIENTED_EDGE ( 'NONE', *, *, #2470, .F. ) ;
#2758 = EDGE_CURVE ( 'NONE', #152, #2826, #3929, .T. ) ;
#2759 = AXIS2_PLACEMENT_3D ( 'NONE', #2524, #2183, #2210 ) ;
#2760 = DIRECTION ( 'NONE',  ( 0.0000000000000000000, -1.000000000000000000, 0.0000000000000000000 ) ) ;
#2761 = ORIENTED_EDGE ( 'NONE', *, *, #292, .T. ) ;
#2762 = ORIENTED_EDGE ( 'NONE', *, *, #898, .F. ) ;
#2763 = LINE ( 'NONE', #1199, #999 ) ;
#2764 = CARTESIAN_POINT ( 'NONE',  ( -0.8499999999999993100, 0.1270000000000000000, 0.1000000000000026800 ) ) ;
#2765 = ORIENTED_EDGE ( 'NONE', *, *, #1834, .T. ) ;
#2766 = FACE_OUTER_BOUND ( 'NONE', #3150, .T. ) ;
#2767 = DIRECTION ( 'NONE',  ( 0.0000000000000000000, -1.000000000000000000, -0.0000000000000000000 ) ) ;
#2768 = DIRECTION ( 'NONE',  ( 0.0000000000000000000, 1.000000000000000000, 0.0000000000000000000 ) ) ;
#2769 = EDGE_CURVE ( 'NONE', #203, #1230, #67, .T. ) ;
#2770 = ORIENTED_EDGE ( 'NONE', *, *, #2928, .F. ) ;
#2771 = LINE ( 'NONE', #2649, #3137 ) ;
#2772 = ADVANCED_FACE ( 'NONE', ( #595 ), #1383, .F. ) ;
#2773 = EDGE_CURVE ( 'NONE', #3907, #1147, #646, .T. ) ;
#2774 = VECTOR ( 'NONE', #2600, 1000.000000000000000 ) ;
#2775 = DIRECTION ( 'NONE',  ( -1.000000000000000000, 0.0000000000000000000, 3.491481338843133400E-015 ) ) ;
#2776 = PLANE ( 'NONE',  #2259 ) ;
#2777 = ORIENTED_EDGE ( 'NONE', *, *, #423, .F. ) ;
#2778 = CARTESIAN_POINT ( 'NONE',  ( -0.8500000000000027500, 0.6655164807134507100, -0.8999999999999974700 ) ) ;
#2779 = VERTEX_POINT ( 'NONE', #3725 ) ;
#2780 = VERTEX_POINT ( 'NONE', #1677 ) ;
#2781 = PRESENTATION_LAYER_ASSIGNMENT (  '', '', ( #246 ) ) ;
#2782 = ORIENTED_EDGE ( 'NONE', *, *, #2188, .T. ) ;
#2783 = ORIENTED_EDGE ( 'NONE', *, *, #3350, .T. ) ;
#2784 = LINE ( 'NONE', #1294, #432 ) ;
#2785 = ORIENTED_EDGE ( 'NONE', *, *, #3831, .T. ) ;
#2786 = ORIENTED_EDGE ( 'NONE', *, *, #1740, .F. ) ;
#2787 = DIRECTION ( 'NONE',  ( 3.491481338843133400E-015, 0.0000000000000000000, 1.000000000000000000 ) ) ;
#2788 = ORIENTED_EDGE ( 'NONE', *, *, #4078, .F. ) ;
#2789 = DIRECTION ( 'NONE',  ( 0.0000000000000000000, -1.000000000000000000, -0.0000000000000000000 ) ) ;
#2790 = ORIENTED_EDGE ( 'NONE', *, *, #916, .F. ) ;
#2791 = VERTEX_POINT ( 'NONE', #2384 ) ;
#2792 = CARTESIAN_POINT ( 'NONE',  ( -0.4999999999999962300, 0.1269999999999999700, 0.9500000000000017300 ) ) ;
#2793 = LINE ( 'NONE', #3844, #385 ) ;
#2794 = CARTESIAN_POINT ( 'NONE',  ( -0.3499999999999978700, 0.1269999999999999500, 0.5000000000000010000 ) ) ;
#2795 = VERTEX_POINT ( 'NONE', #2737 ) ;
#2796 = UNCERTAINTY_MEASURE_WITH_UNIT (LENGTH_MEASURE( 1.000000000000000100E-005 ), #244, 'distance_accuracy_value', 'NONE');
#2797 = EDGE_CURVE ( 'NONE', #1743, #874, #1687, .T. ) ;
#2798 = ADVANCED_FACE ( 'NONE', ( #1592 ), #783, .F. ) ;
#2799 = LINE ( 'NONE', #183, #3469 ) ;
#2800 = DIRECTION ( 'NONE',  ( 3.491481338843133400E-015, 0.0000000000000000000, 1.000000000000000000 ) ) ;
#2801 = CARTESIAN_POINT ( 'NONE',  ( -0.3499999999999978700, 0.1270000000000000000, 0.5000000000000010000 ) ) ;
#2802 = VECTOR ( 'NONE', #2178, 1000.000000000000000 ) ;
#2803 = DIRECTION ( 'NONE',  ( -1.000000000000000000, 0.0000000000000000000, 3.491481338843133400E-015 ) ) ;
#2804 = DIRECTION ( 'NONE',  ( -3.491481338843133400E-015, 0.0000000000000000000, -1.000000000000000000 ) ) ;
#2805 = CARTESIAN_POINT ( 'NONE',  ( 0.8499999999999995300, 0.05000000000000000300, -0.3000000000000033200 ) ) ;
#2806 = VERTEX_POINT ( 'NONE', #2829 ) ;
#2807 = LINE ( 'NONE', #2393, #988 ) ;
#2808 = LINE ( 'NONE', #1208, #33 ) ;
#2809 = CARTESIAN_POINT ( 'NONE',  ( 0.8500000000000012000, 0.0000000000000000000, 0.2999999999999966600 ) ) ;
#2810 = PLANE ( 'NONE',  #2724 ) ;
#2811 = AXIS2_PLACEMENT_3D ( 'NONE', #3167, #2442, #1116 ) ;
#2812 = ORIENTED_EDGE ( 'NONE', *, *, #1523, .T. ) ;
#2813 = PRESENTATION_STYLE_ASSIGNMENT (( #4339 ) ) ;
#2814 = CARTESIAN_POINT ( 'NONE',  ( 0.3499999999999995300, 0.1270000000000000000, -0.1000000000000011600 ) ) ;
#2815 = FACE_OUTER_BOUND ( 'NONE', #1854, .T. ) ;
#2816 = AXIS2_PLACEMENT_3D ( 'NONE', #2175, #1790, #1498 ) ;
#2817 = CARTESIAN_POINT ( 'NONE',  ( 0.5000000000000028900, 0.07699999999999997100, 0.9499999999999982900 ) ) ;
#2818 = LINE ( 'NONE', #3998, #836 ) ;
#2819 = ADVANCED_FACE ( 'NONE', ( #850 ), #2143, .F. ) ;
#2820 = CARTESIAN_POINT ( 'NONE',  ( -0.8499999999999970900, 0.6655164807134507100, 0.7000000000000026200 ) ) ;
#2821 = VERTEX_POINT ( 'NONE', #461 ) ;
#2822 = ORIENTED_EDGE ( 'NONE', *, *, #2309, .F. ) ;
#2823 = DIRECTION ( 'NONE',  ( -3.491481338843133400E-015, 0.0000000000000000000, -1.000000000000000000 ) ) ;
#2824 = VECTOR ( 'NONE', #2337, 1000.000000000000000 ) ;
#2825 = DIRECTION ( 'NONE',  ( 1.000000000000000000, 0.0000000000000000000, -2.624119600854729800E-015 ) ) ;
#2826 = VERTEX_POINT ( 'NONE', #1459 ) ;
#2827 = DIRECTION ( 'NONE',  ( -1.000000000000000000, 0.0000000000000000000, 3.491481338843133400E-015 ) ) ;
#2828 = CARTESIAN_POINT ( 'NONE',  ( -0.8499999999999999800, 0.6655164807134507100, -0.09999999999999739700 ) ) ;
#2829 = CARTESIAN_POINT ( 'NONE',  ( 0.8499999999999968700, 0.0000000000000000000, -0.9000000000000033500 ) ) ;
#2830 = LINE ( 'NONE', #2745, #2114 ) ;
#2831 = EDGE_CURVE ( 'NONE', #3636, #933, #2228, .T. ) ;
#2832 = DIRECTION ( 'NONE',  ( -3.491481338843133700E-015, 0.0000000000000000000, -1.000000000000000000 ) ) ;
#2833 = CARTESIAN_POINT ( 'NONE',  ( 0.3499999999999980900, 0.1269999999999999500, -0.5000000000000012200 ) ) ;
#2834 = EDGE_LOOP ( 'NONE', ( #3676, #2979, #1659, #2621 ) ) ;
#2835 = CARTESIAN_POINT ( 'NONE',  ( 0.5000000000000030000, 0.1269999999999999700, 0.9999999999999983300 ) ) ;
#2836 = EDGE_LOOP ( 'NONE', ( #66, #2226, #1447, #1437 ) ) ;
#2837 = LINE ( 'NONE', #2109, #223 ) ;
#2838 = VERTEX_POINT ( 'NONE', #2801 ) ;
#2839 = DIRECTION ( 'NONE',  ( -1.000000000000000000, -0.0000000000000000000, 4.358843076831536900E-015 ) ) ;
#2840 = EDGE_LOOP ( 'NONE', ( #4347, #1495, #4124, #3016 ) ) ;
#2841 = VECTOR ( 'NONE', #3268, 1000.000000000000000 ) ;
#2842 = ADVANCED_FACE ( 'NONE', ( #2123 ), #3837, .F. ) ;
#2843 = EDGE_CURVE ( 'NONE', #2529, #3778, #3310, .T. ) ;
#2844 = EDGE_LOOP ( 'NONE', ( #3318, #1751, #1322, #987, #3335, #1799 ) ) ;
#2845 = AXIS2_PLACEMENT_3D ( 'NONE', #4342, #4314, #2618 ) ;
#2846 = ORIENTED_EDGE ( 'NONE', *, *, #4060, .T. ) ;
#2847 = LINE ( 'NONE', #4084, #1693 ) ;
#2848 = PLANE ( 'NONE',  #208 ) ;
#2849 = PLANE ( 'NONE',  #1526 ) ;
#2850 = SURFACE_STYLE_FILL_AREA ( #1264 ) ;
#2851 = FACE_OUTER_BOUND ( 'NONE', #172, .T. ) ;
#2852 = ORIENTED_EDGE ( 'NONE', *, *, #3653, .T. ) ;
#2853 =( NAMED_UNIT ( * ) PLANE_ANGLE_UNIT ( ) SI_UNIT ( $, .RADIAN. ) );
#2854 = DIRECTION ( 'NONE',  ( 1.000000000000000000, 0.0000000000000000000, -2.624119600854729800E-015 ) ) ;
#2855 = UNCERTAINTY_MEASURE_WITH_UNIT (LENGTH_MEASURE( 1.000000000000000100E-005 ), #4319, 'distance_accuracy_value', 'NONE');
#2856 = VECTOR ( 'NONE', #3884, 1000.000000000000000 ) ;
#2857 = EDGE_CURVE ( 'NONE', #1875, #3312, #4212, .T. ) ;
#2858 = DIRECTION ( 'NONE',  ( 0.0000000000000000000, -1.000000000000000000, 0.0000000000000000000 ) ) ;
#2859 = SURFACE_STYLE_FILL_AREA ( #143 ) ;
#2860 = DIRECTION ( 'NONE',  ( 1.000000000000000000, 0.0000000000000000000, -3.787394640675466200E-015 ) ) ;
#2861 = EDGE_CURVE ( 'NONE', #2399, #1189, #489, .T. ) ;
#2862 = STYLED_ITEM ( 'NONE', ( #3421 ), #1469 ) ;
#2863 = DIRECTION ( 'NONE',  ( -3.491481338843133400E-015, 0.0000000000000000000, -1.000000000000000000 ) ) ;
#2864 = VERTEX_POINT ( 'NONE', #799 ) ;
#2865 = LINE ( 'NONE', #3834, #4183 ) ;
#2866 = VERTEX_POINT ( 'NONE', #3805 ) ;
#2867 = DIRECTION ( 'NONE',  ( 1.000000000000000000, 0.0000000000000000000, -4.358843076831536900E-015 ) ) ;
#2868 = DIRECTION ( 'NONE',  ( -1.000000000000000000, 0.0000000000000000000, 3.491481338843133400E-015 ) ) ;
#2869 = ORIENTED_EDGE ( 'NONE', *, *, #1470, .T. ) ;
#2870 = DIRECTION ( 'NONE',  ( 1.000000000000000000, 0.0000000000000000000, -3.491481338843133400E-015 ) ) ;
#2871 = AXIS2_PLACEMENT_3D ( 'NONE', #559, #2606, #1578 ) ;
#2872 = ORIENTED_EDGE ( 'NONE', *, *, #3087, .T. ) ;
#2873 = LINE ( 'NONE', #2960, #2588 ) ;
#2874 = CARTESIAN_POINT ( 'NONE',  ( -0.3500000000000027500, 0.1269999999999999500, -0.8999999999999988000 ) ) ;
#2875 = DIRECTION ( 'NONE',  ( 0.0000000000000000000, 1.000000000000000000, 0.0000000000000000000 ) ) ;
#2876 = ORIENTED_EDGE ( 'NONE', *, *, #258, .T. ) ;
#2877 = VECTOR ( 'NONE', #822, 1000.000000000000000 ) ;
#2878 = DIRECTION ( 'NONE',  ( -3.491481338843133400E-015, 0.0000000000000000000, -1.000000000000000000 ) ) ;
#2879 = DIRECTION ( 'NONE',  ( 2.624119600854729800E-015, -0.0000000000000000000, 1.000000000000000000 ) ) ;
#2880 = EDGE_CURVE ( 'NONE', #1889, #1494, #4149, .T. ) ;
#2881 = EDGE_CURVE ( 'NONE', #429, #4379, #2065, .T. ) ;
#2882 = ORIENTED_EDGE ( 'NONE', *, *, #510, .T. ) ;
#2883 = CARTESIAN_POINT ( 'NONE',  ( -0.8499999999999993100, 0.1270000000000000000, 0.1000000000000026800 ) ) ;
#2884 = LINE ( 'NONE', #3810, #366 ) ;
#2885 = EDGE_CURVE ( 'NONE', #492, #4101, #3715, .T. ) ;
#2886 = ORIENTED_EDGE ( 'NONE', *, *, #2211, .T. ) ;
#2887 = FILL_AREA_STYLE ('',( #502 ) ) ;
#2888 = CARTESIAN_POINT ( 'NONE',  ( -0.3500000000000030900, 0.0000000000000000000, -0.9999999999999986700 ) ) ;
#2889 = DIRECTION ( 'NONE',  ( 0.0000000000000000000, -1.000000000000000000, 0.0000000000000000000 ) ) ;
#2890 = FACE_OUTER_BOUND ( 'NONE', #1958, .T. ) ;
#2891 = ORIENTED_EDGE ( 'NONE', *, *, #2955, .T. ) ;
#2892 = EDGE_LOOP ( 'NONE', ( #3976, #3864, #1633, #1736 ) ) ;
#2893 = CLOSED_SHELL ( 'NONE', ( #1901, #857, #2681, #3146, #3804, #2598, #1373, #1439 ) ) ;
#2894 = VECTOR ( 'NONE', #3039, 1000.000000000000000 ) ;
#2895 = EDGE_LOOP ( 'NONE', ( #1164, #4129, #3454, #992 ) ) ;
#2896 = AXIS2_PLACEMENT_3D ( 'NONE', #572, #985, #2355 ) ;
#2897 = VERTEX_POINT ( 'NONE', #3176 ) ;
#2898 = ORIENTED_EDGE ( 'NONE', *, *, #841, .F. ) ;
#2899 = CARTESIAN_POINT ( 'NONE',  ( 0.0000000000000000000, 0.1270000000000000000, 0.0000000000000000000 ) ) ;
#2900 = VECTOR ( 'NONE', #955, 1000.000000000000000 ) ;
#2901 = CARTESIAN_POINT ( 'NONE',  ( 0.3500000000000001400, 0.1270000000000000000, 0.09999999999999850700 ) ) ;
#2902 = EDGE_LOOP ( 'NONE', ( #810, #410, #1742, #2744 ) ) ;
#2903 = ORIENTED_EDGE ( 'NONE', *, *, #3051, .F. ) ;
#2904 = LINE ( 'NONE', #2511, #1284 ) ;
#2905 = LINE ( 'NONE', #4228, #3993 ) ;
#2906 = DIRECTION ( 'NONE',  ( 0.0000000000000000000, -1.000000000000000000, 0.0000000000000000000 ) ) ;
#2907 = CARTESIAN_POINT ( 'NONE',  ( -1.396592535537253300E-015, 0.1270000000000000000, -0.4000000000000000200 ) ) ;
#2908 = DIRECTION ( 'NONE',  ( -3.491481338843133400E-015, 0.0000000000000000000, -1.000000000000000000 ) ) ;
#2909 = DIRECTION ( 'NONE',  ( 0.0000000000000000000, 1.000000000000000000, 0.0000000000000000000 ) ) ;
#2910 = EDGE_CURVE ( 'NONE', #874, #3932, #1117, .T. ) ;
#2911 = DIRECTION ( 'NONE',  ( 3.491481338843133400E-015, 0.0000000000000000000, 1.000000000000000000 ) ) ;
#2912 = CARTESIAN_POINT ( 'NONE',  ( 0.8499999999999997600, 0.0000000000000000000, -0.1000000000000033400 ) ) ;
#2913 = LINE ( 'NONE', #2012, #1295 ) ;
#2914 = EDGE_CURVE ( 'NONE', #1078, #3636, #899, .T. ) ;
#2915 = DIRECTION ( 'NONE',  ( -1.000000000000000000, -0.0000000000000000000, 4.358843076831536900E-015 ) ) ;
#2916 = DIRECTION ( 'NONE',  ( 1.000000000000000000, 0.0000000000000000000, -2.624119600854729800E-015 ) ) ;
#2917 = ORIENTED_EDGE ( 'NONE', *, *, #3360, .T. ) ;
#2918 = EDGE_CURVE ( 'NONE', #1255, #537, #2942, .T. ) ;
#2919 = AXIS2_PLACEMENT_3D ( 'NONE', #3287, #4381, #4016 ) ;
#2920 = FACE_OUTER_BOUND ( 'NONE', #124, .T. ) ;
#2921 = ORIENTED_EDGE ( 'NONE', *, *, #1097, .T. ) ;
#2922 = PLANE ( 'NONE',  #3098 ) ;
#2923 = VERTEX_POINT ( 'NONE', #3450 ) ;
#2924 = PLANE ( 'NONE',  #3225 ) ;
#2925 = ORIENTED_EDGE ( 'NONE', *, *, #772, .F. ) ;
#2926 = DIRECTION ( 'NONE',  ( -3.491481338843133400E-015, 0.0000000000000000000, -1.000000000000000000 ) ) ;
#2927 = DIRECTION ( 'NONE',  ( 1.000000000000000000, 0.0000000000000000000, -3.787394640675466200E-015 ) ) ;
#2928 = EDGE_CURVE ( 'NONE', #2290, #2864, #2837, .T. ) ;
#2929 = AXIS2_PLACEMENT_3D ( 'NONE', #724, #2084, #361 ) ;
#2930 = ORIENTED_EDGE ( 'NONE', *, *, #687, .T. ) ;
#2931 = FACE_OUTER_BOUND ( 'NONE', #997, .T. ) ;
#2932 = CARTESIAN_POINT ( 'NONE',  ( -0.4999999999999967800, 0.07699999999999997100, 0.7918861169915827300 ) ) ;
#2933 = SURFACE_SIDE_STYLE ('',( #2850 ) ) ;
#2934 = VECTOR ( 'NONE', #2730, 1000.000000000000000 ) ;
#2935 = CARTESIAN_POINT ( 'NONE',  ( -0.3499999999999972000, 0.0000000000000000000, 0.7000000000000012900 ) ) ;
#2936 = DIRECTION ( 'NONE',  ( 0.0000000000000000000, -1.000000000000000000, -0.0000000000000000000 ) ) ;
#2937 = FACE_OUTER_BOUND ( 'NONE', #3466, .T. ) ;
#2938 = DIRECTION ( 'NONE',  ( -1.000000000000000000, 0.0000000000000000000, 2.624119600854729800E-015 ) ) ;
#2939 = EDGE_CURVE ( 'NONE', #1189, #2399, #9, .T. ) ;
#2940 = DIRECTION ( 'NONE',  ( -3.491481338843133400E-015, 0.0000000000000000000, -1.000000000000000000 ) ) ;
#2941 = ORIENTED_EDGE ( 'NONE', *, *, #3032, .F. ) ;
#2942 = LINE ( 'NONE', #1073, #3507 ) ;
#2943 = ORIENTED_EDGE ( 'NONE', *, *, #3747, .T. ) ;
#2944 = CARTESIAN_POINT ( 'NONE',  ( 0.8500000000000004200, 0.1269999999999999500, 0.09999999999999675800 ) ) ;
#2945 = CARTESIAN_POINT ( 'NONE',  ( -0.3499999999999963100, 0.1269999999999999500, 0.9500000000000011800 ) ) ;
#2946 = VERTEX_POINT ( 'NONE', #442 ) ;
#2947 = DIRECTION ( 'NONE',  ( 0.0000000000000000000, -1.000000000000000000, 0.0000000000000000000 ) ) ;
#2948 = PLANE ( 'NONE',  #2845 ) ;
#2949 = ORIENTED_EDGE ( 'NONE', *, *, #2988, .F. ) ;
#2950 = ORIENTED_EDGE ( 'NONE', *, *, #2843, .T. ) ;
#2951 = ADVANCED_FACE ( 'NONE', ( #2604 ), #102, .T. ) ;
#2952 = FILL_AREA_STYLE_COLOUR ( '', #3832 ) ;
#2953 = VERTEX_POINT ( 'NONE', #2092 ) ;
#2954 = EDGE_CURVE ( 'NONE', #2152, #2124, #3827, .T. ) ;
#2955 = EDGE_CURVE ( 'NONE', #681, #1268, #1908, .T. ) ;
#2956 = VERTEX_POINT ( 'NONE', #2214 ) ;
#2957 = CARTESIAN_POINT ( 'NONE',  ( 0.3500000000000022500, 0.1270000000000000000, 0.6999999999999989600 ) ) ;
#2958 = DIRECTION ( 'NONE',  ( -0.0000000000000000000, -1.000000000000000000, 0.0000000000000000000 ) ) ;
#2959 = ORIENTED_EDGE ( 'NONE', *, *, #2292, .T. ) ;
#2960 = CARTESIAN_POINT ( 'NONE',  ( -0.3500000000000020300, 0.1270000000000000000, -0.6999999999999991800 ) ) ;
#2961 = FACE_OUTER_BOUND ( 'NONE', #1539, .T. ) ;
#2962 = SURFACE_STYLE_FILL_AREA ( #76 ) ;
#2963 = EDGE_CURVE ( 'NONE', #2731, #168, #589, .T. ) ;
#2964 =( GEOMETRIC_REPRESENTATION_CONTEXT ( 3 ) GLOBAL_UNCERTAINTY_ASSIGNED_CONTEXT ( ( #1521 ) ) GLOBAL_UNIT_ASSIGNED_CONTEXT ( ( #1408, #1109, #751 ) ) REPRESENTATION_CONTEXT ( 'NONE', 'WORKASPACE' ) );
#2965 = ORIENTED_EDGE ( 'NONE', *, *, #2748, .F. ) ;
#2966 = CARTESIAN_POINT ( 'NONE',  ( 0.3500000000000022500, 0.6655164807134507100, 0.6999999999999989600 ) ) ;
#2967 = DIRECTION ( 'NONE',  ( 0.0000000000000000000, -1.000000000000000000, 0.0000000000000000000 ) ) ;
#2968 = FACE_OUTER_BOUND ( 'NONE', #1577, .T. ) ;
#2969 = DIRECTION ( 'NONE',  ( -1.000000000000000000, 0.0000000000000000000, 3.491481338843133400E-015 ) ) ;
#2970 = LINE ( 'NONE', #3940, #2037 ) ;
#2971 = SURFACE_SIDE_STYLE ('',( #2743 ) ) ;
#2972 = CARTESIAN_POINT ( 'NONE',  ( -0.8500000000000013100, 0.6655164807134507100, -0.4999999999999975000 ) ) ;
#2973 = ORIENTED_EDGE ( 'NONE', *, *, #307, .F. ) ;
#2974 = VECTOR ( 'NONE', #1624, 1000.000000000000000 ) ;
#2975 = DIRECTION ( 'NONE',  ( 1.000000000000000000, 0.0000000000000000000, -3.491481338843133400E-015 ) ) ;
#2976 = ORIENTED_EDGE ( 'NONE', *, *, #181, .T. ) ;
#2977 = VECTOR ( 'NONE', #439, 1000.000000000000000 ) ;
#2978 = AXIS2_PLACEMENT_3D ( 'NONE', #1136, #85, #2867 ) ;
#2979 = ORIENTED_EDGE ( 'NONE', *, *, #4027, .T. ) ;
#2980 = CARTESIAN_POINT ( 'NONE',  ( -0.3499999999999963100, 0.1269999999999999500, 0.9500000000000011800 ) ) ;
#2981 = ORIENTED_EDGE ( 'NONE', *, *, #2458, .T. ) ;
#2982 = AXIS2_PLACEMENT_3D ( 'NONE', #2203, #1144, #2541 ) ;
#2983 = CARTESIAN_POINT ( 'NONE',  ( -0.5000000000000021100, 0.4624101966249681800, -0.6999999999999986200 ) ) ;
#2984 = FACE_OUTER_BOUND ( 'NONE', #3955, .T. ) ;
#2985 = PLANE ( 'NONE',  #1451 ) ;
#2986 = VERTEX_POINT ( 'NONE', #860 ) ;
#2987 = CARTESIAN_POINT ( 'NONE',  ( 0.3499999999999968700, 0.07699999999999997100, -0.7918861169915821800 ) ) ;
#2988 = EDGE_CURVE ( 'NONE', #3668, #414, #3405, .T. ) ;
#2989 = DIRECTION ( 'NONE',  ( 1.000000000000000000, 0.0000000000000000000, -3.491481338843133400E-015 ) ) ;
#2990 = CARTESIAN_POINT ( 'NONE',  ( 0.3499999999999980900, 0.1270000000000000000, -0.5000000000000012200 ) ) ;
#2991 = VECTOR ( 'NONE', #2272, 1000.000000000000000 ) ;
#2992 = ORIENTED_EDGE ( 'NONE', *, *, #3496, .T. ) ;
#2993 = CARTESIAN_POINT ( 'NONE',  ( -0.3500000000000020300, 0.1270000000000000000, -0.6999999999999991800 ) ) ;
#2994 = CARTESIAN_POINT ( 'NONE',  ( 0.8500000000000025300, 0.0000000000000000000, 0.6999999999999967400 ) ) ;
#2995 = LINE ( 'NONE', #82, #3771 ) ;
#2996 = ORIENTED_EDGE ( 'NONE', *, *, #855, .F. ) ;
#2997 = EDGE_CURVE ( 'NONE', #4316, #4246, #1681, .T. ) ;
#2998 = VECTOR ( 'NONE', #13, 1000.000000000000000 ) ;
#2999 = DIRECTION ( 'NONE',  ( 0.0000000000000000000, -1.000000000000000000, 0.0000000000000000000 ) ) ;
#3000 = ORIENTED_EDGE ( 'NONE', *, *, #2342, .T. ) ;
#3001 = ADVANCED_FACE ( 'NONE', ( #700 ), #2528, .T. ) ;
#3002 = ORIENTED_EDGE ( 'NONE', *, *, #3438, .T. ) ;
#3003 = VECTOR ( 'NONE', #4217, 1000.000000000000000 ) ;
#3004 = CARTESIAN_POINT ( 'NONE',  ( 0.0000000000000000000, 0.1270000000000000000, 0.0000000000000000000 ) ) ;
#3005 = PLANE ( 'NONE',  #1792 ) ;
#3006 = DIRECTION ( 'NONE',  ( -3.491481338843133400E-015, 0.0000000000000000000, -1.000000000000000000 ) ) ;
#3007 = EDGE_CURVE ( 'NONE', #1147, #681, #119, .T. ) ;
#3008 = AXIS2_PLACEMENT_3D ( 'NONE', #3468, #3785, #1730 ) ;
#3009 = ORIENTED_EDGE ( 'NONE', *, *, #3051, .T. ) ;
#3010 = ORIENTED_EDGE ( 'NONE', *, *, #564, .F. ) ;
#3011 = VECTOR ( 'NONE', #1802, 1000.000000000000000 ) ;
#3012 = LINE ( 'NONE', #2461, #1700 ) ;
#3013 = ORIENTED_EDGE ( 'NONE', *, *, #795, .F. ) ;
#3014 = PLANE ( 'NONE',  #1749 ) ;
#3015 = DIRECTION ( 'NONE',  ( 1.000000000000000000, 0.0000000000000000000, -3.491481338843133400E-015 ) ) ;
#3016 = ORIENTED_EDGE ( 'NONE', *, *, #37, .T. ) ;
#3017 = AXIS2_PLACEMENT_3D ( 'NONE', #619, #1003, #3706 ) ;
#3018 = VECTOR ( 'NONE', #1515, 1000.000000000000000 ) ;
#3019 = VECTOR ( 'NONE', #387, 1000.000000000000000 ) ;
#3020 = CARTESIAN_POINT ( 'NONE',  ( -0.8500000000000030900, 0.05000000000000000300, -0.9999999999999970000 ) ) ;
#3021 = DIRECTION ( 'NONE',  ( 1.000000000000000000, 0.0000000000000000000, -3.491481338843133400E-015 ) ) ;
#3022 = SURFACE_STYLE_USAGE ( .BOTH. , #3661 ) ;
#3023 = DIRECTION ( 'NONE',  ( 1.000000000000000000, -1.807003620809174900E-016, -3.491481338843133400E-015 ) ) ;
#3024 = EDGE_LOOP ( 'NONE', ( #1660, #4241, #1169, #3712 ) ) ;
#3025 = LINE ( 'NONE', #3082, #2153 ) ;
#3026 = ADVANCED_FACE ( 'NONE', ( #807 ), #4271, .T. ) ;
#3027 = EDGE_CURVE ( 'NONE', #3689, #3301, #2499, .T. ) ;
#3028 = ORIENTED_EDGE ( 'NONE', *, *, #1291, .F. ) ;
#3029 = VECTOR ( 'NONE', #2585, 1000.000000000000000 ) ;
#3030 = CARTESIAN_POINT ( 'NONE',  ( -1.047444401652941200E-015, 0.05000000000000000300, -0.3000000000000003800 ) ) ;
#3031 = DIRECTION ( 'NONE',  ( 1.000000000000000000, 0.0000000000000000000, -4.358843076831536900E-015 ) ) ;
#3032 = EDGE_CURVE ( 'NONE', #4350, #2424, #1020, .T. ) ;
#3033 = ORIENTED_EDGE ( 'NONE', *, *, #58, .T. ) ;
#3034 = LINE ( 'NONE', #2518, #1416 ) ;
#3035 = PLANE ( 'NONE',  #757 ) ;
#3036 = CARTESIAN_POINT ( 'NONE',  ( -0.8500000000000027500, 0.6655164807134507100, -0.8999999999999974700 ) ) ;
#3037 = STYLED_ITEM ( 'NONE', ( #2597 ), #474 ) ;
#3038 = VECTOR ( 'NONE', #604, 1000.000000000000000 ) ;
#3039 = DIRECTION ( 'NONE',  ( 3.491481338843133400E-015, 0.0000000000000000000, 1.000000000000000000 ) ) ;
#3040 = CARTESIAN_POINT ( 'NONE',  ( 0.8500000000000044200, 3.624880949681338600, 0.9999999999999970000 ) ) ;
#3041 = DIRECTION ( 'NONE',  ( -1.000000000000000000, 0.0000000000000000000, 3.491481338843133400E-015 ) ) ;
#3042 = AXIS2_PLACEMENT_3D ( 'NONE', #3920, #2527, #3903 ) ;
#3043 = ADVANCED_FACE ( 'NONE', ( #1483 ), #1525, .T. ) ;
#3044 = CARTESIAN_POINT ( 'NONE',  ( -0.3499999999999985900, 0.1269999999999999500, 0.3000000000000013200 ) ) ;
#3045 = ORIENTED_EDGE ( 'NONE', *, *, #4280, .F. ) ;
#3046 = DIRECTION ( 'NONE',  ( -1.000000000000000000, 0.0000000000000000000, 2.624119600854729800E-015 ) ) ;
#3047 = ORIENTED_EDGE ( 'NONE', *, *, #772, .T. ) ;
#3048 = CARTESIAN_POINT ( 'NONE',  ( 0.8499999999999969800, 0.05000000000000000300, -1.000000000000003100 ) ) ;
#3049 = CARTESIAN_POINT ( 'NONE',  ( 0.8499999999999969800, 0.05000000000000000300, -1.000000000000003100 ) ) ;
#3050 = CLOSED_SHELL ( 'NONE', ( #932, #4234, #3667, #4139, #3362, #1063 ) ) ;
#3051 = EDGE_CURVE ( 'NONE', #28, #990, #1380, .T. ) ;
#3052 = ORIENTED_EDGE ( 'NONE', *, *, #1099, .F. ) ;
#3053 = FACE_OUTER_BOUND ( 'NONE', #845, .T. ) ;
#3054 = ORIENTED_EDGE ( 'NONE', *, *, #4027, .F. ) ;
#3055 = EDGE_CURVE ( 'NONE', #1440, #912, #24, .T. ) ;
#3056 = EDGE_LOOP ( 'NONE', ( #42, #4030, #2674, #3152 ) ) ;
#3057 = EDGE_CURVE ( 'NONE', #1490, #3457, #3839, .T. ) ;
#3058 = CARTESIAN_POINT ( 'NONE',  ( -5.586370142149013400E-015, 0.0000000000000000000, -1.600000000000000100 ) ) ;
#3059 = DIRECTION ( 'NONE',  ( -0.0000000000000000000, -1.000000000000000000, 0.0000000000000000000 ) ) ;
#3060 = ORIENTED_EDGE ( 'NONE', *, *, #505, .F. ) ;
#3061 = SURFACE_STYLE_FILL_AREA ( #4065 ) ;
#3062 = DIRECTION ( 'NONE',  ( 1.000000000000000000, 0.0000000000000000000, -4.358843076831536900E-015 ) ) ;
#3063 = FACE_OUTER_BOUND ( 'NONE', #1124, .T. ) ;
#3064 = ORIENTED_EDGE ( 'NONE', *, *, #3290, .F. ) ;
#3065 = DIRECTION ( 'NONE',  ( -1.000000000000000000, 0.0000000000000000000, 3.787394640675466200E-015 ) ) ;
#3066 = DIRECTION ( 'NONE',  ( 1.000000000000000000, 0.0000000000000000000, -3.491481338843133400E-015 ) ) ;
#3067 = VECTOR ( 'NONE', #2839, 1000.000000000000000 ) ;
#3068 = CARTESIAN_POINT ( 'NONE',  ( -2.624119600854720400E-016, 0.05000000000000000300, -0.09999999999999964500 ) ) ;
#3069 = VECTOR ( 'NONE', #2050, 1000.000000000000000 ) ;
#3070 = PLANE ( 'NONE',  #3017 ) ;
#3071 = AXIS2_PLACEMENT_3D ( 'NONE', #3058, #4072, #128 ) ;
#3072 = ADVANCED_FACE ( 'NONE', ( #543 ), #1824, .F. ) ;
#3073 = LINE ( 'NONE', #2416, #666 ) ;
#3074 = DIRECTION ( 'NONE',  ( -1.000000000000000000, 0.0000000000000000000, 3.491481338843133400E-015 ) ) ;
#3075 = MANIFOLD_SOLID_BREP ( 'Body-Move/Copy1[12]', #1362 ) ;
#3076 = EDGE_CURVE ( 'NONE', #4364, #3830, #4352, .T. ) ;
#3077 = FACE_OUTER_BOUND ( 'NONE', #4257, .T. ) ;
#3078 = DIRECTION ( 'NONE',  ( 0.0000000000000000000, -1.000000000000000000, 0.0000000000000000000 ) ) ;
#3079 = DIRECTION ( 'NONE',  ( 1.000000000000000000, 0.0000000000000000000, -2.624119600854729800E-015 ) ) ;
#3080 = ORIENTED_EDGE ( 'NONE', *, *, #3502, .T. ) ;
#3081 = CARTESIAN_POINT ( 'NONE',  ( -0.8500000000000027500, 0.1269999999999999500, -0.8999999999999974700 ) ) ;
#3082 = CARTESIAN_POINT ( 'NONE',  ( -0.8500000000000030900, 0.05000000000000000300, -0.9999999999999970000 ) ) ;
#3083 = DIRECTION ( 'NONE',  ( 1.000000000000000000, 0.0000000000000000000, -3.491481338843133400E-015 ) ) ;
#3084 = DIRECTION ( 'NONE',  ( -1.000000000000000000, 0.0000000000000000000, 3.491481338843133400E-015 ) ) ;
#3085 = PLANE ( 'NONE',  #3981 ) ;
#3086 = VECTOR ( 'NONE', #1110, 1000.000000000000000 ) ;
#3087 = EDGE_CURVE ( 'NONE', #1125, #3385, #1669, .T. ) ;
#3088 = CARTESIAN_POINT ( 'NONE',  ( -0.8499999999999957600, 0.5000000000000000000, 1.000000000000002700 ) ) ;
#3089 = VECTOR ( 'NONE', #3422, 1000.000000000000000 ) ;
#3090 = ADVANCED_FACE ( 'NONE', ( #1004 ), #2948, .T. ) ;
#3091 = DIRECTION ( 'NONE',  ( -1.000000000000000000, 0.0000000000000000000, 3.491481338843133400E-015 ) ) ;
#3092 = EDGE_CURVE ( 'NONE', #649, #230, #4137, .T. ) ;
#3093 = AXIS2_PLACEMENT_3D ( 'NONE', #2828, #1403, #3166 ) ;
#3094 = PLANE ( 'NONE',  #876 ) ;
#3095 = PLANE ( 'NONE',  #1201 ) ;
#3096 = PLANE ( 'NONE',  #2929 ) ;
#3097 = EDGE_CURVE ( 'NONE', #4077, #65, #3240, .T. ) ;
#3098 = AXIS2_PLACEMENT_3D ( 'NONE', #2972, #1868, #2592 ) ;
#3099 = VECTOR ( 'NONE', #3704, 1000.000000000000000 ) ;
#3100 = ORIENTED_EDGE ( 'NONE', *, *, #995, .F. ) ;
#3101 = DIRECTION ( 'NONE',  ( 1.000000000000000000, 0.0000000000000000000, -3.491481338843133400E-015 ) ) ;
#3102 = LINE ( 'NONE', #1462, #373 ) ;
#3103 = CARTESIAN_POINT ( 'NONE',  ( -0.4999999999999961100, 0.1269999999999999700, 1.000000000000001800 ) ) ;
#3104 = ORIENTED_EDGE ( 'NONE', *, *, #650, .F. ) ;
#3105 = EDGE_LOOP ( 'NONE', ( #1642, #3028, #907, #937 ) ) ;
#3106 = LINE ( 'NONE', #695, #1385 ) ;
#3107 = ORIENTED_EDGE ( 'NONE', *, *, #3139, .T. ) ;
#3108 = CARTESIAN_POINT ( 'NONE',  ( -0.6990214479611996900, 0.4500000000000000100, -0.7897957293225819100 ) ) ;
#3109 = ORIENTED_EDGE ( 'NONE', *, *, #2139, .T. ) ;
#3110 = EDGE_CURVE ( 'NONE', #2238, #2061, #2709, .T. ) ;
#3111 = ADVANCED_FACE ( 'NONE', ( #3393 ), #1944, .F. ) ;
#3112 = EDGE_LOOP ( 'NONE', ( #3266, #3009, #1894, #1049 ) ) ;
#3113 = DIRECTION ( 'NONE',  ( 1.000000000000000000, 0.0000000000000000000, -2.624119600854729800E-015 ) ) ;
#3114 = VECTOR ( 'NONE', #1767, 1000.000000000000000 ) ;
#3115 = CARTESIAN_POINT ( 'NONE',  ( 0.5000000000000028900, 0.07699999999999997100, 0.9499999999999982900 ) ) ;
#3116 = EDGE_CURVE ( 'NONE', #2155, #4180, #689, .T. ) ;
#3117 = ORIENTED_EDGE ( 'NONE', *, *, #1716, .T. ) ;
#3118 = CARTESIAN_POINT ( 'NONE',  ( 0.0000000000000000000, 0.1270000000000000000, 0.0000000000000000000 ) ) ;
#3119 = LINE ( 'NONE', #2993, #1928 ) ;
#3120 = CARTESIAN_POINT ( 'NONE',  ( 0.8500000000000032000, 0.1269999999999999500, 0.8999999999999968000 ) ) ;
#3121 = FACE_OUTER_BOUND ( 'NONE', #1198, .T. ) ;
#3122 = UNCERTAINTY_MEASURE_WITH_UNIT (LENGTH_MEASURE( 1.000000000000000100E-005 ), #1252, 'distance_accuracy_value', 'NONE');
#3123 = EDGE_LOOP ( 'NONE', ( #3709, #2098, #270, #2660 ) ) ;
#3124 = LINE ( 'NONE', #3621, #88 ) ;
#3125 = DIRECTION ( 'NONE',  ( 1.000000000000000000, -1.807003620809174600E-016, -3.491481338843133400E-015 ) ) ;
#3126 = ORIENTED_EDGE ( 'NONE', *, *, #3496, .F. ) ;
#3127 = VECTOR ( 'NONE', #2967, 1000.000000000000000 ) ;
#3128 = ADVANCED_FACE ( 'NONE', ( #746 ), #873, .F. ) ;
#3129 = ORIENTED_EDGE ( 'NONE', *, *, #2311, .T. ) ;
#3130 = ORIENTED_EDGE ( 'NONE', *, *, #2449, .T. ) ;
#3131 = ORIENTED_EDGE ( 'NONE', *, *, #4235, .F. ) ;
#3132 = DIRECTION ( 'NONE',  ( 1.000000000000000000, 0.0000000000000000000, -3.491481338843133400E-015 ) ) ;
#3133 =( NAMED_UNIT ( * ) PLANE_ANGLE_UNIT ( ) SI_UNIT ( $, .RADIAN. ) );
#3134 = ORIENTED_EDGE ( 'NONE', *, *, #3531, .F. ) ;
#3135 = DIRECTION ( 'NONE',  ( 0.0000000000000000000, -1.000000000000000000, 0.0000000000000000000 ) ) ;
#3136 = EDGE_CURVE ( 'NONE', #591, #3197, #213, .T. ) ;
#3137 = VECTOR ( 'NONE', #2356, 1000.000000000000000 ) ;
#3139 = EDGE_CURVE ( 'NONE', #2167, #3830, #2485, .T. ) ;
#3138 = CARTESIAN_POINT ( 'NONE',  ( 0.3500000000000029800, 0.1269999999999999500, 0.8999999999999985800 ) ) ;
#3140 = EDGE_CURVE ( 'NONE', #3795, #2227, #526, .T. ) ;
#3141 = AXIS2_PLACEMENT_3D ( 'NONE', #21, #2389, #53 ) ;
#3142 = VECTOR ( 'NONE', #68, 1000.000000000000000 ) ;
#3143 = CARTESIAN_POINT ( 'NONE',  ( 0.3500000000000030900, 0.07699999999999997100, 0.9999999999999986700 ) ) ;
#3144 = DIRECTION ( 'NONE',  ( -1.000000000000000000, 0.0000000000000000000, 3.491481338843133400E-015 ) ) ;
#3145 = EDGE_LOOP ( 'NONE', ( #1025, #2388, #2085, #2345 ) ) ;
#3146 = ADVANCED_FACE ( 'NONE', ( #1207 ), #2260, .F. ) ;
#3147 = AXIS2_PLACEMENT_3D ( 'NONE', #3927, #3230, #2940 ) ;
#3148 = ORIENTED_EDGE ( 'NONE', *, *, #1008, .T. ) ;
#3149 = DIRECTION ( 'NONE',  ( 1.000000000000000000, 0.0000000000000000000, -3.491481338843133400E-015 ) ) ;
#3150 = EDGE_LOOP ( 'NONE', ( #1185, #4119, #3838, #3657 ) ) ;
#3151 = ORIENTED_EDGE ( 'NONE', *, *, #3216, .F. ) ;
#3152 = ORIENTED_EDGE ( 'NONE', *, *, #3007, .F. ) ;
#3153 = DIRECTION ( 'NONE',  ( 1.000000000000000000, 0.0000000000000000000, -3.491481338843133400E-015 ) ) ;
#3154 = LINE ( 'NONE', #2576, #2900 ) ;
#3155 = DIRECTION ( 'NONE',  ( -3.491481338843133400E-015, 0.0000000000000000000, -1.000000000000000000 ) ) ;
#3156 = ORIENTED_EDGE ( 'NONE', *, *, #4280, .T. ) ;
#3157 = ORIENTED_EDGE ( 'NONE', *, *, #3291, .F. ) ;
#3158 = ORIENTED_EDGE ( 'NONE', *, *, #90, .T. ) ;
#3159 = FILL_AREA_STYLE_COLOUR ( '', #1140 ) ;
#3160 = LINE ( 'NONE', #446, #1338 ) ;
#3161 = PRESENTATION_STYLE_ASSIGNMENT (( #3022 ) ) ;
#3162 = EDGE_LOOP ( 'NONE', ( #3259, #3585, #399, #1050, #3258, #4102 ) ) ;
#3163 = EDGE_CURVE ( 'NONE', #1166, #1907, #2651, .T. ) ;
#3164 = LINE ( 'NONE', #509, #1343 ) ;
#3165 = LINE ( 'NONE', #148, #716 ) ;
#3166 = DIRECTION ( 'NONE',  ( -3.491481338843133400E-015, 0.0000000000000000000, -1.000000000000000000 ) ) ;
#3167 = CARTESIAN_POINT ( 'NONE',  ( -1.396592535537253300E-015, 0.0000000000000000000, -0.4000000000000000200 ) ) ;
#3168 = VECTOR ( 'NONE', #4140, 1000.000000000000000 ) ;
#3169 = ADVANCED_FACE ( 'NONE', ( #4023 ), #314, .F. ) ;
#3170 = DIRECTION ( 'NONE',  ( -1.000000000000000000, 0.0000000000000000000, 3.491481338843133400E-015 ) ) ;
#3171 = FACE_OUTER_BOUND ( 'NONE', #1105, .T. ) ;
#3172 = SURFACE_STYLE_USAGE ( .BOTH. , #98 ) ;
#3173 = CARTESIAN_POINT ( 'NONE',  ( 0.3500000000000001400, 0.1269999999999999500, 0.09999999999999850700 ) ) ;
#3174 = EDGE_CURVE ( 'NONE', #725, #2719, #4193, .T. ) ;
#3175 = LINE ( 'NONE', #3245, #875 ) ;
#3176 = CARTESIAN_POINT ( 'NONE',  ( 0.3500000000000008700, 0.1270000000000000000, 0.2999999999999988200 ) ) ;
#3177 = LINE ( 'NONE', #4050, #254 ) ;
#3178 =( GEOMETRIC_REPRESENTATION_CONTEXT ( 3 ) GLOBAL_UNCERTAINTY_ASSIGNED_CONTEXT ( ( #1982 ) ) GLOBAL_UNIT_ASSIGNED_CONTEXT ( ( #723, #3133, #1057 ) ) REPRESENTATION_CONTEXT ( 'NONE', 'WORKASPACE' ) );
#3179 = ORIENTED_EDGE ( 'NONE', *, *, #367, .F. ) ;
#3180 = VERTEX_POINT ( 'NONE', #2687 ) ;
#3181 = VECTOR ( 'NONE', #2549, 1000.000000000000000 ) ;
#3182 = ORIENTED_EDGE ( 'NONE', *, *, #1834, .F. ) ;
#3183 = PLANE ( 'NONE',  #2978 ) ;
#3184 = ORIENTED_EDGE ( 'NONE', *, *, #4211, .F. ) ;
#3185 = EDGE_CURVE ( 'NONE', #4165, #962, #2771, .T. ) ;
#3186 = DIRECTION ( 'NONE',  ( -3.491481338843133400E-015, 0.0000000000000000000, -1.000000000000000000 ) ) ;
#3187 = ADVANCED_FACE ( 'NONE', ( #2219 ), #1638, .F. ) ;
#3188 = CARTESIAN_POINT ( 'NONE',  ( 0.3499999999999967000, 0.6655164807134507100, -0.9000000000000011300 ) ) ;
#3189 = EDGE_CURVE ( 'NONE', #2635, #3716, #420, .T. ) ;
#3190 = CARTESIAN_POINT ( 'NONE',  ( -0.8500000000000013100, 0.1270000000000000000, -0.4999999999999975000 ) ) ;
#3191 = LINE ( 'NONE', #1148, #2774 ) ;
#3192 = EDGE_LOOP ( 'NONE', ( #3647, #116, #253, #4048 ) ) ;
#3193 = STYLED_ITEM ( 'NONE', ( #3161 ), #1703 ) ;
#3194 = LINE ( 'NONE', #731, #2284 ) ;
#3195 = DIRECTION ( 'NONE',  ( 1.000000000000000000, 0.0000000000000000000, -3.491481338843133400E-015 ) ) ;
#3196 = VERTEX_POINT ( 'NONE', #645 ) ;
#3197 = VERTEX_POINT ( 'NONE', #4405 ) ;
#3198 = ORIENTED_EDGE ( 'NONE', *, *, #1656, .T. ) ;
#3199 = VECTOR ( 'NONE', #1006, 1000.000000000000000 ) ;
#3200 = EDGE_CURVE ( 'NONE', #641, #3196, #2111, .T. ) ;
#3201 = ORIENTED_EDGE ( 'NONE', *, *, #1786, .T. ) ;
#3202 = ORIENTED_EDGE ( 'NONE', *, *, #1733, .T. ) ;
#3203 = DIRECTION ( 'NONE',  ( 3.491481338843133400E-015, 0.0000000000000000000, 1.000000000000000000 ) ) ;
#3204 = LINE ( 'NONE', #2415, #1546 ) ;
#3205 = ORIENTED_EDGE ( 'NONE', *, *, #1675, .T. ) ;
#3206 = ORIENTED_EDGE ( 'NONE', *, *, #1454, .F. ) ;
#3207 = PLANE ( 'NONE',  #401 ) ;
#3208 = EDGE_LOOP ( 'NONE', ( #2547, #3157, #357, #2921, #2267, #3238, #1684, #588 ) ) ;
#3209 = VECTOR ( 'NONE', #4106, 1000.000000000000000 ) ;
#3210 = EDGE_CURVE ( 'NONE', #1041, #175, #308, .T. ) ;
#3211 = VECTOR ( 'NONE', #1115, 1000.000000000000000 ) ;
#3212 = CARTESIAN_POINT ( 'NONE',  ( -0.3499999999999999200, 0.0000000000000000000, -0.09999999999999871500 ) ) ;
#3213 = CARTESIAN_POINT ( 'NONE',  ( 0.3499999999999973700, 0.0000000000000000000, -0.7000000000000015100 ) ) ;
#3214 = CARTESIAN_POINT ( 'NONE',  ( 0.8500000000000032000, 0.0000000000000000000, 0.8999999999999968000 ) ) ;
#3215 = VECTOR ( 'NONE', #3550, 1000.000000000000000 ) ;
#3216 = EDGE_CURVE ( 'NONE', #3763, #1692, #946, .T. ) ;
#3217 = ORIENTED_EDGE ( 'NONE', *, *, #4292, .T. ) ;
#3218 = DIRECTION ( 'NONE',  ( 1.000000000000000000, 0.0000000000000000000, -3.491481338843133400E-015 ) ) ;
#3219 = CARTESIAN_POINT ( 'NONE',  ( 0.3500000000000015900, 0.6655164807134507100, 0.4999999999999986100 ) ) ;
#3220 = VECTOR ( 'NONE', #2789, 1000.000000000000000 ) ;
#3221 = CARTESIAN_POINT ( 'NONE',  ( 0.3500000000000001400, 0.1270000000000000000, 0.09999999999999850700 ) ) ;
#3222 = EDGE_LOOP ( 'NONE', ( #2128, #378, #1337, #1306 ) ) ;
#3223 = EDGE_CURVE ( 'NONE', #2897, #2436, #1840, .T. ) ;
#3224 = LINE ( 'NONE', #3971, #728 ) ;
#3225 = AXIS2_PLACEMENT_3D ( 'NONE', #3898, #1888, #1871 ) ;
#3226 = DIRECTION ( 'NONE',  ( -3.491481338843133400E-015, 0.0000000000000000000, -1.000000000000000000 ) ) ;
#3227 = ORIENTED_EDGE ( 'NONE', *, *, #37, .F. ) ;
#3228 = DIRECTION ( 'NONE',  ( 1.000000000000000000, 0.0000000000000000000, -2.624119600854729800E-015 ) ) ;
#3229 = DIRECTION ( 'NONE',  ( 0.0000000000000000000, -1.000000000000000000, 0.0000000000000000000 ) ) ;
#3230 = DIRECTION ( 'NONE',  ( 1.000000000000000000, 0.0000000000000000000, -3.491481338843133400E-015 ) ) ;
#3231 = EDGE_LOOP ( 'NONE', ( #4262, #4360, #3694, #1256 ) ) ;
#3232 = EDGE_CURVE ( 'NONE', #499, #1147, #4250, .T. ) ;
#3233 = MECHANICAL_DESIGN_GEOMETRIC_PRESENTATION_REPRESENTATION (  '', ( #246 ), #319 ) ;
#3234 = ORIENTED_EDGE ( 'NONE', *, *, #3438, .F. ) ;
#3235 = LINE ( 'NONE', #2987, #625 ) ;
#3236 = CARTESIAN_POINT ( 'NONE',  ( 3.142333204958819200E-015, 0.05000000000000000300, 0.8999999999999998000 ) ) ;
#3237 = DIRECTION ( 'NONE',  ( 1.000000000000000000, 0.0000000000000000000, -4.358843076831536900E-015 ) ) ;
#3238 = ORIENTED_EDGE ( 'NONE', *, *, #2773, .F. ) ;
#3239 = CARTESIAN_POINT ( 'NONE',  ( -0.8499999999999978700, 0.1270000000000000000, 0.5000000000000027800 ) ) ;
#3240 = LINE ( 'NONE', #3933, #888 ) ;
#3241 = CARTESIAN_POINT ( 'NONE',  ( -0.3499999999999972000, 0.6655164807134507100, 0.7000000000000012900 ) ) ;
#3242 = EDGE_CURVE ( 'NONE', #3763, #2155, #1524, .T. ) ;
#3243 = PLANE ( 'NONE',  #2515 ) ;
#3244 = VECTOR ( 'NONE', #1333, 1000.000000000000000 ) ;
#3245 = CARTESIAN_POINT ( 'NONE',  ( 0.8500000000000004200, 0.6655164807134507100, 0.09999999999999675800 ) ) ;
#3246 = DIRECTION ( 'NONE',  ( 0.0000000000000000000, 1.000000000000000000, 0.0000000000000000000 ) ) ;
#3247 = VECTOR ( 'NONE', #1350, 1000.000000000000000 ) ;
#3248 = UNCERTAINTY_MEASURE_WITH_UNIT (LENGTH_MEASURE( 1.000000000000000100E-005 ), #3793, 'distance_accuracy_value', 'NONE');
#3249 = ORIENTED_EDGE ( 'NONE', *, *, #1425, .T. ) ;
#3250 = DIRECTION ( 'NONE',  ( 0.0000000000000000000, -1.000000000000000000, -0.0000000000000000000 ) ) ;
#3251 = CARTESIAN_POINT ( 'NONE',  ( -0.3500000000000006400, 0.1269999999999999500, -0.2999999999999991000 ) ) ;
#3252 = ORIENTED_EDGE ( 'NONE', *, *, #3299, .T. ) ;
#3253 = AXIS2_PLACEMENT_3D ( 'NONE', #4256, #3246, #178 ) ;
#3254 = ORIENTED_EDGE ( 'NONE', *, *, #2072, .T. ) ;
#3255 = CARTESIAN_POINT ( 'NONE',  ( -0.3500000000000027500, 0.1270000000000000000, -0.8999999999999988000 ) ) ;
#3256 = LINE ( 'NONE', #542, #180 ) ;
#3257 = CARTESIAN_POINT ( 'NONE',  ( -0.3499999999999993100, 0.1269999999999999500, 0.1000000000000009400 ) ) ;
#3258 = ORIENTED_EDGE ( 'NONE', *, *, #674, .F. ) ;
#3259 = ORIENTED_EDGE ( 'NONE', *, *, #3576, .T. ) ;
#3260 =( GEOMETRIC_REPRESENTATION_CONTEXT ( 3 ) GLOBAL_UNCERTAINTY_ASSIGNED_CONTEXT ( ( #415 ) ) GLOBAL_UNIT_ASSIGNED_CONTEXT ( ( #838, #527, #2225 ) ) REPRESENTATION_CONTEXT ( 'NONE', 'WORKASPACE' ) );
#3261 = VECTOR ( 'NONE', #207, 1000.000000000000000 ) ;
#3262 = VECTOR ( 'NONE', #661, 1000.000000000000000 ) ;
#3263 = DIRECTION ( 'NONE',  ( -0.0000000000000000000, -1.000000000000000000, 0.0000000000000000000 ) ) ;
#3264 = DIRECTION ( 'NONE',  ( -1.000000000000000000, -0.0000000000000000000, 3.491481338843133400E-015 ) ) ;
#3265 = DIRECTION ( 'NONE',  ( 0.0000000000000000000, -1.000000000000000000, -0.0000000000000000000 ) ) ;
#3266 = ORIENTED_EDGE ( 'NONE', *, *, #1768, .F. ) ;
#3267 = DIRECTION ( 'NONE',  ( 1.000000000000000000, 0.0000000000000000000, -3.491481338843133400E-015 ) ) ;
#3268 = DIRECTION ( 'NONE',  ( 1.000000000000000000, 1.807003620809174600E-016, -3.491481338843133400E-015 ) ) ;
#3269 = LINE ( 'NONE', #1747, #3168 ) ;
#3270 = CARTESIAN_POINT ( 'NONE',  ( 0.3500000000000029200, 0.1269999999999999500, 0.9499999999999988500 ) ) ;
#3271 = DIRECTION ( 'NONE',  ( 3.491481338843133700E-015, 0.0000000000000000000, 1.000000000000000000 ) ) ;
#3272 = ORIENTED_EDGE ( 'NONE', *, *, #2997, .T. ) ;
#3273 = EDGE_CURVE ( 'NONE', #2460, #175, #2001, .T. ) ;
#3274 = DIRECTION ( 'NONE',  ( 1.000000000000000000, 0.0000000000000000000, -3.491481338843133400E-015 ) ) ;
#3275 = CARTESIAN_POINT ( 'NONE',  ( 0.3500000000000022500, 0.1270000000000000000, 0.6999999999999989600 ) ) ;
#3276 = DIRECTION ( 'NONE',  ( 0.0000000000000000000, -1.000000000000000000, -0.0000000000000000000 ) ) ;
#3277 = DIRECTION ( 'NONE',  ( 3.708321773340234200E-015, 0.0000000000000000000, 1.000000000000000000 ) ) ;
#3278 = ORIENTED_EDGE ( 'NONE', *, *, #1768, .T. ) ;
#3279 = VECTOR ( 'NONE', #2906, 1000.000000000000000 ) ;
#3280 = EDGE_CURVE ( 'NONE', #4088, #2529, #3702, .T. ) ;
#3281 = AXIS2_PLACEMENT_3D ( 'NONE', #2594, #1296, #1978 ) ;
#3282 = FACE_OUTER_BOUND ( 'NONE', #274, .T. ) ;
#3283 = CARTESIAN_POINT ( 'NONE',  ( -0.3499999999999999200, 0.1270000000000000000, -0.09999999999999871500 ) ) ;
#3284 = DIRECTION ( 'NONE',  ( 1.000000000000000000, 0.0000000000000000000, -3.491481338843133400E-015 ) ) ;
#3285 = ORIENTED_EDGE ( 'NONE', *, *, #3116, .T. ) ;
#3286 = ORIENTED_EDGE ( 'NONE', *, *, #626, .F. ) ;
#3287 = CARTESIAN_POINT ( 'NONE',  ( -0.3499999999999993100, 0.1270000000000000000, 0.1000000000000009400 ) ) ;
#3288 = FACE_OUTER_BOUND ( 'NONE', #2892, .T. ) ;
#3289 = FILL_AREA_STYLE ('',( #3627 ) ) ;
#3290 = EDGE_CURVE ( 'NONE', #1674, #763, #631, .T. ) ;
#3291 = EDGE_CURVE ( 'NONE', #4403, #2791, #1895, .T. ) ;
#3292 = ORIENTED_EDGE ( 'NONE', *, *, #4239, .T. ) ;
#3293 = CARTESIAN_POINT ( 'NONE',  ( 1.745740669421565900E-015, 0.05000000000000000300, 0.4999999999999997800 ) ) ;
#3294 =( NAMED_UNIT ( * ) SI_UNIT ( $, .STERADIAN. ) SOLID_ANGLE_UNIT ( ) );
#3295 = ADVANCED_FACE ( 'NONE', ( #2931 ), #3070, .T. ) ;
#3296 = CARTESIAN_POINT ( 'NONE',  ( -0.3499999999999993100, 0.6655164807134507100, 0.1000000000000009400 ) ) ;
#3297 = CARTESIAN_POINT ( 'NONE',  ( 0.3499999999999963100, 0.07699999999999997100, -0.9500000000000011800 ) ) ;
#3298 = LINE ( 'NONE', #3020, #3244 ) ;
#3299 = EDGE_CURVE ( 'NONE', #1043, #862, #4017, .T. ) ;
#3300 = CARTESIAN_POINT ( 'NONE',  ( 0.3500000000000001400, 0.1269999999999999500, 0.09999999999999850700 ) ) ;
#3301 = VERTEX_POINT ( 'NONE', #3662 ) ;
#3302 = VECTOR ( 'NONE', #3866, 1000.000000000000000 ) ;
#3303 = EDGE_LOOP ( 'NONE', ( #3347, #2481, #2869, #1644 ) ) ;
#3304 = CARTESIAN_POINT ( 'NONE',  ( -0.8499999999999978700, 0.1269999999999999500, 0.5000000000000027800 ) ) ;
#3305 = DIRECTION ( 'NONE',  ( 1.000000000000000000, -1.807003620809174600E-016, -3.491481338843133400E-015 ) ) ;
#3306 = ORIENTED_EDGE ( 'NONE', *, *, #2311, .F. ) ;
#3307 = DIRECTION ( 'NONE',  ( 1.000000000000000000, 0.0000000000000000000, -3.491481338843133400E-015 ) ) ;
#3308 = EDGE_CURVE ( 'NONE', #1514, #2167, #1837, .T. ) ;
#3309 = ORIENTED_EDGE ( 'NONE', *, *, #3531, .T. ) ;
#3310 = LINE ( 'NONE', #3506, #2401 ) ;
#3311 = ORIENTED_EDGE ( 'NONE', *, *, #3757, .T. ) ;
#3312 = VERTEX_POINT ( 'NONE', #2747 ) ;
#3313 = CARTESIAN_POINT ( 'NONE',  ( 0.3500000000000030900, 0.1269999999999999500, 0.9999999999999986700 ) ) ;
#3314 = DIRECTION ( 'NONE',  ( -1.000000000000000000, 0.0000000000000000000, 3.491481338843133400E-015 ) ) ;
#3315 = FACE_BOUND ( 'NONE', #4157, .T. ) ;
#3316 = EDGE_CURVE ( 'NONE', #959, #2635, #2215, .T. ) ;
#3317 = AXIS2_PLACEMENT_3D ( 'NONE', #1321, #3314, #3670 ) ;
#3318 = ORIENTED_EDGE ( 'NONE', *, *, #3140, .F. ) ;
#3319 = VECTOR ( 'NONE', #3271, 1000.000000000000000 ) ;
#3320 = FACE_OUTER_BOUND ( 'NONE', #1176, .T. ) ;
#3321 = CARTESIAN_POINT ( 'NONE',  ( 0.3500000000000030900, 0.1269999999999999500, 0.9999999999999986700 ) ) ;
#3322 = DIRECTION ( 'NONE',  ( -3.491481338843133400E-015, 0.0000000000000000000, -1.000000000000000000 ) ) ;
#3323 = CARTESIAN_POINT ( 'NONE',  ( -0.3499999999999985900, 0.1270000000000000000, 0.3000000000000013200 ) ) ;
#3324 = ADVANCED_FACE ( 'NONE', ( #2984 ), #3096, .F. ) ;
#3325 = DIRECTION ( 'NONE',  ( 0.0000000000000000000, -1.000000000000000000, -0.0000000000000000000 ) ) ;
#3326 = EDGE_CURVE ( 'NONE', #3719, #3613, #1155, .T. ) ;
#3327 = VECTOR ( 'NONE', #3322, 1000.000000000000000 ) ;
#3328 = ORIENTED_EDGE ( 'NONE', *, *, #3280, .T. ) ;
#3329 = PRESENTATION_STYLE_ASSIGNMENT (( #1538 ) ) ;
#3330 = ORIENTED_EDGE ( 'NONE', *, *, #1748, .F. ) ;
#3331 = DIRECTION ( 'NONE',  ( 0.0000000000000000000, -1.000000000000000000, -0.0000000000000000000 ) ) ;
#3332 = CARTESIAN_POINT ( 'NONE',  ( 0.5000000000000028900, 0.1269999999999999700, 0.9499999999999982900 ) ) ;
#3333 = DIRECTION ( 'NONE',  ( -3.491481338843133400E-015, 0.0000000000000000000, -1.000000000000000000 ) ) ;
#3334 = DIRECTION ( 'NONE',  ( -3.491481338843133400E-015, 0.0000000000000000000, -1.000000000000000000 ) ) ;
#3335 = ORIENTED_EDGE ( 'NONE', *, *, #1594, .F. ) ;
#3336 = LINE ( 'NONE', #2712, #259 ) ;
#3337 = ORIENTED_EDGE ( 'NONE', *, *, #2707, .F. ) ;
#3338 = VECTOR ( 'NONE', #1018, 1000.000000000000000 ) ;
#3339 = ADVANCED_FACE ( 'NONE', ( #3439 ), #3432, .T. ) ;
#3340 = ORIENTED_EDGE ( 'NONE', *, *, #3174, .T. ) ;
#3341 = FILL_AREA_STYLE_COLOUR ( '', #830 ) ;
#3342 = DIRECTION ( 'NONE',  ( -1.000000000000000000, -0.0000000000000000000, 3.491481338843133400E-015 ) ) ;
#3343 = DIRECTION ( 'NONE',  ( 0.0000000000000000000, -1.000000000000000000, -0.0000000000000000000 ) ) ;
#3344 = LINE ( 'NONE', #3401, #316 ) ;
#3345 = ORIENTED_EDGE ( 'NONE', *, *, #1157, .T. ) ;
#3346 = FILL_AREA_STYLE_COLOUR ( '', #3626 ) ;
#3347 = ORIENTED_EDGE ( 'NONE', *, *, #386, .T. ) ;
#3348 = VERTEX_POINT ( 'NONE', #2378 ) ;
#3349 = DIRECTION ( 'NONE',  ( 0.0000000000000000000, -1.000000000000000000, 0.0000000000000000000 ) ) ;
#3350 = EDGE_CURVE ( 'NONE', #963, #1078, #3336, .T. ) ;
#3351 = LINE ( 'NONE', #1307, #1536 ) ;
#3352 = CARTESIAN_POINT ( 'NONE',  ( -0.8500000000000030900, 0.5000000000000000000, -0.9999999999999970000 ) ) ;
#3353 = VERTEX_POINT ( 'NONE', #3120 ) ;
#3354 = DIRECTION ( 'NONE',  ( 0.0000000000000000000, -1.000000000000000000, -0.0000000000000000000 ) ) ;
#3355 = VERTEX_POINT ( 'NONE', #3444 ) ;
#3356 = VECTOR ( 'NONE', #3153, 1000.000000000000000 ) ;
#3357 = EDGE_CURVE ( 'NONE', #291, #152, #51, .T. ) ;
#3358 =( LENGTH_UNIT ( ) NAMED_UNIT ( * ) SI_UNIT ( .MILLI., .METRE. ) );
#3359 = CARTESIAN_POINT ( 'NONE',  ( -0.3500000000000013700, 0.1270000000000000000, -0.4999999999999988300 ) ) ;
#3360 = EDGE_CURVE ( 'NONE', #3987, #4088, #3811, .T. ) ;
#3361 = ORIENTED_EDGE ( 'NONE', *, *, #3055, .T. ) ;
#3362 = ADVANCED_FACE ( 'NONE', ( #3868 ), #2733, .T. ) ;
#3363 = VECTOR ( 'NONE', #2648, 1000.000000000000000 ) ;
#3364 = ORIENTED_EDGE ( 'NONE', *, *, #3891, .T. ) ;
#3365 = PLANE ( 'NONE',  #2533 ) ;
#3366 = ORIENTED_EDGE ( 'NONE', *, *, #741, .F. ) ;
#3367 =( GEOMETRIC_REPRESENTATION_CONTEXT ( 3 ) GLOBAL_UNCERTAINTY_ASSIGNED_CONTEXT ( ( #2318 ) ) GLOBAL_UNIT_ASSIGNED_CONTEXT ( ( #3644, #1283, #895 ) ) REPRESENTATION_CONTEXT ( 'NONE', 'WORKASPACE' ) );
#3368 = FACE_OUTER_BOUND ( 'NONE', #1575, .T. ) ;
#3369 = CARTESIAN_POINT ( 'NONE',  ( 0.3499999999999988100, 0.6655164807134507100, -0.3000000000000016000 ) ) ;
#3370 = EDGE_LOOP ( 'NONE', ( #1778, #298, #2785, #3557 ) ) ;
#3371 = DIRECTION ( 'NONE',  ( -1.000000000000000000, 0.0000000000000000000, 3.491481338843133400E-015 ) ) ;
#3372 = CARTESIAN_POINT ( 'NONE',  ( 0.3500000000000022500, 0.1270000000000000000, 0.6999999999999989600 ) ) ;
#3373 = SURFACE_STYLE_FILL_AREA ( #3733 ) ;
#3374 = CARTESIAN_POINT ( 'NONE',  ( 0.3500000000000001400, 0.0000000000000000000, 0.09999999999999850700 ) ) ;
#3375 = CARTESIAN_POINT ( 'NONE',  ( -0.8499999999999965400, 0.1269999999999999500, 0.9000000000000026900 ) ) ;
#3376 = DIRECTION ( 'NONE',  ( -1.000000000000000000, -0.0000000000000000000, 4.358843076831536900E-015 ) ) ;
#3377 = VECTOR ( 'NONE', #201, 1000.000000000000000 ) ;
#3378 = ORIENTED_EDGE ( 'NONE', *, *, #1444, .T. ) ;
#3379 = DIRECTION ( 'NONE',  ( 2.624119600854729800E-015, 0.0000000000000000000, 1.000000000000000000 ) ) ;
#3380 = MANIFOLD_SOLID_BREP ( 'Body-Move/Copy1[9]', #1572 ) ;
#3381 = EDGE_CURVE ( 'NONE', #3355, #519, #475, .T. ) ;
#3382 = ORIENTED_EDGE ( 'NONE', *, *, #496, .T. ) ;
#3383 = DIRECTION ( 'NONE',  ( -3.491481338843133400E-015, 0.0000000000000000000, -1.000000000000000000 ) ) ;
#3384 = LINE ( 'NONE', #2006, #3807 ) ;
#3385 = VERTEX_POINT ( 'NONE', #2764 ) ;
#3386 = ADVANCED_FACE ( 'NONE', ( #416 ), #3404, .T. ) ;
#3387 = ORIENTED_EDGE ( 'NONE', *, *, #2758, .F. ) ;
#3388 = AXIS2_PLACEMENT_3D ( 'NONE', #3580, #3267, #3226 ) ;
#3389 = DIRECTION ( 'NONE',  ( -3.491481338843133400E-015, 0.0000000000000000000, -1.000000000000000000 ) ) ;
#3390 = CARTESIAN_POINT ( 'NONE',  ( 0.5000000000000030000, 0.1269999999999999700, 0.9999999999999983300 ) ) ;
#3391 = DIRECTION ( 'NONE',  ( 3.491481338843133400E-015, -0.0000000000000000000, 1.000000000000000000 ) ) ;
#3392 = ORIENTED_EDGE ( 'NONE', *, *, #1627, .F. ) ;
#3393 = FACE_OUTER_BOUND ( 'NONE', #1174, .T. ) ;
#3394 = EDGE_CURVE ( 'NONE', #2261, #1889, #2053, .T. ) ;
#3395 = AXIS2_PLACEMENT_3D ( 'NONE', #3480, #63, #3797 ) ;
#3396 = DIRECTION ( 'NONE',  ( 3.491481338843133400E-015, 0.0000000000000000000, 1.000000000000000000 ) ) ;
#3397 = VECTOR ( 'NONE', #3442, 1000.000000000000000 ) ;
#3398 = DIRECTION ( 'NONE',  ( 3.491481338843133400E-015, 0.0000000000000000000, 1.000000000000000000 ) ) ;
#3399 = DIRECTION ( 'NONE',  ( 3.491481338843133400E-015, 0.0000000000000000000, 1.000000000000000000 ) ) ;
#3400 = VECTOR ( 'NONE', #2145, 1000.000000000000000 ) ;
#3401 = CARTESIAN_POINT ( 'NONE',  ( 0.4999999999999967800, 0.07699999999999997100, -0.7918861169915827300 ) ) ;
#3402 = DIRECTION ( 'NONE',  ( 3.491481338843133400E-015, 0.0000000000000000000, 1.000000000000000000 ) ) ;
#3403 = ORIENTED_EDGE ( 'NONE', *, *, #3299, .F. ) ;
#3404 = PLANE ( 'NONE',  #4136 ) ;
#3405 = LINE ( 'NONE', #2555, #2721 ) ;
#3406 = ORIENTED_EDGE ( 'NONE', *, *, #3968, .F. ) ;
#3407 = ADVANCED_FACE ( 'NONE', ( #1100 ), #1735, .T. ) ;
#3408 = CLOSED_SHELL ( 'NONE', ( #52, #74, #1814, #3427, #3339, #248 ) ) ;
#3409 = ORIENTED_EDGE ( 'NONE', *, *, #1323, .F. ) ;
#3410 = CARTESIAN_POINT ( 'NONE',  ( -0.3499999999999985900, 0.1270000000000000000, 0.3000000000000013200 ) ) ;
#3411 = ORIENTED_EDGE ( 'NONE', *, *, #930, .T. ) ;
#3412 = LINE ( 'NONE', #2295, #811 ) ;
#3413 = ORIENTED_EDGE ( 'NONE', *, *, #3116, .F. ) ;
#3414 = VERTEX_POINT ( 'NONE', #3458 ) ;
#3415 = AXIS2_PLACEMENT_3D ( 'NONE', #2321, #1286, #3658 ) ;
#3416 = LINE ( 'NONE', #2740, #1812 ) ;
#3417 = DIRECTION ( 'NONE',  ( 0.0000000000000000000, 1.000000000000000000, 0.0000000000000000000 ) ) ;
#3418 = VERTEX_POINT ( 'NONE', #1365 ) ;
#3419 = DIRECTION ( 'NONE',  ( 1.000000000000000000, 0.0000000000000000000, -3.491481338843133400E-015 ) ) ;
#3420 = LINE ( 'NONE', #884, #4111 ) ;
#3421 = PRESENTATION_STYLE_ASSIGNMENT (( #1739 ) ) ;
#3422 = DIRECTION ( 'NONE',  ( 0.0000000000000000000, -1.000000000000000000, 0.0000000000000000000 ) ) ;
#3423 = CYLINDRICAL_SURFACE ( 'NONE', #1248, 0.08587978877417495900 ) ;
#3424 = EDGE_CURVE ( 'NONE', #46, #2791, #2271, .T. ) ;
#3425 = VECTOR ( 'NONE', #2911, 1000.000000000000000 ) ;
#3426 = CARTESIAN_POINT ( 'NONE',  ( 0.8499999999999989800, 0.1270000000000000000, -0.3000000000000033200 ) ) ;
#3427 = ADVANCED_FACE ( 'NONE', ( #2766 ), #2492, .T. ) ;
#3428 = ORIENTED_EDGE ( 'NONE', *, *, #3742, .T. ) ;
#3429 = CARTESIAN_POINT ( 'NONE',  ( 0.3499999999999963100, 0.1269999999999999500, -0.9500000000000011800 ) ) ;
#3430 = ORIENTED_EDGE ( 'NONE', *, *, #1831, .T. ) ;
#3431 = DIRECTION ( 'NONE',  ( -3.491481338843133400E-015, 0.0000000000000000000, -1.000000000000000000 ) ) ;
#3432 = PLANE ( 'NONE',  #4196 ) ;
#3433 = ORIENTED_EDGE ( 'NONE', *, *, #1470, .F. ) ;
#3434 = ORIENTED_EDGE ( 'NONE', *, *, #4225, .T. ) ;
#3435 = ORIENTED_EDGE ( 'NONE', *, *, #3571, .F. ) ;
#3436 = CARTESIAN_POINT ( 'NONE',  ( -0.3499999999999972000, 0.0000000000000000000, 0.7000000000000012900 ) ) ;
#3437 = CIRCLE ( 'NONE', #1821, 0.08587978877417495900 ) ;
#3438 = EDGE_CURVE ( 'NONE', #429, #418, #2646, .T. ) ;
#3439 = FACE_OUTER_BOUND ( 'NONE', #1641, .T. ) ;
#3440 = DIRECTION ( 'NONE',  ( -0.0000000000000000000, -1.000000000000000000, 0.0000000000000000000 ) ) ;
#3441 = AXIS2_PLACEMENT_3D ( 'NONE', #3241, #1165, #3228 ) ;
#3442 = DIRECTION ( 'NONE',  ( 0.0000000000000000000, -1.000000000000000000, -0.0000000000000000000 ) ) ;
#3443 = VECTOR ( 'NONE', #330, 1000.000000000000000 ) ;
#3444 = CARTESIAN_POINT ( 'NONE',  ( -0.8499999999999965400, 0.1270000000000000000, 0.9000000000000026900 ) ) ;
#3445 = ADVANCED_FACE ( 'NONE', ( #1724 ), #3530, .F. ) ;
#3446 = ORIENTED_EDGE ( 'NONE', *, *, #2514, .F. ) ;
#3447 = EDGE_CURVE ( 'NONE', #1078, #725, #3755, .T. ) ;
#3448 = AXIS2_PLACEMENT_3D ( 'NONE', #216, #869, #1209 ) ;
#3449 = CARTESIAN_POINT ( 'NONE',  ( 0.8500000000000017500, 0.0000000000000000000, 0.4999999999999968900 ) ) ;
#3450 = CARTESIAN_POINT ( 'NONE',  ( -0.5000000000000030000, 0.0000000000000000000, -0.9999999999999983300 ) ) ;
#3451 = LINE ( 'NONE', #2584, #268 ) ;
#3452 = ORIENTED_EDGE ( 'NONE', *, *, #96, .F. ) ;
#3453 = DIRECTION ( 'NONE',  ( 0.0000000000000000000, 1.000000000000000000, 0.0000000000000000000 ) ) ;
#3454 = ORIENTED_EDGE ( 'NONE', *, *, #3326, .T. ) ;
#3455 = ORIENTED_EDGE ( 'NONE', *, *, #3223, .F. ) ;
#3456 = VECTOR ( 'NONE', #3334, 1000.000000000000000 ) ;
#3457 = VERTEX_POINT ( 'NONE', #2454 ) ;
#3458 = CARTESIAN_POINT ( 'NONE',  ( -0.3499999999999985900, 0.1269999999999999500, 0.3000000000000013200 ) ) ;
#3459 = ORIENTED_EDGE ( 'NONE', *, *, #1023, .F. ) ;
#3460 = EDGE_CURVE ( 'NONE', #3779, #2299, #3915, .T. ) ;
#3461 = EDGE_CURVE ( 'NONE', #147, #3779, #306, .T. ) ;
#3462 = LINE ( 'NONE', #4392, #2346 ) ;
#3463 = VERTEX_POINT ( 'NONE', #2117 ) ;
#3464 = CARTESIAN_POINT ( 'NONE',  ( 0.3500000000000008700, 0.1269999999999999500, 0.2999999999999988200 ) ) ;
#3465 = LINE ( 'NONE', #3369, #2026 ) ;
#3466 = EDGE_LOOP ( 'NONE', ( #592, #3409, #3655, #3930 ) ) ;
#3467 = ADVANCED_FACE ( 'NONE', ( #362 ), #1467, .T. ) ;
#3468 = CARTESIAN_POINT ( 'NONE',  ( 0.3500000000000015900, 0.1270000000000000000, 0.4999999999999986100 ) ) ;
#3469 = VECTOR ( 'NONE', #1558, 1000.000000000000000 ) ;
#3470 = ORIENTED_EDGE ( 'NONE', *, *, #3757, .F. ) ;
#3471 = DIRECTION ( 'NONE',  ( 3.491481338843133400E-015, 0.0000000000000000000, 1.000000000000000000 ) ) ;
#3472 =( GEOMETRIC_REPRESENTATION_CONTEXT ( 3 ) GLOBAL_UNCERTAINTY_ASSIGNED_CONTEXT ( ( #2855 ) ) GLOBAL_UNIT_ASSIGNED_CONTEXT ( ( #4319, #2278, #590 ) ) REPRESENTATION_CONTEXT ( 'NONE', 'WORKASPACE' ) );
#3473 = LINE ( 'NONE', #107, #293 ) ;
#3474 = ORIENTED_EDGE ( 'NONE', *, *, #3185, .F. ) ;
#3475 = CARTESIAN_POINT ( 'NONE',  ( -0.8499999999999993100, 0.04999999999999999600, 0.1000000000000026800 ) ) ;
#3476 = DIRECTION ( 'NONE',  ( 1.000000000000000000, 0.0000000000000000000, -4.358843076831536900E-015 ) ) ;
#3477 = FACE_OUTER_BOUND ( 'NONE', #1860, .T. ) ;
#3478 = CARTESIAN_POINT ( 'NONE',  ( 0.5000000000000028900, 0.07699999999999997100, 0.9499999999999982900 ) ) ;
#3479 = ORIENTED_EDGE ( 'NONE', *, *, #1097, .F. ) ;
#3480 = CARTESIAN_POINT ( 'NONE',  ( 0.4999999999999962300, 0.1269999999999999700, -0.9500000000000017300 ) ) ;
#3481 = COLOUR_RGB ( '',0.7921568627450980000, 0.8196078431372548800, 0.9333333333333333500 ) ;
#3482 = VERTEX_POINT ( 'NONE', #1156 ) ;
#3483 = CARTESIAN_POINT ( 'NONE',  ( 0.8499999999999969800, 0.5000000000000000000, -1.000000000000003100 ) ) ;
#3484 = VECTOR ( 'NONE', #1822, 1000.000000000000000 ) ;
#3485 = VERTEX_POINT ( 'NONE', #1493 ) ;
#3486 = CARTESIAN_POINT ( 'NONE',  ( 0.4999999999999961100, 0.07699999999999997100, -1.000000000000001800 ) ) ;
#3487 = ORIENTED_EDGE ( 'NONE', *, *, #3525, .T. ) ;
#3488 = DIRECTION ( 'NONE',  ( -1.000000000000000000, 0.0000000000000000000, 3.491481338843133400E-015 ) ) ;
#3489 = EDGE_LOOP ( 'NONE', ( #3605, #2996, #3387, #251 ) ) ;
#3490 = ADVANCED_FACE ( 'NONE', ( #1205 ), #2150, .F. ) ;
#3491 = ORIENTED_EDGE ( 'NONE', *, *, #4178, .T. ) ;
#3492 = DIRECTION ( 'NONE',  ( 0.0000000000000000000, -1.000000000000000000, -0.0000000000000000000 ) ) ;
#3493 = CARTESIAN_POINT ( 'NONE',  ( -0.3499999999999996400, 0.05000000000000000300, 1.222018468595095300E-015 ) ) ;
#3494 = EDGE_CURVE ( 'NONE', #2299, #664, #942, .T. ) ;
#3495 = DIRECTION ( 'NONE',  ( -1.000000000000000000, 0.0000000000000000000, 3.491481338843133400E-015 ) ) ;
#3496 = EDGE_CURVE ( 'NONE', #272, #1851, #210, .T. ) ;
#3497 = FACE_OUTER_BOUND ( 'NONE', #524, .T. ) ;
#3498 = DIRECTION ( 'NONE',  ( 0.0000000000000000000, -1.000000000000000000, -0.0000000000000000000 ) ) ;
#3499 = DIRECTION ( 'NONE',  ( 0.0000000000000000000, 1.000000000000000000, 0.0000000000000000000 ) ) ;
#3500 = DIRECTION ( 'NONE',  ( 0.0000000000000000000, -1.000000000000000000, -0.0000000000000000000 ) ) ;
#3501 = FACE_OUTER_BOUND ( 'NONE', #3145, .T. ) ;
#3502 = EDGE_CURVE ( 'NONE', #3795, #763, #1418, .T. ) ;
#3503 = AXIS2_PLACEMENT_3D ( 'NONE', #3589, #2969, #1554 ) ;
#3504 = ORIENTED_EDGE ( 'NONE', *, *, #2670, .F. ) ;
#3505 = CARTESIAN_POINT ( 'NONE',  ( 0.0000000000000000000, 0.1270000000000000000, 0.0000000000000000000 ) ) ;
#3506 = CARTESIAN_POINT ( 'NONE',  ( -0.3499999999999961500, 0.1269999999999999500, 1.000000000000001300 ) ) ;
#3507 = VECTOR ( 'NONE', #3794, 1000.000000000000000 ) ;
#3508 = ORIENTED_EDGE ( 'NONE', *, *, #3136, .T. ) ;
#3509 = ORIENTED_EDGE ( 'NONE', *, *, #2151, .F. ) ;
#3510 = ORIENTED_EDGE ( 'NONE', *, *, #2207, .F. ) ;
#3511 = FACE_OUTER_BOUND ( 'NONE', #598, .T. ) ;
#3512 = ADVANCED_FACE ( 'NONE', ( #2105 ), #2137, .F. ) ;
#3513 = DIRECTION ( 'NONE',  ( 1.000000000000000000, 0.0000000000000000000, -2.624119600854729800E-015 ) ) ;
#3514 = ORIENTED_EDGE ( 'NONE', *, *, #2881, .T. ) ;
#3515 = ORIENTED_EDGE ( 'NONE', *, *, #1454, .T. ) ;
#3516 = CARTESIAN_POINT ( 'NONE',  ( -0.3499999999999972000, 0.6655164807134507100, 0.7000000000000012900 ) ) ;
#3517 = VECTOR ( 'NONE', #3762, 1000.000000000000000 ) ;
#3518 = ORIENTED_EDGE ( 'NONE', *, *, #2161, .T. ) ;
#3519 = EDGE_CURVE ( 'NONE', #537, #4046, #2381, .T. ) ;
#3520 = ORIENTED_EDGE ( 'NONE', *, *, #2843, .F. ) ;
#3521 = FACE_OUTER_BOUND ( 'NONE', #2676, .T. ) ;
#3522 = CIRCLE ( 'NONE', #2620, 0.08587978877417495900 ) ;
#3523 = CARTESIAN_POINT ( 'NONE',  ( 0.3499999999999967000, 0.1270000000000000000, -0.9000000000000011300 ) ) ;
#3524 = DIRECTION ( 'NONE',  ( -1.000000000000000000, 0.0000000000000000000, 3.491481338843133400E-015 ) ) ;
#3525 = EDGE_CURVE ( 'NONE', #1680, #1331, #1622, .T. ) ;
#3526 = PRESENTATION_LAYER_ASSIGNMENT (  '', '', ( #2862 ) ) ;
#3527 = ORIENTED_EDGE ( 'NONE', *, *, #1818, .F. ) ;
#3528 = LINE ( 'NONE', #508, #3377 ) ;
#3529 = CARTESIAN_POINT ( 'NONE',  ( 0.3499999999999980900, 0.1270000000000000000, -0.5000000000000012200 ) ) ;
#3530 = PLANE ( 'NONE',  #1534 ) ;
#3531 = EDGE_CURVE ( 'NONE', #1374, #2664, #1891, .T. ) ;
#3532 = VERTEX_POINT ( 'NONE', #4163 ) ;
#3533 = LINE ( 'NONE', #1001, #252 ) ;
#3534 = CARTESIAN_POINT ( 'NONE',  ( 0.8499999999999975400, 0.6655164807134507100, -0.7000000000000032900 ) ) ;
#3535 = ORIENTED_EDGE ( 'NONE', *, *, #1523, .F. ) ;
#3536 = LINE ( 'NONE', #164, #3029 ) ;
#3537 = EDGE_LOOP ( 'NONE', ( #3991, #1867, #4158, #541 ) ) ;
#3538 = EDGE_LOOP ( 'NONE', ( #2554, #4248, #880, #3546 ) ) ;
#3539 = PLANE ( 'NONE',  #1162 ) ;
#3540 = ORIENTED_EDGE ( 'NONE', *, *, #2831, .F. ) ;
#3541 = CARTESIAN_POINT ( 'NONE',  ( 0.3500000000000001400, 0.6655164807134507100, 0.09999999999999850700 ) ) ;
#3542 = DIRECTION ( 'NONE',  ( -1.000000000000000000, 1.807003620809174600E-016, 3.491481338843133400E-015 ) ) ;
#3543 = VECTOR ( 'NONE', #466, 1000.000000000000000 ) ;
#3544 = EDGE_CURVE ( 'NONE', #440, #4165, #2641, .T. ) ;
#3545 = CARTESIAN_POINT ( 'NONE',  ( -0.6990214479611996900, 0.4500000000000000100, -0.7897957293225819100 ) ) ;
#3546 = ORIENTED_EDGE ( 'NONE', *, *, #1986, .T. ) ;
#3547 = DIRECTION ( 'NONE',  ( 4.358843076831536900E-015, 0.0000000000000000000, 1.000000000000000000 ) ) ;
#3548 = STYLED_ITEM ( 'NONE', ( #2258 ), #548 ) ;
#3549 = LINE ( 'NONE', #659, #3099 ) ;
#3550 = DIRECTION ( 'NONE',  ( 1.000000000000000000, 0.0000000000000000000, -4.358843076831536900E-015 ) ) ;
#3551 = CARTESIAN_POINT ( 'NONE',  ( 0.8499999999999968700, 0.1270000000000000000, -0.9000000000000033500 ) ) ;
#3552 = ORIENTED_EDGE ( 'NONE', *, *, #245, .T. ) ;
#3553 = ORIENTED_EDGE ( 'NONE', *, *, #1532, .T. ) ;
#3554 = CARTESIAN_POINT ( 'NONE',  ( 0.0000000000000000000, 0.1270000000000000000, 0.0000000000000000000 ) ) ;
#3555 = CARTESIAN_POINT ( 'NONE',  ( -0.8500000000000027500, 0.0000000000000000000, -0.8999999999999974700 ) ) ;
#3556 = ORIENTED_EDGE ( 'NONE', *, *, #1444, .F. ) ;
#3557 = ORIENTED_EDGE ( 'NONE', *, *, #2088, .T. ) ;
#3558 = VECTOR ( 'NONE', #1265, 1000.000000000000000 ) ;
#3559 = ORIENTED_EDGE ( 'NONE', *, *, #2223, .T. ) ;
#3560 = DIRECTION ( 'NONE',  ( 1.000000000000000000, 0.0000000000000000000, -4.358843076831536900E-015 ) ) ;
#3561 = ORIENTED_EDGE ( 'NONE', *, *, #1919, .F. ) ;
#3562 = DIRECTION ( 'NONE',  ( 0.0000000000000000000, -1.000000000000000000, -0.0000000000000000000 ) ) ;
#3563 = VECTOR ( 'NONE', #266, 1000.000000000000000 ) ;
#3564 = EDGE_LOOP ( 'NONE', ( #2959, #3935, #610, #2007 ) ) ;
#3565 = CARTESIAN_POINT ( 'NONE',  ( 0.5000000000000028900, 0.1269999999999999700, 0.9499999999999982900 ) ) ;
#3566 = LINE ( 'NONE', #3872, #1075 ) ;
#3567 = LINE ( 'NONE', #3108, #3247 ) ;
#3568 = PLANE ( 'NONE',  #3281 ) ;
#3569 = LINE ( 'NONE', #506, #3792 ) ;
#3570 = EDGE_CURVE ( 'NONE', #2061, #2155, #736, .T. ) ;
#3571 = EDGE_CURVE ( 'NONE', #925, #605, #3590, .T. ) ;
#3572 = ADVANCED_FACE ( 'NONE', ( #4343 ), #3243, .T. ) ;
#3573 = DIRECTION ( 'NONE',  ( 1.000000000000000000, 0.0000000000000000000, -4.358843076831536900E-015 ) ) ;
#3574 = FACE_OUTER_BOUND ( 'NONE', #370, .T. ) ;
#3575 = DIRECTION ( 'NONE',  ( 3.491481338843133400E-015, 0.0000000000000000000, 1.000000000000000000 ) ) ;
#3576 = EDGE_CURVE ( 'NONE', #346, #4403, #2763, .T. ) ;
#3577 = VECTOR ( 'NONE', #4019, 1000.000000000000000 ) ;
#3578 = AXIS2_PLACEMENT_3D ( 'NONE', #3118, #3440, #3091 ) ;
#3579 = LINE ( 'NONE', #655, #1764 ) ;
#3580 = CARTESIAN_POINT ( 'NONE',  ( 0.5000000000000028900, 0.1269999999999999700, 0.9499999999999982900 ) ) ;
#3581 = PLANE ( 'NONE',  #1695 ) ;
#3582 = ORIENTED_EDGE ( 'NONE', *, *, #4038, .T. ) ;
#3583 = VECTOR ( 'NONE', #2915, 1000.000000000000000 ) ;
#3584 = CARTESIAN_POINT ( 'NONE',  ( -0.3499999999999978700, 0.1270000000000000000, 0.5000000000000010000 ) ) ;
#3585 = ORIENTED_EDGE ( 'NONE', *, *, #3645, .F. ) ;
#3586 = AXIS2_PLACEMENT_3D ( 'NONE', #2627, #2999, #612 ) ;
#3587 = CARTESIAN_POINT ( 'NONE',  ( -0.3499999999999978700, 0.1269999999999999500, 0.5000000000000010000 ) ) ;
#3588 = CARTESIAN_POINT ( 'NONE',  ( 0.8500000000000012000, 0.0000000000000000000, 0.2999999999999966600 ) ) ;
#3589 = CARTESIAN_POINT ( 'NONE',  ( -0.4999999999999962300, 0.1269999999999999700, 0.9500000000000017300 ) ) ;
#3590 = LINE ( 'NONE', #161, #2164 ) ;
#3591 = ADVANCED_FACE ( 'NONE', ( #3288 ), #2582, .T. ) ;
#3592 = CARTESIAN_POINT ( 'NONE',  ( -0.3500000000000013700, 0.1269999999999999500, -0.4999999999999988300 ) ) ;
#3593 = DIRECTION ( 'NONE',  ( -1.000000000000000000, -0.0000000000000000000, 4.358843076831536900E-015 ) ) ;
#3594 = VECTOR ( 'NONE', #2288, 1000.000000000000000 ) ;
#3595 = CARTESIAN_POINT ( 'NONE',  ( 0.3499999999999995300, 0.0000000000000000000, -0.1000000000000011600 ) ) ;
#3596 = EDGE_CURVE ( 'NONE', #168, #2953, #2052, .T. ) ;
#3597 = CARTESIAN_POINT ( 'NONE',  ( 0.3499999999999980900, 0.1270000000000000000, -0.5000000000000012200 ) ) ;
#3598 = DIRECTION ( 'NONE',  ( -1.000000000000000000, 0.0000000000000000000, 3.491481338843133400E-015 ) ) ;
#3599 = EDGE_CURVE ( 'NONE', #2049, #2239, #100, .T. ) ;
#3600 = PLANE ( 'NONE',  #2498 ) ;
#3601 = CARTESIAN_POINT ( 'NONE',  ( 0.8499999999999983100, 0.6655164807134507100, -0.5000000000000033300 ) ) ;
#3602 = DIRECTION ( 'NONE',  ( -1.000000000000000000, 0.0000000000000000000, 3.491481338843133400E-015 ) ) ;
#3603 = EDGE_CURVE ( 'NONE', #4126, #1016, #4132, .T. ) ;
#3604 = VECTOR ( 'NONE', #1940, 1000.000000000000000 ) ;
#3605 = ORIENTED_EDGE ( 'NONE', *, *, #1161, .F. ) ;
#3606 = EDGE_LOOP ( 'NONE', ( #944, #69, #1460, #3198 ) ) ;
#3607 = VECTOR ( 'NONE', #3562, 1000.000000000000000 ) ;
#3608 = FILL_AREA_STYLE ('',( #3346 ) ) ;
#3609 = CARTESIAN_POINT ( 'NONE',  ( 0.3499999999999988100, 0.0000000000000000000, -0.3000000000000016000 ) ) ;
#3610 = EDGE_LOOP ( 'NONE', ( #3234, #3768, #411, #3556 ) ) ;
#3611 = EDGE_CURVE ( 'NONE', #328, #1806, #3437, .T. ) ;
#3612 = AXIS2_PLACEMENT_3D ( 'NONE', #633, #3696, #624 ) ;
#3613 = VERTEX_POINT ( 'NONE', #3555 ) ;
#3614 = ORIENTED_EDGE ( 'NONE', *, *, #3027, .F. ) ;
#3615 = LINE ( 'NONE', #531, #14 ) ;
#3616 = CARTESIAN_POINT ( 'NONE',  ( 0.0000000000000000000, 0.1270000000000000000, 0.0000000000000000000 ) ) ;
#3617 = ORIENTED_EDGE ( 'NONE', *, *, #462, .F. ) ;
#3618 = EDGE_LOOP ( 'NONE', ( #1026, #2502, #3617, #3435 ) ) ;
#3619 = AXIS2_PLACEMENT_3D ( 'NONE', #1335, #4402, #1044 ) ;
#3620 = CARTESIAN_POINT ( 'NONE',  ( -2.793185071074506700E-015, 0.1270000000000000000, -0.8000000000000000400 ) ) ;
#3621 = CARTESIAN_POINT ( 'NONE',  ( 0.8499999999999997600, 0.1270000000000000000, -0.1000000000000033400 ) ) ;
#3622 = CARTESIAN_POINT ( 'NONE',  ( -0.3499999999999999200, 0.0000000000000000000, -0.09999999999999871500 ) ) ;
#3623 = LINE ( 'NONE', #2287, #2410 ) ;
#3624 = DIRECTION ( 'NONE',  ( -1.000000000000000000, 0.0000000000000000000, 3.491481338843133400E-015 ) ) ;
#3625 = PLANE ( 'NONE',  #2871 ) ;
#3626 = COLOUR_RGB ( '',0.7921568627450980000, 0.8196078431372548800, 0.9333333333333333500 ) ;
#3627 = FILL_AREA_STYLE_COLOUR ( '', #1665 ) ;
#3628 = ORIENTED_EDGE ( 'NONE', *, *, #1210, .T. ) ;
#3629 = LINE ( 'NONE', #2490, #4064 ) ;
#3630 = AXIS2_PLACEMENT_3D ( 'NONE', #1477, #3859, #1466 ) ;
#3631 = CARTESIAN_POINT ( 'NONE',  ( 0.5000000000000030000, 0.1269999999999998900, 0.9999999999999983300 ) ) ;
#3632 = SURFACE_SIDE_STYLE ('',( #2262 ) ) ;
#3633 = SURFACE_STYLE_USAGE ( .BOTH. , #2933 ) ;
#3634 = ORIENTED_EDGE ( 'NONE', *, *, #1756, .F. ) ;
#3635 = FACE_OUTER_BOUND ( 'NONE', #2201, .T. ) ;
#3636 = VERTEX_POINT ( 'NONE', #3257 ) ;
#3637 = AXIS2_PLACEMENT_3D ( 'NONE', #938, #3006, #2701 ) ;
#3638 = LINE ( 'NONE', #2495, #1566 ) ;
#3639 = CARTESIAN_POINT ( 'NONE',  ( 0.8500000000000025300, 0.1270000000000000000, 0.6999999999999967400 ) ) ;
#3640 = ORIENTED_EDGE ( 'NONE', *, *, #3525, .F. ) ;
#3641 = ORIENTED_EDGE ( 'NONE', *, *, #112, .F. ) ;
#3642 = ORIENTED_EDGE ( 'NONE', *, *, #505, .T. ) ;
#3643 = FACE_OUTER_BOUND ( 'NONE', #3965, .T. ) ;
#3644 =( LENGTH_UNIT ( ) NAMED_UNIT ( * ) SI_UNIT ( .MILLI., .METRE. ) );
#3645 = EDGE_CURVE ( 'NONE', #2946, #4403, #4242, .T. ) ;
#3646 = ADVANCED_FACE ( 'NONE', ( #1364 ), #834, .T. ) ;
#3647 = ORIENTED_EDGE ( 'NONE', *, *, #868, .T. ) ;
#3648 = CARTESIAN_POINT ( 'NONE',  ( 3.142333204958819200E-015, 0.05000000000000000300, 0.8999999999999998000 ) ) ;
#3649 = CARTESIAN_POINT ( 'NONE',  ( -0.8500000000000030900, 0.05000000000000000300, -0.9999999999999970000 ) ) ;
#3650 = ORIENTED_EDGE ( 'NONE', *, *, #2997, .F. ) ;
#3651 = VECTOR ( 'NONE', #1584, 1000.000000000000000 ) ;
#3652 = LINE ( 'NONE', #1272, #2991 ) ;
#3653 = EDGE_CURVE ( 'NONE', #2678, #681, #4187, .T. ) ;
#3654 = DIRECTION ( 'NONE',  ( -0.0000000000000000000, -1.000000000000000000, 0.0000000000000000000 ) ) ;
#3655 = ORIENTED_EDGE ( 'NONE', *, *, #1023, .T. ) ;
#3656 = VECTOR ( 'NONE', #1793, 1000.000000000000000 ) ;
#3657 = ORIENTED_EDGE ( 'NONE', *, *, #510, .F. ) ;
#3658 = DIRECTION ( 'NONE',  ( 1.000000000000000000, 0.0000000000000000000, -3.491481338843133400E-015 ) ) ;
#3659 = CARTESIAN_POINT ( 'NONE',  ( 0.3500000000000022500, 0.6655164807134507100, 0.6999999999999989600 ) ) ;
#3660 = VERTEX_POINT ( 'NONE', #3214 ) ;
#3661 = SURFACE_SIDE_STYLE ('',( #288 ) ) ;
#3662 = CARTESIAN_POINT ( 'NONE',  ( -0.5272618704128497800, 0.4500000000000000100, -0.7897957293225824600 ) ) ;
#3663 = AXIS2_PLACEMENT_3D ( 'NONE', #733, #719, #1392 ) ;
#3664 = ORIENTED_EDGE ( 'NONE', *, *, #3092, .F. ) ;
#3665 = COLOUR_RGB ( '',0.7921568627450980000, 0.8196078431372548800, 0.9333333333333333500 ) ;
#3666 = ORIENTED_EDGE ( 'NONE', *, *, #386, .F. ) ;
#3667 = ADVANCED_FACE ( 'NONE', ( #1833 ), #1844, .T. ) ;
#3668 = VERTEX_POINT ( 'NONE', #1565 ) ;
#3669 = CARTESIAN_POINT ( 'NONE',  ( 0.5000000000000028900, 0.1269999999999999700, 0.9499999999999982900 ) ) ;
#3670 = DIRECTION ( 'NONE',  ( 3.491481338843133400E-015, 0.0000000000000000000, 1.000000000000000000 ) ) ;
#3671 = ORIENTED_EDGE ( 'NONE', *, *, #4345, .F. ) ;
#3672 = LINE ( 'NONE', #1991, #437 ) ;
#3673 = EDGE_CURVE ( 'NONE', #3385, #3932, #2706, .T. ) ;
#3674 = ORIENTED_EDGE ( 'NONE', *, *, #3603, .T. ) ;
#3675 = LINE ( 'NONE', #3769, #2076 ) ;
#3676 = ORIENTED_EDGE ( 'NONE', *, *, #3308, .F. ) ;
#3677 = PLANE ( 'NONE',  #2270 ) ;
#3678 = CARTESIAN_POINT ( 'NONE',  ( 0.4999999999999962300, 0.07699999999999997100, -0.9500000000000017300 ) ) ;
#3679 = DIRECTION ( 'NONE',  ( 3.491481338843133400E-015, 0.0000000000000000000, 1.000000000000000000 ) ) ;
#3680 = LINE ( 'NONE', #879, #2856 ) ;
#3681 = CARTESIAN_POINT ( 'NONE',  ( 0.3499999999999973700, 0.1269999999999999500, -0.7000000000000015100 ) ) ;
#3682 = VERTEX_POINT ( 'NONE', #2901 ) ;
#3683 = LINE ( 'NONE', #3703, #2414 ) ;
#3684 = EDGE_CURVE ( 'NONE', #2503, #346, #1781, .T. ) ;
#3685 = VECTOR ( 'NONE', #23, 1000.000000000000000 ) ;
#3686 = VECTOR ( 'NONE', #3062, 1000.000000000000000 ) ;
#3687 = ADVANCED_FACE ( 'NONE', ( #1260 ), #1168, .T. ) ;
#3688 = CARTESIAN_POINT ( 'NONE',  ( -0.8500000000000007500, 0.1269999999999999500, -0.2999999999999973800 ) ) ;
#3689 = VERTEX_POINT ( 'NONE', #3545 ) ;
#3690 = FACE_OUTER_BOUND ( 'NONE', #2428, .T. ) ;
#3691 = AXIS2_PLACEMENT_3D ( 'NONE', #1407, #3735, #2775 ) ;
#3692 = DIRECTION ( 'NONE',  ( -3.491481338843133400E-015, 0.0000000000000000000, -1.000000000000000000 ) ) ;
#3693 = VECTOR ( 'NONE', #2025, 1000.000000000000000 ) ;
#3694 = ORIENTED_EDGE ( 'NONE', *, *, #3216, .T. ) ;
#3695 = AXIS2_PLACEMENT_3D ( 'NONE', #2542, #513, #1160 ) ;
#3696 = DIRECTION ( 'NONE',  ( -1.000000000000000000, 0.0000000000000000000, 3.708321773340234200E-015 ) ) ;
#3697 = ORIENTED_EDGE ( 'NONE', *, *, #3350, .F. ) ;
#3698 = MANIFOLD_SOLID_BREP ( 'Body-Move/Copy1[3]', #1019 ) ;
#3699 = VECTOR ( 'NONE', #3500, 1000.000000000000000 ) ;
#3700 = DIRECTION ( 'NONE',  ( 3.491481338843133400E-015, 0.0000000000000000000, 1.000000000000000000 ) ) ;
#3701 = AXIS2_PLACEMENT_3D ( 'NONE', #2708, #3700, #1345 ) ;
#3702 = LINE ( 'NONE', #1652, #2824 ) ;
#3703 = CARTESIAN_POINT ( 'NONE',  ( -0.8500000000000007500, 0.1270000000000000000, -0.2999999999999973800 ) ) ;
#3704 = DIRECTION ( 'NONE',  ( 0.0000000000000000000, 1.000000000000000000, 0.0000000000000000000 ) ) ;
#3705 = CARTESIAN_POINT ( 'NONE',  ( 0.3499999999999973700, 0.04999999999999999600, -0.7000000000000015100 ) ) ;
#3706 = DIRECTION ( 'NONE',  ( -1.000000000000000000, -1.807003620809174900E-016, 3.491481338843133400E-015 ) ) ;
#3707 = VECTOR ( 'NONE', #1752, 1000.000000000000000 ) ;
#3708 = ADVANCED_FACE ( 'NONE', ( #3643 ), #3969, .T. ) ;
#3709 = ORIENTED_EDGE ( 'NONE', *, *, #4022, .F. ) ;
#3710 = ORIENTED_EDGE ( 'NONE', *, *, #2072, .F. ) ;
#3711 = EDGE_CURVE ( 'NONE', #2320, #925, #2818, .T. ) ;
#3712 = ORIENTED_EDGE ( 'NONE', *, *, #2520, .F. ) ;
#3713 = FILL_AREA_STYLE_COLOUR ( '', #4051 ) ;
#3714 = EDGE_CURVE ( 'NONE', #2424, #1777, #3235, .T. ) ;
#3715 = LINE ( 'NONE', #2497, #1222 ) ;
#3716 = VERTEX_POINT ( 'NONE', #915 ) ;
#3717 = ORIENTED_EDGE ( 'NONE', *, *, #2880, .F. ) ;
#3718 = VECTOR ( 'NONE', #1417, 1000.000000000000000 ) ;
#3719 = VERTEX_POINT ( 'NONE', #1261 ) ;
#3720 = CARTESIAN_POINT ( 'NONE',  ( -0.3500000000000006400, 0.1270000000000000000, -0.2999999999999991000 ) ) ;
#3721 = CARTESIAN_POINT ( 'NONE',  ( 0.4999999999999967800, 0.1269999999999999700, -0.7918861169915827300 ) ) ;
#3722 = AXIS2_PLACEMENT_3D ( 'NONE', #1011, #1388, #3398 ) ;
#3723 = ORIENTED_EDGE ( 'NONE', *, *, #422, .T. ) ;
#3724 = VECTOR ( 'NONE', #353, 1000.000000000000000 ) ;
#3725 = CARTESIAN_POINT ( 'NONE',  ( -0.3499999999999978700, 0.04999999999999999600, 0.5000000000000010000 ) ) ;
#3726 = EDGE_CURVE ( 'NONE', #1251, #3795, #2376, .T. ) ;
#3727 = AXIS2_PLACEMENT_3D ( 'NONE', #3332, #302, #986 ) ;
#3728 = LINE ( 'NONE', #708, #3893 ) ;
#3729 = LINE ( 'NONE', #2874, #3894 ) ;
#3730 = CARTESIAN_POINT ( 'NONE',  ( 0.3499999999999967000, 0.6655164807134507100, -0.9000000000000011300 ) ) ;
#3731 = ORIENTED_EDGE ( 'NONE', *, *, #560, .F. ) ;
#3732 = ADVANCED_FACE ( 'NONE', ( #576 ), #467, .T. ) ;
#3733 = FILL_AREA_STYLE ('',( #1363 ) ) ;
#3734 = LINE ( 'NONE', #2265, #1402 ) ;
#3735 = DIRECTION ( 'NONE',  ( -3.491481338843133400E-015, 0.0000000000000000000, -1.000000000000000000 ) ) ;
#3736 = DIRECTION ( 'NONE',  ( 1.000000000000000000, 0.0000000000000000000, -3.491481338843133400E-015 ) ) ;
#3737 = EDGE_LOOP ( 'NONE', ( #3285, #2508, #968, #2169 ) ) ;
#3738 = LINE ( 'NONE', #477, #2091 ) ;
#3739 = EDGE_LOOP ( 'NONE', ( #4400, #628, #2886, #179 ) ) ;
#3740 = SURFACE_STYLE_FILL_AREA ( #40 ) ;
#3741 =( NAMED_UNIT ( * ) SI_UNIT ( $, .STERADIAN. ) SOLID_ANGLE_UNIT ( ) );
#3742 = EDGE_CURVE ( 'NONE', #3636, #591, #1149, .T. ) ;
#3743 = ORIENTED_EDGE ( 'NONE', *, *, #2758, .T. ) ;
#3744 = DIRECTION ( 'NONE',  ( -3.491481338843133700E-015, 0.0000000000000000000, -1.000000000000000000 ) ) ;
#3745 = VECTOR ( 'NONE', #2331, 1000.000000000000000 ) ;
#3746 = ORIENTED_EDGE ( 'NONE', *, *, #2610, .F. ) ;
#3747 = EDGE_CURVE ( 'NONE', #2946, #1556, #2873, .T. ) ;
#3748 = MECHANICAL_DESIGN_GEOMETRIC_PRESENTATION_REPRESENTATION (  '', ( #2862 ), #156 ) ;
#3749 = VECTOR ( 'NONE', #2237, 1000.000000000000000 ) ;
#3750 = DIRECTION ( 'NONE',  ( -3.491481338843133400E-015, 0.0000000000000000000, -1.000000000000000000 ) ) ;
#3751 = DIRECTION ( 'NONE',  ( 0.0000000000000000000, -1.000000000000000000, -0.0000000000000000000 ) ) ;
#3752 = EDGE_LOOP ( 'NONE', ( #1639, #2325, #4337, #3978 ) ) ;
#3753 = ORIENTED_EDGE ( 'NONE', *, *, #1922, .F. ) ;
#3754 = MANIFOLD_SOLID_BREP ( 'Body-Move/Copy1[5]', #126 ) ;
#3755 = LINE ( 'NONE', #111, #2877 ) ;
#3756 = ADVANCED_FACE ( 'NONE', ( #1945 ), #4336, .F. ) ;
#3757 = EDGE_CURVE ( 'NONE', #2290, #1230, #1776, .T. ) ;
#3758 = AXIS2_PLACEMENT_3D ( 'NONE', #48, #2768, #1664 ) ;
#3759 = CARTESIAN_POINT ( 'NONE',  ( 0.8499999999999983100, 0.0000000000000000000, -0.5000000000000033300 ) ) ;
#3760 = DIRECTION ( 'NONE',  ( 0.0000000000000000000, -1.000000000000000000, -0.0000000000000000000 ) ) ;
#3761 = VECTOR ( 'NONE', #967, 1000.000000000000000 ) ;
#3762 = DIRECTION ( 'NONE',  ( 3.491481338843133700E-015, 0.0000000000000000000, 1.000000000000000000 ) ) ;
#3763 = VERTEX_POINT ( 'NONE', #1609 ) ;
#3764 = CARTESIAN_POINT ( 'NONE',  ( 0.8499999999999968700, 0.1269999999999999500, -0.9000000000000033500 ) ) ;
#3765 = VECTOR ( 'NONE', #1634, 1000.000000000000000 ) ;
#3766 = SURFACE_STYLE_USAGE ( .BOTH. , #4104 ) ;
#3767 = DIRECTION ( 'NONE',  ( 0.0000000000000000000, 0.0000000000000000000, 1.000000000000000000 ) ) ;
#3768 = ORIENTED_EDGE ( 'NONE', *, *, #1960, .F. ) ;
#3769 = CARTESIAN_POINT ( 'NONE',  ( 0.8500000000000044200, 3.624880949681338600, 0.9999999999999970000 ) ) ;
#3770 = DIRECTION ( 'NONE',  ( -0.0000000000000000000, -1.000000000000000000, 0.0000000000000000000 ) ) ;
#3771 = VECTOR ( 'NONE', #365, 1000.000000000000000 ) ;
#3772 = EDGE_CURVE ( 'NONE', #1230, #46, #1304, .T. ) ;
#3773 = ORIENTED_EDGE ( 'NONE', *, *, #599, .T. ) ;
#3774 = VERTEX_POINT ( 'NONE', #4014 ) ;
#3775 = CARTESIAN_POINT ( 'NONE',  ( 0.3499999999999963100, 0.1269999999999999500, -0.9500000000000011800 ) ) ;
#3776 = DIRECTION ( 'NONE',  ( 0.0000000000000000000, -1.000000000000000000, 0.0000000000000000000 ) ) ;
#3777 = LINE ( 'NONE', #1058, #2668 ) ;
#3778 = VERTEX_POINT ( 'NONE', #1298 ) ;
#3779 = VERTEX_POINT ( 'NONE', #3300 ) ;
#3780 = PLANE ( 'NONE',  #4303 ) ;
#3781 = AXIS2_PLACEMENT_3D ( 'NONE', #1765, #4159, #2115 ) ;
#3782 = PLANE ( 'NONE',  #4383 ) ;
#3783 = LINE ( 'NONE', #3897, #381 ) ;
#3784 = ADVANCED_FACE ( 'NONE', ( #2920 ), #1950, .F. ) ;
#3785 = DIRECTION ( 'NONE',  ( -3.491481338843133400E-015, 0.0000000000000000000, -1.000000000000000000 ) ) ;
#3786 = VERTEX_POINT ( 'NONE', #945 ) ;
#3787 = LINE ( 'NONE', #1167, #500 ) ;
#3788 =( LENGTH_UNIT ( ) NAMED_UNIT ( * ) SI_UNIT ( .MILLI., .METRE. ) );
#3789 = EDGE_CURVE ( 'NONE', #3355, #4077, #3908, .T. ) ;
#3790 = VERTEX_POINT ( 'NONE', #1012 ) ;
#3791 = ORIENTED_EDGE ( 'NONE', *, *, #626, .T. ) ;
#3792 = VECTOR ( 'NONE', #2908, 1000.000000000000000 ) ;
#3793 =( LENGTH_UNIT ( ) NAMED_UNIT ( * ) SI_UNIT ( .MILLI., .METRE. ) );
#3794 = DIRECTION ( 'NONE',  ( 0.0000000000000000000, 1.000000000000000000, 0.0000000000000000000 ) ) ;
#3795 = VERTEX_POINT ( 'NONE', #1327 ) ;
#3796 = LINE ( 'NONE', #325, #1084 ) ;
#3797 = DIRECTION ( 'NONE',  ( 3.491481338843133400E-015, 0.0000000000000000000, 1.000000000000000000 ) ) ;
#3798 = CARTESIAN_POINT ( 'NONE',  ( -0.3500000000000006400, 0.1270000000000000000, -0.2999999999999991000 ) ) ;
#3799 = CARTESIAN_POINT ( 'NONE',  ( -0.8499999999999957600, 0.05000000000000000300, 1.000000000000003100 ) ) ;
#3800 = LINE ( 'NONE', #2809, #1458 ) ;
#3801 = CARTESIAN_POINT ( 'NONE',  ( 0.8499999999999968700, 0.0000000000000000000, -0.9000000000000033500 ) ) ;
#3802 = ORIENTED_EDGE ( 'NONE', *, *, #1930, .F. ) ;
#3803 = ORIENTED_EDGE ( 'NONE', *, *, #2422, .T. ) ;
#3804 = ADVANCED_FACE ( 'NONE', ( #1360 ), #1668, .F. ) ;
#3805 = CARTESIAN_POINT ( 'NONE',  ( -0.8499999999999970900, 0.1270000000000000000, 0.7000000000000026200 ) ) ;
#3806 = ORIENTED_EDGE ( 'NONE', *, *, #202, .T. ) ;
#3807 = VECTOR ( 'NONE', #2372, 1000.000000000000000 ) ;
#3808 = EDGE_CURVE ( 'NONE', #2261, #4126, #1662, .T. ) ;
#3809 = DIRECTION ( 'NONE',  ( -3.491481338843133400E-015, 0.0000000000000000000, -1.000000000000000000 ) ) ;
#3810 = CARTESIAN_POINT ( 'NONE',  ( -0.8499999999999970900, 0.1269999999999999500, 0.7000000000000026200 ) ) ;
#3811 = LINE ( 'NONE', #709, #2329 ) ;
#3812 = ORIENTED_EDGE ( 'NONE', *, *, #90, .F. ) ;
#3813 = PLANE ( 'NONE',  #3781 ) ;
#3814 = CARTESIAN_POINT ( 'NONE',  ( -0.3500000000000030900, 0.1270000000000000000, -0.9999999999999986700 ) ) ;
#3815 = VECTOR ( 'NONE', #3343, 1000.000000000000000 ) ;
#3816 = DIRECTION ( 'NONE',  ( -3.491481338843133400E-015, 0.0000000000000000000, -1.000000000000000000 ) ) ;
#3817 = ORIENTED_EDGE ( 'NONE', *, *, #4268, .F. ) ;
#3818 = PRESENTATION_LAYER_ASSIGNMENT (  '', '', ( #407 ) ) ;
#3819 = DIRECTION ( 'NONE',  ( 3.491481338843133400E-015, 0.0000000000000000000, 1.000000000000000000 ) ) ;
#3820 = LINE ( 'NONE', #3, #2004 ) ;
#3821 = ORIENTED_EDGE ( 'NONE', *, *, #3110, .F. ) ;
#3822 =( NAMED_UNIT ( * ) PLANE_ANGLE_UNIT ( ) SI_UNIT ( $, .RADIAN. ) );
#3823 = ORIENTED_EDGE ( 'NONE', *, *, #282, .T. ) ;
#3824 = ADVANCED_FACE ( 'NONE', ( #3960, #1250 ), #996, .F. ) ;
#3825 = DIRECTION ( 'NONE',  ( -3.708321773340234200E-015, 0.0000000000000000000, -1.000000000000000000 ) ) ;
#3826 = EDGE_LOOP ( 'NONE', ( #2765, #3731, #485, #1277 ) ) ;
#3827 = LINE ( 'NONE', #4170, #2283 ) ;
#3828 = ORIENTED_EDGE ( 'NONE', *, *, #2595, .F. ) ;
#3829 = DIRECTION ( 'NONE',  ( 3.491481338843133700E-015, 0.0000000000000000000, 1.000000000000000000 ) ) ;
#3830 = VERTEX_POINT ( 'NONE', #638 ) ;
#3831 = EDGE_CURVE ( 'NONE', #2780, #2986, #4287, .T. ) ;
#3832 = COLOUR_RGB ( '',0.7921568627450980000, 0.8196078431372548800, 0.9333333333333333500 ) ;
#3833 = ORIENTED_EDGE ( 'NONE', *, *, #3381, .T. ) ;
#3834 = CARTESIAN_POINT ( 'NONE',  ( -0.3499999999999985900, 0.1270000000000000000, 0.3000000000000013200 ) ) ;
#3835 = ORIENTED_EDGE ( 'NONE', *, *, #1748, .T. ) ;
#3836 = CARTESIAN_POINT ( 'NONE',  ( 0.4999999999999961100, 0.1269999999999999700, -1.000000000000001800 ) ) ;
#3837 = PLANE ( 'NONE',  #497 ) ;
#3838 = ORIENTED_EDGE ( 'NONE', *, *, #3714, .T. ) ;
#3839 = LINE ( 'NONE', #846, #3003 ) ;
#3840 = VECTOR ( 'NONE', #3941, 1000.000000000000000 ) ;
#3841 = FACE_OUTER_BOUND ( 'NONE', #1463, .T. ) ;
#3842 = EDGE_LOOP ( 'NONE', ( #2407, #1512, #4357, #482 ) ) ;
#3843 = CARTESIAN_POINT ( 'NONE',  ( -0.8500000000000013100, 0.0000000000000000000, -0.4999999999999975000 ) ) ;
#3844 = CARTESIAN_POINT ( 'NONE',  ( 0.3500000000000008700, 0.0000000000000000000, 0.2999999999999988200 ) ) ;
#3845 = CARTESIAN_POINT ( 'NONE',  ( 0.3499999999999995300, 0.1270000000000000000, -0.1000000000000011600 ) ) ;
#3846 = FACE_BOUND ( 'NONE', #404, .T. ) ;
#3847 = ADVANCED_FACE ( 'NONE', ( #2815 ), #3035, .F. ) ;
#3848 = ORIENTED_EDGE ( 'NONE', *, *, #1656, .F. ) ;
#3849 = DIRECTION ( 'NONE',  ( -3.491481338843133400E-015, 0.0000000000000000000, -1.000000000000000000 ) ) ;
#3850 = LINE ( 'NONE', #1563, #196 ) ;
#3851 = CARTESIAN_POINT ( 'NONE',  ( -0.6131416591870246800, 0.4500000000000000100, -0.7897957293225821300 ) ) ;
#3852 = PRESENTATION_LAYER_ASSIGNMENT (  '', '', ( #2659 ) ) ;
#3853 = ORIENTED_EDGE ( 'NONE', *, *, #4407, .F. ) ;
#3854 = FACE_OUTER_BOUND ( 'NONE', #447, .T. ) ;
#3855 = CARTESIAN_POINT ( 'NONE',  ( -3.316907271900976700E-015, 0.0000000000000000000, -0.9499999999999999600 ) ) ;
#3856 = ORIENTED_EDGE ( 'NONE', *, *, #3996, .F. ) ;
#3857 = CARTESIAN_POINT ( 'NONE',  ( 0.5000000000000028900, 0.1269999999999999700, 0.9499999999999982900 ) ) ;
#3858 = LINE ( 'NONE', #4168, #2977 ) ;
#3859 = DIRECTION ( 'NONE',  ( 4.358843076831536900E-015, 0.0000000000000000000, 1.000000000000000000 ) ) ;
#3860 = CARTESIAN_POINT ( 'NONE',  ( -0.3499999999999978700, 0.0000000000000000000, 0.5000000000000010000 ) ) ;
#3861 = DIRECTION ( 'NONE',  ( 4.358843076831536900E-015, 0.0000000000000000000, 1.000000000000000000 ) ) ;
#3862 = ORIENTED_EDGE ( 'NONE', *, *, #58, .F. ) ;
#3863 = ORIENTED_EDGE ( 'NONE', *, *, #3653, .F. ) ;
#3864 = ORIENTED_EDGE ( 'NONE', *, *, #1227, .F. ) ;
#3865 = CARTESIAN_POINT ( 'NONE',  ( -0.4999999999999962300, 0.07699999999999997100, 0.9500000000000017300 ) ) ;
#3866 = DIRECTION ( 'NONE',  ( 3.708321773340234200E-015, 0.0000000000000000000, 1.000000000000000000 ) ) ;
#3867 = AXIS2_PLACEMENT_3D ( 'NONE', #2899, #1547, #1857 ) ;
#3868 = FACE_OUTER_BOUND ( 'NONE', #853, .T. ) ;
#3869 = DIRECTION ( 'NONE',  ( -1.000000000000000000, 0.0000000000000000000, 3.491481338843133400E-015 ) ) ;
#3870 = CARTESIAN_POINT ( 'NONE',  ( -0.3500000000000013700, 0.6655164807134507100, -0.4999999999999988300 ) ) ;
#3871 = DIRECTION ( 'NONE',  ( -3.491481338843133400E-015, 0.0000000000000000000, -1.000000000000000000 ) ) ;
#3872 = CARTESIAN_POINT ( 'NONE',  ( -0.8500000000000020900, 0.6655164807134507100, -0.6999999999999974000 ) ) ;
#3873 = DIRECTION ( 'NONE',  ( 0.0000000000000000000, 1.000000000000000000, 0.0000000000000000000 ) ) ;
#3874 = VECTOR ( 'NONE', #1234, 1000.000000000000000 ) ;
#3875 = EDGE_CURVE ( 'NONE', #3348, #2064, #3177, .T. ) ;
#3876 = MECHANICAL_DESIGN_GEOMETRIC_PRESENTATION_REPRESENTATION (  '', ( #2484 ), #3260 ) ;
#3877 = EDGE_LOOP ( 'NONE', ( #2196, #3100, #1827, #2790 ) ) ;
#3878 = DIRECTION ( 'NONE',  ( -0.0000000000000000000, -1.000000000000000000, 0.0000000000000000000 ) ) ;
#3879 = CARTESIAN_POINT ( 'NONE',  ( 0.0000000000000000000, 0.1270000000000000000, 0.0000000000000000000 ) ) ;
#3880 = EDGE_CURVE ( 'NONE', #2650, #2138, #3384, .T. ) ;
#3881 = EDGE_LOOP ( 'NONE', ( #1180, #2700, #1151, #2822 ) ) ;
#3882 = ORIENTED_EDGE ( 'NONE', *, *, #4022, .T. ) ;
#3883 = LINE ( 'NONE', #3639, #3456 ) ;
#3884 = DIRECTION ( 'NONE',  ( 3.491481338843133400E-015, 0.0000000000000000000, 1.000000000000000000 ) ) ;
#3885 = EDGE_LOOP ( 'NONE', ( #755, #2426 ) ) ;
#3886 = ORIENTED_EDGE ( 'NONE', *, *, #2831, .T. ) ;
#3887 = DIRECTION ( 'NONE',  ( 0.0000000000000000000, 1.000000000000000000, 0.0000000000000000000 ) ) ;
#3888 = CARTESIAN_POINT ( 'NONE',  ( -0.3499999999999972000, 0.1270000000000000000, 0.7000000000000012900 ) ) ;
#3889 = LINE ( 'NONE', #2637, #2069 ) ;
#3890 = VERTEX_POINT ( 'NONE', #2695 ) ;
#3891 = EDGE_CURVE ( 'NONE', #2795, #263, #2101, .T. ) ;
#3892 = ADVANCED_FACE ( 'NONE', ( #2479 ), #1996, .T. ) ;
#3893 = VECTOR ( 'NONE', #57, 1000.000000000000000 ) ;
#3894 = VECTOR ( 'NONE', #117, 1000.000000000000000 ) ;
#3895 = DIRECTION ( 'NONE',  ( -1.000000000000000000, 0.0000000000000000000, 3.491481338843133400E-015 ) ) ;
#3896 = VECTOR ( 'NONE', #1606, 1000.000000000000000 ) ;
#3897 = CARTESIAN_POINT ( 'NONE',  ( -0.3499999999999963100, 0.1269999999999999500, 0.9500000000000011800 ) ) ;
#3898 = CARTESIAN_POINT ( 'NONE',  ( 0.3500000000000022500, 0.1270000000000000000, 0.6999999999999989600 ) ) ;
#3899 = DIRECTION ( 'NONE',  ( -1.000000000000000000, 0.0000000000000000000, 3.491481338843133400E-015 ) ) ;
#3900 = CARTESIAN_POINT ( 'NONE',  ( -0.8500000000000027500, 0.1270000000000000000, -0.8999999999999974700 ) ) ;
#3901 = STYLED_ITEM ( 'NONE', ( #2534 ), #3698 ) ;
#3902 = ORIENTED_EDGE ( 'NONE', *, *, #995, .T. ) ;
#3903 = DIRECTION ( 'NONE',  ( 1.000000000000000000, 0.0000000000000000000, -4.358843076831536900E-015 ) ) ;
#3904 = DIRECTION ( 'NONE',  ( 0.0000000000000000000, -1.000000000000000000, 0.0000000000000000000 ) ) ;
#3905 = ORIENTED_EDGE ( 'NONE', *, *, #687, .F. ) ;
#3906 = ORIENTED_EDGE ( 'NONE', *, *, #4060, .F. ) ;
#3907 = VERTEX_POINT ( 'NONE', #3352 ) ;
#3908 = LINE ( 'NONE', #1593, #2048 ) ;
#3909 = CARTESIAN_POINT ( 'NONE',  ( 0.3499999999999995300, 0.1270000000000000000, -0.1000000000000011600 ) ) ;
#3910 = DIRECTION ( 'NONE',  ( 0.0000000000000000000, -1.000000000000000000, -0.0000000000000000000 ) ) ;
#3911 = ORIENTED_EDGE ( 'NONE', *, *, #939, .T. ) ;
#3912 = EDGE_CURVE ( 'NONE', #3988, #2013, #4394, .T. ) ;
#3913 = EDGE_CURVE ( 'NONE', #1875, #2664, #3638, .T. ) ;
#3914 = EDGE_LOOP ( 'NONE', ( #2248, #812, #1855, #539 ) ) ;
#3915 = LINE ( 'NONE', #809, #1368 ) ;
#3916 = EDGE_CURVE ( 'NONE', #3682, #4307, #3034, .T. ) ;
#3917 = DIRECTION ( 'NONE',  ( 0.0000000000000000000, 1.000000000000000000, 0.0000000000000000000 ) ) ;
#3918 = ORIENTED_EDGE ( 'NONE', *, *, #908, .F. ) ;
#3919 = VECTOR ( 'NONE', #1914, 1000.000000000000000 ) ;
#3920 = CARTESIAN_POINT ( 'NONE',  ( 0.3500000000000008700, 0.6655164807134507100, 0.2999999999999988200 ) ) ;
#3921 = CARTESIAN_POINT ( 'NONE',  ( 0.3499999999999967000, 0.1270000000000000000, -0.9000000000000011300 ) ) ;
#3922 = AXIS2_PLACEMENT_3D ( 'NONE', #1377, #3132, #3750 ) ;
#3923 = CARTESIAN_POINT ( 'NONE',  ( 0.8499999999999983100, 0.1269999999999999500, -0.5000000000000033300 ) ) ;
#3924 = DIRECTION ( 'NONE',  ( 0.0000000000000000000, -1.000000000000000000, -0.0000000000000000000 ) ) ;
#3925 = VECTOR ( 'NONE', #1039, 1000.000000000000000 ) ;
#3926 = DIRECTION ( 'NONE',  ( -1.000000000000000000, 0.0000000000000000000, 3.491481338843133400E-015 ) ) ;
#3927 = CARTESIAN_POINT ( 'NONE',  ( -0.3499999999999968700, 0.1269999999999999500, 0.7918861169915821800 ) ) ;
#3928 = EDGE_LOOP ( 'NONE', ( #1682, #969, #1320, #3520 ) ) ;
#3929 = LINE ( 'NONE', #2051, #960 ) ;
#3930 = ORIENTED_EDGE ( 'NONE', *, *, #4345, .T. ) ;
#3931 = DIRECTION ( 'NONE',  ( -1.000000000000000000, 0.0000000000000000000, 3.491481338843133400E-015 ) ) ;
#3932 = VERTEX_POINT ( 'NONE', #3475 ) ;
#3933 = CARTESIAN_POINT ( 'NONE',  ( -0.3499999999999964800, 0.1270000000000000000, 0.9000000000000009100 ) ) ;
#3934 = VECTOR ( 'NONE', #1976, 1000.000000000000000 ) ;
#3935 = ORIENTED_EDGE ( 'NONE', *, *, #2885, .T. ) ;
#3936 = ORIENTED_EDGE ( 'NONE', *, *, #1517, .T. ) ;
#3937 = DIRECTION ( 'NONE',  ( -1.000000000000000000, 0.0000000000000000000, 3.491481338843133400E-015 ) ) ;
#3938 = VECTOR ( 'NONE', #3078, 1000.000000000000000 ) ;
#3939 = VECTOR ( 'NONE', #3307, 1000.000000000000000 ) ;
#3940 = CARTESIAN_POINT ( 'NONE',  ( -0.8499999999999970900, 0.1270000000000000000, 0.7000000000000026200 ) ) ;
#3941 = DIRECTION ( 'NONE',  ( 0.0000000000000000000, -1.000000000000000000, 0.0000000000000000000 ) ) ;
#3942 = CARTESIAN_POINT ( 'NONE',  ( 0.3500000000000008700, 0.0000000000000000000, 0.2999999999999988200 ) ) ;
#3943 = FACE_OUTER_BOUND ( 'NONE', #3024, .T. ) ;
#3944 = VECTOR ( 'NONE', #2947, 1000.000000000000000 ) ;
#3945 = EDGE_CURVE ( 'NONE', #1043, #4369, #567, .T. ) ;
#3946 = CARTESIAN_POINT ( 'NONE',  ( 0.0000000000000000000, 0.05000000000000000300, 0.0000000000000000000 ) ) ;
#3947 = CARTESIAN_POINT ( 'NONE',  ( 0.3500000000000001400, 0.04999999999999999600, 0.09999999999999850700 ) ) ;
#3948 = VECTOR ( 'NONE', #417, 1000.000000000000000 ) ;
#3949 = EDGE_CURVE ( 'NONE', #1171, #3907, #1200, .T. ) ;
#3950 = EDGE_LOOP ( 'NONE', ( #1903, #1835, #1631, #732 ) ) ;
#3951 = PRESENTATION_LAYER_ASSIGNMENT (  '', '', ( #1661 ) ) ;
#3952 = LINE ( 'NONE', #3372, #2694 ) ;
#3953 = ADVANCED_FACE ( 'NONE', ( #2264 ), #1159, .F. ) ;
#3954 = PLANE ( 'NONE',  #1870 ) ;
#3955 = EDGE_LOOP ( 'NONE', ( #1813, #3812, #3151, #2633 ) ) ;
#3956 = LINE ( 'NONE', #1082, #195 ) ;
#3957 = CARTESIAN_POINT ( 'NONE',  ( -0.8500000000000012000, 0.05000000000000000300, -0.4999999999999975000 ) ) ;
#3958 =( NAMED_UNIT ( * ) PLANE_ANGLE_UNIT ( ) SI_UNIT ( $, .RADIAN. ) );
#3959 = AXIS2_PLACEMENT_3D ( 'NONE', #4059, #1318, #3023 ) ;
#3960 = FACE_OUTER_BOUND ( 'NONE', #3208, .T. ) ;
#3961 = ORIENTED_EDGE ( 'NONE', *, *, #4209, .F. ) ;
#3962 = CARTESIAN_POINT ( 'NONE',  ( -0.3500000000000006400, 0.04999999999999999600, -0.2999999999999991000 ) ) ;
#3963 = DIRECTION ( 'NONE',  ( 0.0000000000000000000, -1.000000000000000000, -0.0000000000000000000 ) ) ;
#3964 = DIRECTION ( 'NONE',  ( 0.0000000000000000000, -1.000000000000000000, 0.0000000000000000000 ) ) ;
#3965 = EDGE_LOOP ( 'NONE', ( #561, #2761, #3179, #2898 ) ) ;
#3966 = CARTESIAN_POINT ( 'NONE',  ( 0.3499999999999980900, 0.04999999999999999600, -0.5000000000000012200 ) ) ;
#3967 = VECTOR ( 'NONE', #3816, 1000.000000000000000 ) ;
#3968 = EDGE_CURVE ( 'NONE', #2838, #2795, #2865, .T. ) ;
#3969 = PLANE ( 'NONE',  #636 ) ;
#3970 = ORIENTED_EDGE ( 'NONE', *, *, #3519, .F. ) ;
#3971 = CARTESIAN_POINT ( 'NONE',  ( -0.3500000000000027500, 0.0000000000000000000, -0.8999999999999988000 ) ) ;
#3972 =( NAMED_UNIT ( * ) PLANE_ANGLE_UNIT ( ) SI_UNIT ( $, .RADIAN. ) );
#3973 = EDGE_CURVE ( 'NONE', #2138, #3660, #1994, .T. ) ;
#3974 = STYLED_ITEM ( 'NONE', ( #395 ), #867 ) ;
#3975 = LINE ( 'NONE', #105, #3400 ) ;
#3976 = ORIENTED_EDGE ( 'NONE', *, *, #3189, .F. ) ;
#3977 = CARTESIAN_POINT ( 'NONE',  ( -0.3500000000000030900, 0.4624101966249681800, -0.9999999999999986700 ) ) ;
#3978 = ORIENTED_EDGE ( 'NONE', *, *, #1355, .T. ) ;
#3979 = EDGE_CURVE ( 'NONE', #2864, #203, #1094, .T. ) ;
#3980 = ORIENTED_EDGE ( 'NONE', *, *, #3599, .T. ) ;
#3981 = AXIS2_PLACEMENT_3D ( 'NONE', #1698, #4094, #3074 ) ;
#3982 = EDGE_CURVE ( 'NONE', #1806, #328, #994, .T. ) ;
#3983 = VERTEX_POINT ( 'NONE', #4181 ) ;
#3984 = ORIENTED_EDGE ( 'NONE', *, *, #3460, .T. ) ;
#3985 = FACE_OUTER_BOUND ( 'NONE', #1519, .T. ) ;
#3986 = DIRECTION ( 'NONE',  ( -3.708321773340234200E-015, 0.0000000000000000000, -1.000000000000000000 ) ) ;
#3987 = VERTEX_POINT ( 'NONE', #3865 ) ;
#3988 = VERTEX_POINT ( 'NONE', #2142 ) ;
#3989 = LINE ( 'NONE', #1744, #2680 ) ;
#3990 = CARTESIAN_POINT ( 'NONE',  ( -0.3500000000000020300, 0.1269999999999999500, -0.6999999999999991800 ) ) ;
#3991 = ORIENTED_EDGE ( 'NONE', *, *, #826, .T. ) ;
#3992 = LINE ( 'NONE', #4205, #3011 ) ;
#3993 = VECTOR ( 'NONE', #136, 1000.000000000000000 ) ;
#3994 = CARTESIAN_POINT ( 'NONE',  ( -0.5000000000000027800, 0.04999999999999999600, -0.8999999999999983600 ) ) ;
#3995 = CARTESIAN_POINT ( 'NONE',  ( -0.3499999999999999200, 0.0000000000000000000, -0.09999999999999871500 ) ) ;
#3996 = EDGE_CURVE ( 'NONE', #2923, #1674, #97, .T. ) ;
#3997 = LINE ( 'NONE', #2624, #1184 ) ;
#3998 = CARTESIAN_POINT ( 'NONE',  ( 0.5000000000000028900, 0.07699999999999997100, 0.9499999999999982900 ) ) ;
#3999 = ADVANCED_FACE ( 'NONE', ( #3282 ), #1114, .F. ) ;
#4000 = VECTOR ( 'NONE', #818, 1000.000000000000000 ) ;
#4001 = AXIS2_PLACEMENT_3D ( 'NONE', #4264, #3887, #2220 ) ;
#4002 = EDGE_LOOP ( 'NONE', ( #3104, #2981, #3882, #3109 ) ) ;
#4003 = CARTESIAN_POINT ( 'NONE',  ( 0.3499999999999980900, 0.0000000000000000000, -0.5000000000000012200 ) ) ;
#4004 = PLANE ( 'NONE',  #3637 ) ;
#4005 = FACE_OUTER_BOUND ( 'NONE', #2669, .T. ) ;
#4006 = AXIS2_PLACEMENT_3D ( 'NONE', #1216, #3264, #2245 ) ;
#4007 = ORIENTED_EDGE ( 'NONE', *, *, #3570, .F. ) ;
#4008 = FACE_OUTER_BOUND ( 'NONE', #2836, .T. ) ;
#4009 = PLANE ( 'NONE',  #574 ) ;
#4010 = ORIENTED_EDGE ( 'NONE', *, *, #2470, .T. ) ;
#4011 = ORIENTED_EDGE ( 'NONE', *, *, #2334, .T. ) ;
#4012 = ORIENTED_EDGE ( 'NONE', *, *, #1930, .T. ) ;
#4013 = EDGE_LOOP ( 'NONE', ( #4044, #4041, #2718, #2563 ) ) ;
#4014 = CARTESIAN_POINT ( 'NONE',  ( -0.8500000000000020900, 0.0000000000000000000, -0.6999999999999974000 ) ) ;
#4015 = ORIENTED_EDGE ( 'NONE', *, *, #2330, .F. ) ;
#4016 = DIRECTION ( 'NONE',  ( -1.000000000000000000, 0.0000000000000000000, 3.491481338843133400E-015 ) ) ;
#4017 = LINE ( 'NONE', #3681, #522 ) ;
#4018 = CARTESIAN_POINT ( 'NONE',  ( -0.5000000000000030000, 0.1270000000000000000, -0.9999999999999983300 ) ) ;
#4019 = DIRECTION ( 'NONE',  ( 0.0000000000000000000, 1.000000000000000000, 0.0000000000000000000 ) ) ;
#4020 = CARTESIAN_POINT ( 'NONE',  ( 0.3499999999999961500, 0.07699999999999997100, -1.000000000000001300 ) ) ;
#4021 = CARTESIAN_POINT ( 'NONE',  ( 0.5000000000000028900, 0.1269999999999999700, 0.9499999999999982900 ) ) ;
#4022 = EDGE_CURVE ( 'NONE', #4095, #4348, #1939, .T. ) ;
#4023 = FACE_OUTER_BOUND ( 'NONE', #3826, .T. ) ;
#4024 = ADVANCED_FACE ( 'NONE', ( #150 ), #1758, .F. ) ;
#4025 = DIRECTION ( 'NONE',  ( -1.000000000000000000, -0.0000000000000000000, 3.491481338843133400E-015 ) ) ;
#4026 = DIRECTION ( 'NONE',  ( -3.491481338843133700E-015, 0.0000000000000000000, -1.000000000000000000 ) ) ;
#4027 = EDGE_CURVE ( 'NONE', #1514, #4316, #680, .T. ) ;
#4028 = LINE ( 'NONE', #3081, #1319 ) ;
#4029 = EDGE_CURVE ( 'NONE', #2550, #1125, #3858, .T. ) ;
#4030 = ORIENTED_EDGE ( 'NONE', *, *, #2232, .T. ) ;
#4031 = CARTESIAN_POINT ( 'NONE',  ( 0.0000000000000000000, 0.1270000000000000000, 0.0000000000000000000 ) ) ;
#4032 = ORIENTED_EDGE ( 'NONE', *, *, #3979, .T. ) ;
#4033 = EDGE_CURVE ( 'NONE', #2806, #4348, #2702, .T. ) ;
#4034 = DIRECTION ( 'NONE',  ( 3.491481338843133400E-015, 0.0000000000000000000, 1.000000000000000000 ) ) ;
#4035 = CARTESIAN_POINT ( 'NONE',  ( 0.3499999999999988100, 0.04999999999999999600, -0.3000000000000016000 ) ) ;
#4036 = ORIENTED_EDGE ( 'NONE', *, *, #674, .T. ) ;
#4037 = DIRECTION ( 'NONE',  ( 3.491481338843133400E-015, 0.0000000000000000000, 1.000000000000000000 ) ) ;
#4038 = EDGE_CURVE ( 'NONE', #2297, #703, #877, .T. ) ;
#4039 = AXIS2_PLACEMENT_3D ( 'NONE', #1182, #2581, #3899 ) ;
#4040 = VECTOR ( 'NONE', #3760, 1000.000000000000000 ) ;
#4041 = ORIENTED_EDGE ( 'NONE', *, *, #3139, .F. ) ;
#4042 = ORIENTED_EDGE ( 'NONE', *, *, #1979, .F. ) ;
#4043 = CARTESIAN_POINT ( 'NONE',  ( 0.3500000000000029800, 0.1270000000000000000, 0.8999999999999985800 ) ) ;
#4044 = ORIENTED_EDGE ( 'NONE', *, *, #4178, .F. ) ;
#4045 = FACE_OUTER_BOUND ( 'NONE', #2316, .T. ) ;
#4046 = VERTEX_POINT ( 'NONE', #2244 ) ;
#4047 = AXIS2_PLACEMENT_3D ( 'NONE', #1722, #71, #3084 ) ;
#4048 = ORIENTED_EDGE ( 'NONE', *, *, #2670, .T. ) ;
#4049 = PLANE ( 'NONE',  #3722 ) ;
#4050 = CARTESIAN_POINT ( 'NONE',  ( -0.4999999999999967800, 0.07699999999999997100, 0.7918861169915827300 ) ) ;
#4051 = COLOUR_RGB ( '',1.000000000000000000, 1.000000000000000000, 1.000000000000000000 ) ;
#4052 = ADVANCED_FACE ( 'NONE', ( #934 ), #1235, .F. ) ;
#4053 = FACE_OUTER_BOUND ( 'NONE', #3737, .T. ) ;
#4054 = ORIENTED_EDGE ( 'NONE', *, *, #2707, .T. ) ;
#4055 = CARTESIAN_POINT ( 'NONE',  ( 0.8500000000000044200, 0.5000000000000000000, 0.9999999999999970000 ) ) ;
#4056 = DIRECTION ( 'NONE',  ( 1.000000000000000000, 0.0000000000000000000, -3.491481338843133400E-015 ) ) ;
#4057 = DIRECTION ( 'NONE',  ( 1.000000000000000000, 1.807003620809174600E-016, -3.491481338843133400E-015 ) ) ;
#4058 = FACE_OUTER_BOUND ( 'NONE', #594, .T. ) ;
#4059 = CARTESIAN_POINT ( 'NONE',  ( -0.4999999999999962300, 0.1269999999999999700, 0.9500000000000017300 ) ) ;
#4060 = EDGE_CURVE ( 'NONE', #768, #540, #1300, .T. ) ;
#4061 = VECTOR ( 'NONE', #2333, 1000.000000000000000 ) ;
#4062 = PLANE ( 'NONE',  #3758 ) ;
#4063 = EDGE_CURVE ( 'NONE', #1158, #168, #4069, .T. ) ;
#4064 = VECTOR ( 'NONE', #764, 1000.000000000000000 ) ;
#4065 = FILL_AREA_STYLE ('',( #3713 ) ) ;
#4066 = CARTESIAN_POINT ( 'NONE',  ( -0.3499999999999985900, 0.1270000000000000000, 0.3000000000000013200 ) ) ;
#4067 =( NAMED_UNIT ( * ) SI_UNIT ( $, .STERADIAN. ) SOLID_ANGLE_UNIT ( ) );
#4068 = ORIENTED_EDGE ( 'NONE', *, *, #2122, .T. ) ;
#4069 = LINE ( 'NONE', #1509, #2636 ) ;
#4070 = AXIS2_PLACEMENT_3D ( 'NONE', #3410, #4025, #2034 ) ;
#4071 = ORIENTED_EDGE ( 'NONE', *, *, #1450, .T. ) ;
#4072 = DIRECTION ( 'NONE',  ( 0.0000000000000000000, 1.000000000000000000, 0.0000000000000000000 ) ) ;
#4073 = CARTESIAN_POINT ( 'NONE',  ( -0.4999999999999962300, 0.07699999999999997100, 0.9500000000000017300 ) ) ;
#4074 = CARTESIAN_POINT ( 'NONE',  ( -0.4999999999999962300, 0.1269999999999999700, 0.9500000000000017300 ) ) ;
#4075 = VECTOR ( 'NONE', #3986, 1000.000000000000000 ) ;
#4076 = ADVANCED_FACE ( 'NONE', ( #405 ), #2213, .F. ) ;
#4077 = VERTEX_POINT ( 'NONE', #2553 ) ;
#4078 = EDGE_CURVE ( 'NONE', #263, #4285, #3536, .T. ) ;
#4079 = MECHANICAL_DESIGN_GEOMETRIC_PRESENTATION_REPRESENTATION (  '', ( #582 ), #2172 ) ;
#4080 = ORIENTED_EDGE ( 'NONE', *, *, #1384, .T. ) ;
#4081 = CARTESIAN_POINT ( 'NONE',  ( -0.8500000000000030900, 3.624880949681338600, -0.9999999999999970000 ) ) ;
#4082 = ORIENTED_EDGE ( 'NONE', *, *, #1627, .T. ) ;
#4083 = VECTOR ( 'NONE', #886, 1000.000000000000000 ) ;
#4084 = CARTESIAN_POINT ( 'NONE',  ( 0.3499999999999973700, 0.1270000000000000000, -0.7000000000000015100 ) ) ;
#4085 = ORIENTED_EDGE ( 'NONE', *, *, #3875, .T. ) ;
#4086 = VECTOR ( 'NONE', #2480, 1000.000000000000000 ) ;
#4087 = PLANE ( 'NONE',  #3663 ) ;
#4088 = VERTEX_POINT ( 'NONE', #4243 ) ;
#4089 = PLANE ( 'NONE',  #3922 ) ;
#4090 = PLANE ( 'NONE',  #1727 ) ;
#4091 = CARTESIAN_POINT ( 'NONE',  ( 0.3499999999999963100, 0.1269999999999999500, -0.9500000000000011800 ) ) ;
#4092 = CARTESIAN_POINT ( 'NONE',  ( 0.8499999999999969800, 0.05000000000000000300, -1.000000000000003100 ) ) ;
#4093 = MANIFOLD_SOLID_BREP ( 'Body-Move/Copy1[14]', #1481 ) ;
#4094 = DIRECTION ( 'NONE',  ( -0.0000000000000000000, -1.000000000000000000, 0.0000000000000000000 ) ) ;
#4095 = VERTEX_POINT ( 'NONE', #872 ) ;
#4096 = DIRECTION ( 'NONE',  ( -3.491481338843133400E-015, 0.0000000000000000000, -1.000000000000000000 ) ) ;
#4097 = VECTOR ( 'NONE', #3575, 1000.000000000000000 ) ;
#4098 = ORIENTED_EDGE ( 'NONE', *, *, #3076, .F. ) ;
#4099 = ADVANCED_FACE ( 'NONE', ( #200 ), #553, .F. ) ;
#4100 = PLANE ( 'NONE',  #3008 ) ;
#4101 = VERTEX_POINT ( 'NONE', #2945 ) ;
#4102 = ORIENTED_EDGE ( 'NONE', *, *, #3684, .T. ) ;
#4103 = VECTOR ( 'NONE', #1131, 1000.000000000000000 ) ;
#4104 = SURFACE_SIDE_STYLE ('',( #1791 ) ) ;
#4105 = ORIENTED_EDGE ( 'NONE', *, *, #2514, .T. ) ;
#4106 = DIRECTION ( 'NONE',  ( -3.708321773340234200E-015, 0.0000000000000000000, -1.000000000000000000 ) ) ;
#4107 = ORIENTED_EDGE ( 'NONE', *, *, #232, .T. ) ;
#4108 = VECTOR ( 'NONE', #34, 1000.000000000000000 ) ;
#4109 = ORIENTED_EDGE ( 'NONE', *, *, #1142, .F. ) ;
#4110 = DIRECTION ( 'NONE',  ( 1.000000000000000000, 0.0000000000000000000, -3.708321773340234200E-015 ) ) ;
#4111 = VECTOR ( 'NONE', #4277, 1000.000000000000000 ) ;
#4112 = VECTOR ( 'NONE', #3476, 1000.000000000000000 ) ;
#4113 = CARTESIAN_POINT ( 'NONE',  ( 0.3499999999999980900, 0.0000000000000000000, -0.5000000000000012200 ) ) ;
#4114 = LINE ( 'NONE', #3483, #2081 ) ;
#4115 = CARTESIAN_POINT ( 'NONE',  ( -0.5272618704128497800, 0.4500000000000000100, -0.7897957293225824600 ) ) ;
#4116 = DIRECTION ( 'NONE',  ( -3.491481338843133400E-015, 0.0000000000000000000, -1.000000000000000000 ) ) ;
#4117 = DIRECTION ( 'NONE',  ( 0.0000000000000000000, -1.000000000000000000, 0.0000000000000000000 ) ) ;
#4118 = DIRECTION ( 'NONE',  ( -1.000000000000000000, 0.0000000000000000000, 3.491481338843133400E-015 ) ) ;
#4119 = ORIENTED_EDGE ( 'NONE', *, *, #3032, .T. ) ;
#4120 = ADVANCED_FACE ( 'NONE', ( #675 ), #1863, .T. ) ;
#4121 = EDGE_LOOP ( 'NONE', ( #2303, #4085, #1274, #3746 ) ) ;
#4122 = FILL_AREA_STYLE ('',( #1369 ) ) ;
#4123 = EDGE_CURVE ( 'NONE', #3463, #1440, #4286, .T. ) ;
#4124 = ORIENTED_EDGE ( 'NONE', *, *, #4029, .T. ) ;
#4125 = CARTESIAN_POINT ( 'NONE',  ( 0.3500000000000015900, 0.1270000000000000000, 0.4999999999999986100 ) ) ;
#4126 = VERTEX_POINT ( 'NONE', #3588 ) ;
#4127 = EDGE_CURVE ( 'NONE', #1468, #2290, #2368, .T. ) ;
#4128 = ORIENTED_EDGE ( 'NONE', *, *, #1818, .T. ) ;
#4129 = ORIENTED_EDGE ( 'NONE', *, *, #481, .T. ) ;
#4130 = EDGE_CURVE ( 'NONE', #3482, #883, #1715, .T. ) ;
#4131 = AXIS2_PLACEMENT_3D ( 'NONE', #1704, #2478, #3495 ) ;
#4132 = LINE ( 'NONE', #3942, #1620 ) ;
#4133 = CARTESIAN_POINT ( 'NONE',  ( -0.8499999999999999800, 0.6655164807134507100, -0.09999999999999739700 ) ) ;
#4134 = VECTOR ( 'NONE', #2103, 1000.000000000000000 ) ;
#4135 = EDGE_CURVE ( 'NONE', #65, #519, #1770, .T. ) ;
#4136 = AXIS2_PLACEMENT_3D ( 'NONE', #2411, #3770, #1083 ) ;
#4137 = LINE ( 'NONE', #924, #3594 ) ;
#4138 = CARTESIAN_POINT ( 'NONE',  ( 0.0000000000000000000, 0.05000000000000000300, 0.0000000000000000000 ) ) ;
#4139 = ADVANCED_FACE ( 'NONE', ( #4008 ), #1879, .T. ) ;
#4140 = DIRECTION ( 'NONE',  ( -1.000000000000000000, -0.0000000000000000000, 4.358843076831536900E-015 ) ) ;
#4141 = VECTOR ( 'NONE', #871, 1000.000000000000000 ) ;
#4142 = EDGE_CURVE ( 'NONE', #1909, #2448, #1461, .T. ) ;
#4143 = FACE_OUTER_BOUND ( 'NONE', #1113, .T. ) ;
#4144 = EDGE_CURVE ( 'NONE', #147, #285, #3175, .T. ) ;
#4145 = ORIENTED_EDGE ( 'NONE', *, *, #3200, .T. ) ;
#4146 = DIRECTION ( 'NONE',  ( 1.000000000000000000, 0.0000000000000000000, -3.491481338843133400E-015 ) ) ;
#4147 = DIRECTION ( 'NONE',  ( 1.000000000000000000, 0.0000000000000000000, -3.491481338843133400E-015 ) ) ;
#4148 = DIRECTION ( 'NONE',  ( 0.0000000000000000000, 1.000000000000000000, 0.0000000000000000000 ) ) ;
#4149 = LINE ( 'NONE', #2483, #1172 ) ;
#4150 = EDGE_LOOP ( 'NONE', ( #2212, #4036, #2852, #2891 ) ) ;
#4151 = ORIENTED_EDGE ( 'NONE', *, *, #939, .F. ) ;
#4152 = DIRECTION ( 'NONE',  ( -1.000000000000000000, 0.0000000000000000000, 3.491481338843133400E-015 ) ) ;
#4153 = AXIS2_PLACEMENT_3D ( 'NONE', #1570, #2616, #585 ) ;
#4154 = DIRECTION ( 'NONE',  ( 3.491481338843133400E-015, 0.0000000000000000000, 1.000000000000000000 ) ) ;
#4155 = LINE ( 'NONE', #4043, #1968 ) ;
#4156 = CARTESIAN_POINT ( 'NONE',  ( -0.3499999999999964800, 0.6655164807134507100, 0.9000000000000009100 ) ) ;
#4157 = EDGE_LOOP ( 'NONE', ( #3182, #2465, #2394, #3134 ) ) ;
#4158 = ORIENTED_EDGE ( 'NONE', *, *, #714, .T. ) ;
#4159 = DIRECTION ( 'NONE',  ( -0.0000000000000000000, -1.000000000000000000, 0.0000000000000000000 ) ) ;
#4160 = CARTESIAN_POINT ( 'NONE',  ( 0.3499999999999995300, 0.1270000000000000000, -0.1000000000000011600 ) ) ;
#4161 = VECTOR ( 'NONE', #2206, 1000.000000000000000 ) ;
#4162 = VECTOR ( 'NONE', #1956, 1000.000000000000000 ) ;
#4163 = CARTESIAN_POINT ( 'NONE',  ( -0.5000000000000027800, 0.1270000000000000000, -0.8999999999999982500 ) ) ;
#4164 = AXIS2_PLACEMENT_3D ( 'NONE', #2983, #941, #1947 ) ;
#4165 = VERTEX_POINT ( 'NONE', #273 ) ;
#4166 = ADVANCED_FACE ( 'NONE', ( #3690 ), #1287, .F. ) ;
#4167 = VECTOR ( 'NONE', #1442, 1000.000000000000000 ) ;
#4168 = CARTESIAN_POINT ( 'NONE',  ( -0.3499999999999999200, 0.1270000000000000000, -0.09999999999999871500 ) ) ;
#4169 = CARTESIAN_POINT ( 'NONE',  ( 0.3499999999999980900, 0.1270000000000000000, -0.5000000000000012200 ) ) ;
#4170 = CARTESIAN_POINT ( 'NONE',  ( 0.8499999999999997600, 0.6655164807134507100, -0.1000000000000033400 ) ) ;
#4171 =( GEOMETRIC_REPRESENTATION_CONTEXT ( 3 ) GLOBAL_UNCERTAINTY_ASSIGNED_CONTEXT ( ( #4231 ) ) GLOBAL_UNIT_ASSIGNED_CONTEXT ( ( #2663, #1244, #260 ) ) REPRESENTATION_CONTEXT ( 'NONE', 'WORKASPACE' ) );
#4172 = LINE ( 'NONE', #1077, #1504 ) ;
#4173 = CARTESIAN_POINT ( 'NONE',  ( -0.6990214479611996900, 0.7429047240363497700, -0.7897957293225819100 ) ) ;
#4174 = DIRECTION ( 'NONE',  ( -3.708321773340234200E-015, 0.0000000000000000000, -1.000000000000000000 ) ) ;
#4175 = MANIFOLD_SOLID_BREP ( 'Body-Move/Copy1[1]', #1488 ) ;
#4176 = DIRECTION ( 'NONE',  ( 0.0000000000000000000, -1.000000000000000000, 0.0000000000000000000 ) ) ;
#4177 = CARTESIAN_POINT ( 'NONE',  ( 0.3500000000000015900, 0.1269999999999999500, 0.4999999999999986100 ) ) ;
#4178 = EDGE_CURVE ( 'NONE', #3830, #1166, #4391, .T. ) ;
#4179 = CARTESIAN_POINT ( 'NONE',  ( 0.3499999999999995300, 0.6655164807134507100, -0.1000000000000011600 ) ) ;
#4180 = VERTEX_POINT ( 'NONE', #3962 ) ;
#4181 = CARTESIAN_POINT ( 'NONE',  ( 0.8499999999999983100, 0.1270000000000000000, -0.5000000000000033300 ) ) ;
#4182 = DIRECTION ( 'NONE',  ( 0.0000000000000000000, -1.000000000000000000, 0.0000000000000000000 ) ) ;
#4183 = VECTOR ( 'NONE', #782, 1000.000000000000000 ) ;
#4184 = EDGE_CURVE ( 'NONE', #912, #734, #4237, .T. ) ;
#4185 = ORIENTED_EDGE ( 'NONE', *, *, #2677, .F. ) ;
#4186 = ORIENTED_EDGE ( 'NONE', *, *, #4127, .F. ) ;
#4187 = LINE ( 'NONE', #3900, #3749 ) ;
#4188 = ADVANCED_FACE ( 'NONE', ( #1617 ), #3005, .F. ) ;
#4189 = VERTEX_POINT ( 'NONE', #2322 ) ;
#4190 = EDGE_CURVE ( 'NONE', #1171, #46, #515, .T. ) ;
#4191 = CARTESIAN_POINT ( 'NONE',  ( 0.3499999999999998100, 0.05000000000000000300, -1.222018468595096100E-015 ) ) ;
#4192 = CARTESIAN_POINT ( 'NONE',  ( 0.3499999999999973700, 0.0000000000000000000, -0.7000000000000015100 ) ) ;
#4193 = LINE ( 'NONE', #3622, #3761 ) ;
#4194 = ORIENTED_EDGE ( 'NONE', *, *, #1786, .F. ) ;
#4195 = EDGE_CURVE ( 'NONE', #3988, #537, #1411, .T. ) ;
#4196 = AXIS2_PLACEMENT_3D ( 'NONE', #2441, #1379, #1399 ) ;
#4197 = CARTESIAN_POINT ( 'NONE',  ( 0.8499999999999969800, 0.5000000000000000000, -1.000000000000003100 ) ) ;
#4198 = PLANE ( 'NONE',  #909 ) ;
#4199 = DIRECTION ( 'NONE',  ( 0.0000000000000000000, 1.000000000000000000, 0.0000000000000000000 ) ) ;
#4200 = VECTOR ( 'NONE', #2698, 1000.000000000000000 ) ;
#4201 = DIRECTION ( 'NONE',  ( 2.624119600854729800E-015, 0.0000000000000000000, 1.000000000000000000 ) ) ;
#4202 = VERTEX_POINT ( 'NONE', #4312 ) ;
#4203 = VECTOR ( 'NONE', #1848, 1000.000000000000000 ) ;
#4204 = EDGE_LOOP ( 'NONE', ( #278, #3984, #1431, #1603 ) ) ;
#4205 = CARTESIAN_POINT ( 'NONE',  ( -0.3499999999999972000, 0.1270000000000000000, 0.7000000000000012900 ) ) ;
#4206 = DIRECTION ( 'NONE',  ( 0.0000000000000000000, -1.000000000000000000, 0.0000000000000000000 ) ) ;
#4207 = ORIENTED_EDGE ( 'NONE', *, *, #2207, .T. ) ;
#4208 = ORIENTED_EDGE ( 'NONE', *, *, #2797, .T. ) ;
#4209 = EDGE_CURVE ( 'NONE', #2779, #758, #2317, .T. ) ;
#4210 = EDGE_LOOP ( 'NONE', ( #3717, #721, #3514, #1052 ) ) ;
#4211 = EDGE_CURVE ( 'NONE', #4202, #3716, #1935, .T. ) ;
#4212 = LINE ( 'NONE', #3478, #4103 ) ;
#4213 = ADVANCED_FACE ( 'NONE', ( #3635 ), #4297, .F. ) ;
#4214 = ORIENTED_EDGE ( 'NONE', *, *, #511, .T. ) ;
#4215 = DIRECTION ( 'NONE',  ( 1.000000000000000000, 0.0000000000000000000, -3.491481338843133400E-015 ) ) ;
#4216 = ORIENTED_EDGE ( 'NONE', *, *, #336, .T. ) ;
#4217 = DIRECTION ( 'NONE',  ( -3.491481338843133400E-015, 0.0000000000000000000, -1.000000000000000000 ) ) ;
#4218 = VECTOR ( 'NONE', #3349, 1000.000000000000000 ) ;
#4219 = VERTEX_POINT ( 'NONE', #1571 ) ;
#4220 = DIRECTION ( 'NONE',  ( -1.000000000000000000, 1.807003620809174600E-016, 3.491481338843133400E-015 ) ) ;
#4221 = LINE ( 'NONE', #547, #3319 ) ;
#4222 = FACE_OUTER_BOUND ( 'NONE', #4210, .T. ) ;
#4223 = DIRECTION ( 'NONE',  ( -1.000000000000000000, 0.0000000000000000000, 3.491481338843133400E-015 ) ) ;
#4224 = DIRECTION ( 'NONE',  ( 0.0000000000000000000, -1.000000000000000000, 0.0000000000000000000 ) ) ;
#4225 = EDGE_CURVE ( 'NONE', #1851, #203, #1987, .T. ) ;
#4226 = AXIS2_PLACEMENT_3D ( 'NONE', #393, #2021, #3396 ) ;
#4227 = DIRECTION ( 'NONE',  ( -1.000000000000000000, 0.0000000000000000000, 3.491481338843133400E-015 ) ) ;
#4228 = CARTESIAN_POINT ( 'NONE',  ( 0.8500000000000012000, 0.1270000000000000000, 0.2999999999999966600 ) ) ;
#4229 = FACE_OUTER_BOUND ( 'NONE', #2895, .T. ) ;
#4230 = FILL_AREA_STYLE_COLOUR ( '', #2504 ) ;
#4231 = UNCERTAINTY_MEASURE_WITH_UNIT (LENGTH_MEASURE( 1.000000000000000100E-005 ), #2663, 'distance_accuracy_value', 'NONE');
#4232 = ORIENTED_EDGE ( 'NONE', *, *, #1323, .T. ) ;
#4233 = VECTOR ( 'NONE', #2699, 1000.000000000000000 ) ;
#4234 = ADVANCED_FACE ( 'NONE', ( #1614 ), #249, .T. ) ;
#4235 = EDGE_CURVE ( 'NONE', #3197, #933, #1042, .T. ) ;
#4236 = ORIENTED_EDGE ( 'NONE', *, *, #2963, .F. ) ;
#4237 = LINE ( 'NONE', #4003, #622 ) ;
#4238 = CARTESIAN_POINT ( 'NONE',  ( -0.8499999999999978700, 0.04999999999999999600, 0.5000000000000027800 ) ) ;
#4239 = EDGE_CURVE ( 'NONE', #2297, #4398, #3124, .T. ) ;
#4240 = ORIENTED_EDGE ( 'NONE', *, *, #1227, .T. ) ;
#4241 = ORIENTED_EDGE ( 'NONE', *, *, #3461, .F. ) ;
#4242 = LINE ( 'NONE', #1892, #257 ) ;
#4243 = CARTESIAN_POINT ( 'NONE',  ( -0.4999999999999963400, 0.07699999999999981900, 1.000000000000001800 ) ) ;
#4244 = FILL_AREA_STYLE_COLOUR ( '', #858 ) ;
#4245 = EDGE_CURVE ( 'NONE', #4219, #3613, #3224, .T. ) ;
#4246 = VERTEX_POINT ( 'NONE', #984 ) ;
#4247 = ORIENTED_EDGE ( 'NONE', *, *, #2595, .T. ) ;
#4248 = ORIENTED_EDGE ( 'NONE', *, *, #3502, .F. ) ;
#4249 = PLANE ( 'NONE',  #1035 ) ;
#4250 = LINE ( 'NONE', #3049, #3338 ) ;
#4251 = PLANE ( 'NONE',  #3441 ) ;
#4252 = CARTESIAN_POINT ( 'NONE',  ( -0.5272618704128497800, 0.5000000000000000000, -0.7897957293225824600 ) ) ;
#4253 = CARTESIAN_POINT ( 'NONE',  ( 0.3499999999999973700, 0.1270000000000000000, -0.7000000000000015100 ) ) ;
#4254 = VECTOR ( 'NONE', #936, 1000.000000000000000 ) ;
#4255 = ADVANCED_FACE ( 'NONE', ( #4005 ), #3095, .F. ) ;
#4256 = CARTESIAN_POINT ( 'NONE',  ( -0.6131416591870246800, 0.4500000000000000100, -0.7897957293225821300 ) ) ;
#4257 = EDGE_LOOP ( 'NONE', ( #1120, #1386, #491, #2100 ) ) ;
#4258 = ORIENTED_EDGE ( 'NONE', *, *, #3973, .T. ) ;
#4259 = FACE_OUTER_BOUND ( 'NONE', #1990, .T. ) ;
#4260 = DIRECTION ( 'NONE',  ( 3.491481338843133400E-015, 0.0000000000000000000, 1.000000000000000000 ) ) ;
#4261 = CARTESIAN_POINT ( 'NONE',  ( -0.5000000000000027800, 0.1270000000000000000, -0.8999999999999986900 ) ) ;
#4262 = ORIENTED_EDGE ( 'NONE', *, *, #3570, .T. ) ;
#4263 = ORIENTED_EDGE ( 'NONE', *, *, #3789, .F. ) ;
#4264 = CARTESIAN_POINT ( 'NONE',  ( -0.6131416591870246800, 0.4500000000000000100, -0.7897957293225821300 ) ) ;
#4265 = LINE ( 'NONE', #1091, #1226 ) ;
#4266 = DIRECTION ( 'NONE',  ( 3.491481338843133400E-015, 0.0000000000000000000, 1.000000000000000000 ) ) ;
#4267 = EDGE_LOOP ( 'NONE', ( #2023, #3060, #3753, #177 ) ) ;
#4268 = EDGE_CURVE ( 'NONE', #901, #3790, #2913, .T. ) ;
#4269 = VECTOR ( 'NONE', #4096, 1000.000000000000000 ) ;
#4270 = LINE ( 'NONE', #949, #3363 ) ;
#4271 = PLANE ( 'NONE',  #1640 ) ;
#4272 = EDGE_CURVE ( 'NONE', #1873, #1251, #463, .T. ) ;
#4273 = FACE_OUTER_BOUND ( 'NONE', #1967, .T. ) ;
#4274 = EDGE_CURVE ( 'NONE', #3932, #704, #3025, .T. ) ;
#4275 = DIRECTION ( 'NONE',  ( 3.491481338843133400E-015, 0.0000000000000000000, 1.000000000000000000 ) ) ;
#4276 = VECTOR ( 'NONE', #2505, 1000.000000000000000 ) ;
#4277 = DIRECTION ( 'NONE',  ( -1.000000000000000000, 0.0000000000000000000, 3.491481338843133400E-015 ) ) ;
#4278 = ORIENTED_EDGE ( 'NONE', *, *, #3684, .F. ) ;
#4279 = DIRECTION ( 'NONE',  ( -3.491481338843133400E-015, 0.0000000000000000000, -1.000000000000000000 ) ) ;
#4280 = EDGE_CURVE ( 'NONE', #3987, #3485, #2043, .T. ) ;
#4281 = CYLINDRICAL_SURFACE ( 'NONE', #4001, 0.08587978877417495900 ) ;
#4282 = PLANE ( 'NONE',  #2009 ) ;
#4283 = PLANE ( 'NONE',  #4006 ) ;
#4284 = CARTESIAN_POINT ( 'NONE',  ( -0.8499999999999965400, 0.6655164807134507100, 0.9000000000000026900 ) ) ;
#4285 = VERTEX_POINT ( 'NONE', #2377 ) ;
#4286 = LINE ( 'NONE', #3601, #3279 ) ;
#4287 = LINE ( 'NONE', #323, #784 ) ;
#4288 = CARTESIAN_POINT ( 'NONE',  ( 0.8499999999999969800, 0.5000000000000000000, -1.000000000000003100 ) ) ;
#4289 = DIRECTION ( 'NONE',  ( 3.491481338843133400E-015, 0.0000000000000000000, 1.000000000000000000 ) ) ;
#4290 = CARTESIAN_POINT ( 'NONE',  ( 0.3499999999999961500, 0.07699999999999997100, -1.000000000000001300 ) ) ;
#4291 = PRESENTATION_STYLE_ASSIGNMENT (( #269 ) ) ;
#4292 = EDGE_CURVE ( 'NONE', #8, #4180, #2089, .T. ) ;
#4293 = DIRECTION ( 'NONE',  ( -1.000000000000000000, 0.0000000000000000000, 3.491481338843133400E-015 ) ) ;
#4294 = ADVANCED_FACE ( 'NONE', ( #3854 ), #4090, .F. ) ;
#4295 = VECTOR ( 'NONE', #3277, 1000.000000000000000 ) ;
#4296 = DIRECTION ( 'NONE',  ( 1.000000000000000000, 0.0000000000000000000, -3.491481338843133400E-015 ) ) ;
#4297 = PLANE ( 'NONE',  #2110 ) ;
#4298 = EDGE_CURVE ( 'NONE', #2568, #3988, #400, .T. ) ;
#4299 = LINE ( 'NONE', #3801, #2934 ) ;
#4300 = CARTESIAN_POINT ( 'NONE',  ( -0.6131416591870246800, 0.4500000000000000100, -0.7897957293225821300 ) ) ;
#4301 = DIRECTION ( 'NONE',  ( -3.491481338843133400E-015, 0.0000000000000000000, -1.000000000000000000 ) ) ;
#4302 = EDGE_CURVE ( 'NONE', #4046, #2692, #2807, .T. ) ;
#4303 = AXIS2_PLACEMENT_3D ( 'NONE', #412, #2803, #2787 ) ;
#4304 = LINE ( 'NONE', #1671, #2493 ) ;
#4305 = UNCERTAINTY_MEASURE_WITH_UNIT (LENGTH_MEASURE( 1.000000000000000100E-005 ), #402, 'distance_accuracy_value', 'NONE');
#4306 = FILL_AREA_STYLE_COLOUR ( '', #358 ) ;
#4307 = VERTEX_POINT ( 'NONE', #4384 ) ;
#4308 = VECTOR ( 'NONE', #1104, 1000.000000000000000 ) ;
#4309 = CLOSED_SHELL ( 'NONE', ( #2703, #1464, #3445, #2382, #1354, #1305 ) ) ;
#4310 = MECHANICAL_DESIGN_GEOMETRIC_PRESENTATION_REPRESENTATION (  '', ( #2659 ), #4171 ) ;
#4311 = PLANE ( 'NONE',  #4153 ) ;
#4312 = CARTESIAN_POINT ( 'NONE',  ( 0.3500000000000022500, 0.1269999999999999500, 0.6999999999999989600 ) ) ;
#4313 = ORIENTED_EDGE ( 'NONE', *, *, #1194, .T. ) ;
#4314 = DIRECTION ( 'NONE',  ( -1.000000000000000000, -0.0000000000000000000, 3.491481338843133400E-015 ) ) ;
#4315 = VECTOR ( 'NONE', #1404, 1000.000000000000000 ) ;
#4316 = VERTEX_POINT ( 'NONE', #4370 ) ;
#4317 = VERTEX_POINT ( 'NONE', #4035 ) ;
#4318 = DIRECTION ( 'NONE',  ( 0.0000000000000000000, -1.000000000000000000, 0.0000000000000000000 ) ) ;
#4319 =( LENGTH_UNIT ( ) NAMED_UNIT ( * ) SI_UNIT ( .MILLI., .METRE. ) );
#4320 = VECTOR ( 'NONE', #4393, 1000.000000000000000 ) ;
#4321 = CARTESIAN_POINT ( 'NONE',  ( 0.3499999999999967000, 0.0000000000000000000, -0.9000000000000011300 ) ) ;
#4322 = DIRECTION ( 'NONE',  ( -0.0000000000000000000, -1.000000000000000000, 0.0000000000000000000 ) ) ;
#4323 = ORIENTED_EDGE ( 'NONE', *, *, #1487, .F. ) ;
#4324 = VECTOR ( 'NONE', #2868, 1000.000000000000000 ) ;
#4325 = EDGE_CURVE ( 'NONE', #959, #3353, #146, .T. ) ;
#4326 = ORIENTED_EDGE ( 'NONE', *, *, #795, .T. ) ;
#4327 = CARTESIAN_POINT ( 'NONE',  ( -0.3499999999999963100, 0.1269999999999999500, 0.9500000000000011800 ) ) ;
#4328 = CARTESIAN_POINT ( 'NONE',  ( -0.3499999999999993100, 0.0000000000000000000, 0.1000000000000009400 ) ) ;
#4329 = DIRECTION ( 'NONE',  ( 0.0000000000000000000, -1.000000000000000000, -0.0000000000000000000 ) ) ;
#4330 = FACE_OUTER_BOUND ( 'NONE', #3885, .T. ) ;
#4331 = DIRECTION ( 'NONE',  ( -1.000000000000000000, 0.0000000000000000000, 3.491481338843133400E-015 ) ) ;
#4332 = EDGE_CURVE ( 'NONE', #4379, #1494, #1087, .T. ) ;
#4333 = AXIS2_PLACEMENT_3D ( 'NONE', #2907, #3878, #798 ) ;
#4334 = VECTOR ( 'NONE', #4176, 1000.000000000000000 ) ;
#4335 = DIRECTION ( 'NONE',  ( 0.0000000000000000000, 1.000000000000000000, 0.0000000000000000000 ) ) ;
#4336 = PLANE ( 'NONE',  #1905 ) ;
#4337 = ORIENTED_EDGE ( 'NONE', *, *, #4302, .T. ) ;
#4338 = ORIENTED_EDGE ( 'NONE', *, *, #2857, .F. ) ;
#4339 = SURFACE_STYLE_USAGE ( .BOTH. , #3632 ) ;
#4340 = ORIENTED_EDGE ( 'NONE', *, *, #3273, .F. ) ;
#4341 = CARTESIAN_POINT ( 'NONE',  ( -0.3499999999999993100, 0.1270000000000000000, 0.1000000000000009400 ) ) ;
#4342 = CARTESIAN_POINT ( 'NONE',  ( -0.3499999999999972000, 0.1270000000000000000, 0.7000000000000012900 ) ) ;
#4343 = FACE_OUTER_BOUND ( 'NONE', #1750, .T. ) ;
#4344 = ADVANCED_FACE ( 'NONE', ( #1406 ), #300, .F. ) ;
#4345 = EDGE_CURVE ( 'NONE', #1410, #2692, #2754, .T. ) ;
#4346 = DIRECTION ( 'NONE',  ( -0.0000000000000000000, -1.000000000000000000, 0.0000000000000000000 ) ) ;
#4347 = ORIENTED_EDGE ( 'NONE', *, *, #1797, .T. ) ;
#4348 = VERTEX_POINT ( 'NONE', #360 ) ;
#4349 = VECTOR ( 'NONE', #4118, 1000.000000000000000 ) ;
#4350 = VERTEX_POINT ( 'NONE', #3678 ) ;
#4351 = EDGE_CURVE ( 'NONE', #514, #649, #929, .T. ) ;
#4352 = LINE ( 'NONE', #4284, #793 ) ;
#4353 = CARTESIAN_POINT ( 'NONE',  ( -0.8499999999999985300, 0.6655164807134507100, 0.3000000000000026500 ) ) ;
#4354 = DIRECTION ( 'NONE',  ( 1.000000000000000000, 0.0000000000000000000, -2.624119600854729800E-015 ) ) ;
#4355 = DIRECTION ( 'NONE',  ( 0.0000000000000000000, -1.000000000000000000, 0.0000000000000000000 ) ) ;
#4356 = LINE ( 'NONE', #4327, #2338 ) ;
#4357 = ORIENTED_EDGE ( 'NONE', *, *, #4245, .T. ) ;
#4358 = DIRECTION ( 'NONE',  ( 1.000000000000000000, 0.0000000000000000000, -3.491481338843133400E-015 ) ) ;
#4359 = PLANE ( 'NONE',  #4164 ) ;
#4360 = ORIENTED_EDGE ( 'NONE', *, *, #3242, .F. ) ;
#4361 = ADVANCED_BREP_SHAPE_REPRESENTATION ( 'SOT1174-1', ( #4175, #2738, #3698, #2456, #3754, #474, #1469, #1703, #3380, #1390, #2263, #3075, #548, #4093, #867, #163 ), #2964 ) ;
#4362 = EDGE_CURVE ( 'NONE', #3532, #1873, #3533, .T. ) ;
#4363 = AXIS2_PLACEMENT_3D ( 'NONE', #2199, #523, #2658 ) ;
#4364 = VERTEX_POINT ( 'NONE', #3375 ) ;
#4365 = CARTESIAN_POINT ( 'NONE',  ( 0.0000000000000000000, 0.1270000000000000000, 0.0000000000000000000 ) ) ;
#4366 = ORIENTED_EDGE ( 'NONE', *, *, #1134, .F. ) ;
#4367 = ADVANCED_FACE ( 'NONE', ( #620 ), #2776, .T. ) ;
#4368 =( LENGTH_UNIT ( ) NAMED_UNIT ( * ) SI_UNIT ( .MILLI., .METRE. ) );
#4369 = VERTEX_POINT ( 'NONE', #2453 ) ;
#4370 = CARTESIAN_POINT ( 'NONE',  ( -0.3499999999999972000, 0.1269999999999999500, 0.7000000000000012900 ) ) ;
#4371 = ORIENTED_EDGE ( 'NONE', *, *, #4272, .T. ) ;
#4372 = EDGE_LOOP ( 'NONE', ( #3487, #1367, #3254, #1123 ) ) ;
#4373 = VECTOR ( 'NONE', #1309, 1000.000000000000000 ) ;
#4374 = EDGE_CURVE ( 'NONE', #1743, #2550, #3956, .T. ) ;
#4375 = DIRECTION ( 'NONE',  ( 0.0000000000000000000, -1.000000000000000000, -0.0000000000000000000 ) ) ;
#4376 = PLANE ( 'NONE',  #3317 ) ;
#4377 = EDGE_CURVE ( 'NONE', #2780, #2473, #294, .T. ) ;
#4378 = VECTOR ( 'NONE', #579, 1000.000000000000000 ) ;
#4379 = VERTEX_POINT ( 'NONE', #434 ) ;
#4380 = DIRECTION ( 'NONE',  ( 1.000000000000000000, 0.0000000000000000000, -3.491481338843133400E-015 ) ) ;
#4381 = DIRECTION ( 'NONE',  ( -3.491481338843133400E-015, 0.0000000000000000000, -1.000000000000000000 ) ) ;
#4382 = LINE ( 'NONE', #125, #1292 ) ;
#4383 = AXIS2_PLACEMENT_3D ( 'NONE', #2097, #35, #2387 ) ;
#4384 = CARTESIAN_POINT ( 'NONE',  ( 0.8500000000000004200, 0.1270000000000000000, 0.09999999999999675800 ) ) ;
#4385 = DIRECTION ( 'NONE',  ( 2.624119600854729800E-015, -0.0000000000000000000, 1.000000000000000000 ) ) ;
#4386 = CARTESIAN_POINT ( 'NONE',  ( -0.3500000000000020300, 0.0000000000000000000, -0.6999999999999991800 ) ) ;
#4387 = VECTOR ( 'NONE', #831, 1000.000000000000000 ) ;
#4388 = ADVANCED_FACE ( 'NONE', ( #1247 ), #2810, .T. ) ;
#4389 = AXIS2_PLACEMENT_3D ( 'NONE', #472, #2875, #2860 ) ;
#4390 = CLOSED_SHELL ( 'NONE', ( #3732, #333, #3512, #356 ) ) ;
#4391 = LINE ( 'NONE', #1969, #562 ) ;
#4392 = CARTESIAN_POINT ( 'NONE',  ( 0.3499999999999961500, 0.1269999999999999500, -1.000000000000001300 ) ) ;
#4393 = DIRECTION ( 'NONE',  ( 3.708321773340234200E-015, 0.0000000000000000000, 1.000000000000000000 ) ) ;
#4394 = LINE ( 'NONE', #471, #465 ) ;
#4395 = ORIENTED_EDGE ( 'NONE', *, *, #394, .T. ) ;
#4396 = DIRECTION ( 'NONE',  ( 3.491481338843133400E-015, 0.0000000000000000000, 1.000000000000000000 ) ) ;
#4397 = PRODUCT_RELATED_PRODUCT_CATEGORY ( 'part', '', ( #1989 ) ) ;
#4398 = VERTEX_POINT ( 'NONE', #1721 ) ;
#4399 = DIRECTION ( 'NONE',  ( 0.0000000000000000000, 1.000000000000000000, 0.0000000000000000000 ) ) ;
#4400 = ORIENTED_EDGE ( 'NONE', *, *, #4144, .F. ) ;
#4401 = DIRECTION ( 'NONE',  ( -1.000000000000000000, 0.0000000000000000000, 3.491481338843133400E-015 ) ) ;
#4402 = DIRECTION ( 'NONE',  ( -3.491481338843133400E-015, 0.0000000000000000000, -1.000000000000000000 ) ) ;
#4403 = VERTEX_POINT ( 'NONE', #3814 ) ;
#4404 = DIRECTION ( 'NONE',  ( 1.000000000000000000, 0.0000000000000000000, -2.624119600854729800E-015 ) ) ;
#4405 = CARTESIAN_POINT ( 'NONE',  ( -0.8499999999999993100, 0.0000000000000000000, 0.1000000000000026800 ) ) ;
#4406 = PLANE ( 'NONE',  #464 ) ;
#4407 = EDGE_CURVE ( 'NONE', #230, #1946, #1357, .T. ) ;
#4408 = DIRECTION ( 'NONE',  ( -1.000000000000000000, 0.0000000000000000000, 3.491481338843133400E-015 ) ) ;
ENDSEC;
END-ISO-10303-21;
